      0 CC 32000000
     87 CC 32000000
    182 TC 1 defaultTask
  18137 TC 2 Task_2
  32840 TC 3 Task_3
  47535 TC 4 Task_4
  62327 TC 5 IDLE
  75948 TC 6 Tmr Svc
  93916 TC 7 Task_7
 101131 TI 2
 767609 TO 2
 768053 TI 3
2083030 TO 3
2100100 TI 4
3317385 TO 4
3317627 TI 2
3969004 TO 2
3986280 TI 4
5583782 TO 4
5584024 TI 3
6517385 TO 3
6534253 TI 2
7185780 TO 2
7186230 TI 3
7554550 TO 3
7571626 TI 4
8022400 TO 4
8023044 TI 1
8023823 TO 1
8040691 TI 5
8041359 TO 5
8041607 TI 1
8042646 TO 1
8059514 TI 5
8060547 TO 5
8060941 TI 7
8062273 TO 7
8079193 TI 6
8079863 TO 6
8080105 TI 1
8080904 TO 1
8097980 TI 6
8102024 TO 6
8102266 TI 1
8103066 TO 1
8120142 TI 6
8134024 TO 6
8134266 TI 1
8135066 TO 1
8152142 TI 6
8166024 TO 6
8166266 TI 1
8167066 TO 1
8184142 TI 6
8198024 TO 6
8198266 TI 1
8199066 TO 1
8216142 TI 6
8230024 TO 6
8230266 TI 1
8231066 TO 1
8248142 TI 6
8262024 TO 6
8262266 TI 1
8263066 TO 1
8280142 TI 6
8294024 TO 6
8294266 TI 1
8295066 TO 1
8312142 TI 6
8326024 TO 6
8326266 TI 1
8327066 TO 1
8344142 TI 6
8358024 TO 6
8358266 TI 1
8359066 TO 1
8376142 TI 6
8390024 TO 6
8390266 TI 1
8391066 TO 1
8408142 TI 6
8422024 TO 6
8422266 TI 1
8423066 TO 1
8440142 TI 6
8454024 TO 6
8454266 TI 1
8455066 TO 1
8472142 TI 6
8486024 TO 6
8486266 TI 1
8487066 TO 1
8504142 TI 6
8518024 TO 6
8518266 TI 1
8519066 TO 1
8536142 TI 6
8550024 TO 6
8550266 TI 1
8551066 TO 1
8568142 TI 6
8582024 TO 6
8582266 TI 1
8583066 TO 1
8600142 TI 6
8614024 TO 6
8614266 TI 1
8615066 TO 1
8632142 TI 6
8646024 TO 6
8646266 TI 1
8647066 TO 1
8664142 TI 6
8678024 TO 6
8678266 TI 1
8679066 TO 1
8696142 TI 6
8710024 TO 6
8710266 TI 1
8711066 TO 1
8728142 TI 6
8742024 TO 6
8742266 TI 1
8743066 TO 1
8760142 TI 6
8774024 TO 6
8774266 TI 1
8775066 TO 1
8792142 TI 6
8806024 TO 6
8806266 TI 1
8807066 TO 1
8824142 TI 6
8838024 TO 6
8838266 TI 1
8839066 TO 1
8856142 TI 6
8870024 TO 6
8870266 TI 1
8871066 TO 1
8888142 TI 6
8902024 TO 6
8902266 TI 1
8903066 TO 1
8920142 TI 6
8934024 TO 6
8934266 TI 1
8935066 TO 1
8952142 TI 6
8966024 TO 6
8966266 TI 1
8967066 TO 1
8984142 TI 6
8998024 TO 6
8998266 TI 1
8999066 TO 1
9016142 TI 6
9030024 TO 6
9030266 TI 1
9031066 TO 1
9048142 TI 6
9062024 TO 6
9062266 TI 1
9063066 TO 1
9080142 TI 6
9094024 TO 6
9094266 TI 1
9095066 TO 1
9112142 TI 6
9126024 TO 6
9126266 TI 1
9127066 TO 1
9144142 TI 6
9158024 TO 6
9158266 TI 1
9159066 TO 1
9176142 TI 6
9190024 TO 6
9190266 TI 1
9191066 TO 1
9208142 TI 6
9222024 TO 6
9222266 TI 1
9223066 TO 1
9240142 TI 6
9254024 TO 6
9254266 TI 1
9255066 TO 1
9272142 TI 6
9286024 TO 6
9286266 TI 1
9287066 TO 1
9304142 TI 6
9318024 TO 6
9318266 TI 1
9319066 TO 1
9336142 TI 6
9350024 TO 6
9350266 TI 1
9351066 TO 1
9368142 TI 6
9382024 TO 6
9382266 TI 1
9383066 TO 1
9400142 TI 6
9414024 TO 6
9414266 TI 1
9415066 TO 1
9432142 TI 6
9446024 TO 6
9446266 TI 1
9447066 TO 1
9464142 TI 6
9478024 TO 6
9478266 TI 1
9479066 TO 1
9496142 TI 6
9510024 TO 6
9510266 TI 1
9511066 TO 1
9528142 TI 6
9542024 TO 6
9542266 TI 1
9543066 TO 1
9560142 TI 6
9574024 TO 6
9574266 TI 1
9575066 TO 1
9592142 TI 6
9606024 TO 6
9606266 TI 1
9607066 TO 1
9624142 TI 6
9638024 TO 6
9638266 TI 1
9639066 TO 1
9656142 TI 6
9670024 TO 6
9670266 TI 1
9671066 TO 1
9688142 TI 6
9702024 TO 6
9702266 TI 1
9703066 TO 1
9720142 TI 6
9721430 TO 6
9721672 TI 2
10373289 TO 2
10390959 TI 1
10392257 TO 1
10392499 TI 3
11693295 TO 3
11710771 TI 1
11711811 TO 1
11712261 TI 6
11718024 TO 6
11734892 TI 1
11735692 TO 1
11736142 TI 6
11750024 TO 6
11766892 TI 1
11767692 TO 1
11768142 TI 6
11782024 TO 6
11798892 TI 1
11799692 TO 1
11800142 TI 6
11814024 TO 6
11830892 TI 1
11831692 TO 1
11832142 TI 6
11846024 TO 6
11862892 TI 1
11863692 TO 1
11864142 TI 6
11878024 TO 6
11894892 TI 1
11895692 TO 1
11896142 TI 6
11910024 TO 6
11926892 TI 1
11927692 TO 1
11928142 TI 6
11942024 TO 6
11958892 TI 1
11959692 TO 1
11960142 TI 6
11974024 TO 6
11990892 TI 1
11991692 TO 1
11992142 TI 6
12006024 TO 6
12022892 TI 1
12023692 TO 1
12024142 TI 6
12038024 TO 6
12054892 TI 1
12055692 TO 1
12056142 TI 6
12070024 TO 6
12086892 TI 1
12087692 TO 1
12088142 TI 6
12102024 TO 6
12118892 TI 1
12119692 TO 1
12120142 TI 6
12134024 TO 6
12150892 TI 1
12151692 TO 1
12152142 TI 6
12166024 TO 6
12182892 TI 1
12183692 TO 1
12184142 TI 6
12198024 TO 6
12214892 TI 1
12215692 TO 1
12216142 TI 6
12230024 TO 6
12246892 TI 1
12247692 TO 1
12248142 TI 6
12262024 TO 6
12278892 TI 1
12279692 TO 1
12280142 TI 6
12294024 TO 6
12310892 TI 1
12311692 TO 1
12312142 TI 6
12326024 TO 6
12342892 TI 1
12343692 TO 1
12344142 TI 6
12358024 TO 6
12374892 TI 1
12375692 TO 1
12376142 TI 6
12390024 TO 6
12406892 TI 1
12407692 TO 1
12408142 TI 6
12422024 TO 6
12438892 TI 1
12439692 TO 1
12440142 TI 6
12454024 TO 6
12470892 TI 1
12471692 TO 1
12472142 TI 6
12486024 TO 6
12502892 TI 1
12503692 TO 1
12504142 TI 6
12518024 TO 6
12534892 TI 1
12535692 TO 1
12536142 TI 6
12550024 TO 6
12566892 TI 1
12567692 TO 1
12568142 TI 6
12582024 TO 6
12598892 TI 1
12599692 TO 1
12600142 TI 6
12614024 TO 6
12630892 TI 1
12631692 TO 1
12632142 TI 6
12646024 TO 6
12662892 TI 1
12663692 TO 1
12664142 TI 6
12678024 TO 6
12694892 TI 1
12695692 TO 1
12696142 TI 6
12710024 TO 6
12726892 TI 1
12727692 TO 1
12728142 TI 6
12742024 TO 6
12758892 TI 1
12759692 TO 1
12760142 TI 6
12774024 TO 6
12790892 TI 1
12791692 TO 1
12792142 TI 6
12806024 TO 6
12822892 TI 1
12823692 TO 1
12824142 TI 6
12838024 TO 6
12854892 TI 1
12855692 TO 1
12856142 TI 6
12870024 TO 6
12886892 TI 1
12887692 TO 1
12888142 TI 6
12902024 TO 6
12918892 TI 1
12920180 TO 1
12920422 TI 2
13572792 TO 2
13590062 TI 4
15183782 TO 4
15184024 TI 3
16117391 TO 3
16134259 TI 2
16785800 TO 2
16786250 TI 3
17154583 TO 3
17171659 TI 4
18827738 TO 4
18828388 TI 1
18829188 TO 1
18846264 TI 6
18854024 TO 6
18854266 TI 1
18855066 TO 1
18872142 TI 6
18886024 TO 6
18886266 TI 1
18887066 TO 1
18904142 TI 6
18918024 TO 6
18918266 TI 1
18919066 TO 1
18936142 TI 6
18950024 TO 6
18950266 TI 1
18951066 TO 1
18968142 TI 6
18982024 TO 6
18982266 TI 1
18983066 TO 1
19000142 TI 6
19014024 TO 6
19014266 TI 1
19015066 TO 1
19032142 TI 6
19046024 TO 6
19046266 TI 1
19047066 TO 1
19064142 TI 6
19078024 TO 6
19078266 TI 1
19079066 TO 1
19096142 TI 6
19110024 TO 6
19110266 TI 1
19111066 TO 1
19128142 TI 6
19142024 TO 6
19142266 TI 1
19143066 TO 1
19160142 TI 6
19174024 TO 6
19174266 TI 1
19175066 TO 1
19192142 TI 6
19206024 TO 6
19206266 TI 1
19207066 TO 1
19224142 TI 6
19238024 TO 6
19238266 TI 1
19239066 TO 1
19256142 TI 6
19270024 TO 6
19270266 TI 1
19271066 TO 1
19288142 TI 6
19302024 TO 6
19302266 TI 1
19303066 TO 1
19320142 TI 6
19321436 TO 6
19321678 TI 2
19973295 TO 2
19990965 TI 1
19992263 TO 1
19992505 TI 3
21293301 TO 3
21310777 TI 1
21311817 TO 1
21312267 TI 6
21318024 TO 6
21334892 TI 1
21335692 TO 1
21336142 TI 6
21350024 TO 6
21366892 TI 1
21367692 TO 1
21368142 TI 6
21382024 TO 6
21398892 TI 1
21399692 TO 1
21400142 TI 6
21414024 TO 6
21430892 TI 1
21431692 TO 1
21432142 TI 6
21446024 TO 6
21462892 TI 1
21463692 TO 1
21464142 TI 6
21478024 TO 6
21494892 TI 1
21495692 TO 1
21496142 TI 6
21510024 TO 6
21526892 TI 1
21527692 TO 1
21528142 TI 6
21542024 TO 6
21558892 TI 1
21559692 TO 1
21560142 TI 6
21574024 TO 6
21590892 TI 1
21591692 TO 1
21592142 TI 6
21606024 TO 6
21622892 TI 1
21623692 TO 1
21624142 TI 6
21638024 TO 6
21654892 TI 1
21655692 TO 1
21656142 TI 6
21670024 TO 6
21686892 TI 1
21687692 TO 1
21688142 TI 6
21702024 TO 6
21718892 TI 1
21719692 TO 1
21720142 TI 6
21734024 TO 6
21750892 TI 1
21751692 TO 1
21752142 TI 6
21766024 TO 6
21782892 TI 1
21783692 TO 1
21784142 TI 6
21798024 TO 6
21814892 TI 1
21815692 TO 1
21816142 TI 6
21830024 TO 6
21846892 TI 1
21847692 TO 1
21848142 TI 6
21862024 TO 6
21878892 TI 1
21879692 TO 1
21880142 TI 6
21894024 TO 6
21910892 TI 1
21911692 TO 1
21912142 TI 6
21926024 TO 6
21942892 TI 1
21943692 TO 1
21944142 TI 6
21958024 TO 6
21974892 TI 1
21975692 TO 1
21976142 TI 6
21990024 TO 6
22006892 TI 1
22007692 TO 1
22008142 TI 6
22022024 TO 6
22038892 TI 1
22039692 TO 1
22040142 TI 6
22054024 TO 6
22070892 TI 1
22071692 TO 1
22072142 TI 6
22086024 TO 6
22102892 TI 1
22103692 TO 1
22104142 TI 6
22118024 TO 6
22134892 TI 1
22135692 TO 1
22136142 TI 6
22150024 TO 6
22166892 TI 1
22167692 TO 1
22168142 TI 6
22182024 TO 6
22198892 TI 1
22199692 TO 1
22200142 TI 6
22214024 TO 6
22230892 TI 1
22231692 TO 1
22232142 TI 6
22246024 TO 6
22262892 TI 1
22263692 TO 1
22264142 TI 6
22278024 TO 6
22294892 TI 1
22295692 TO 1
22296142 TI 6
22310024 TO 6
22326892 TI 1
22327692 TO 1
22328142 TI 6
22342024 TO 6
22358892 TI 1
22359692 TO 1
22360142 TI 6
22374024 TO 6
22390892 TI 1
22391692 TO 1
22392142 TI 6
22406024 TO 6
22422892 TI 1
22423692 TO 1
22424142 TI 6
22438024 TO 6
22454892 TI 1
22455692 TO 1
22456142 TI 6
22470024 TO 6
22486892 TI 1
22487692 TO 1
22488142 TI 6
22502024 TO 6
22518892 TI 1
22520186 TO 1
22520428 TI 2
23171820 TO 2
23189496 TI 1
23190486 TO 1
23190936 TI 6
23206024 TO 6
23222892 TI 1
23223692 TO 1
23224142 TI 6
23238024 TO 6
23254892 TI 1
23255692 TO 1
23256142 TI 6
23270024 TO 6
23286892 TI 1
23287692 TO 1
23288142 TI 6
23302024 TO 6
23318892 TI 1
23319692 TO 1
23320142 TI 6
23334024 TO 6
23350892 TI 1
23351692 TO 1
23352142 TI 6
23366024 TO 6
23382892 TI 1
23383692 TO 1
23384142 TI 6
23398024 TO 6
23414892 TI 1
23415692 TO 1
23416142 TI 6
23430024 TO 6
23446892 TI 1
23447692 TO 1
23448142 TI 6
23462024 TO 6
23478892 TI 1
23479692 TO 1
23480142 TI 6
23494024 TO 6
23510892 TI 1
23511692 TO 1
23512142 TI 6
23526024 TO 6
23542892 TI 1
23543692 TO 1
23544142 TI 6
23558024 TO 6
23574892 TI 1
23575692 TO 1
23576142 TI 6
23590024 TO 6
23606892 TI 1
23607692 TO 1
23608142 TI 6
23622024 TO 6
23638892 TI 1
23639692 TO 1
23640142 TI 6
23654024 TO 6
23670892 TI 1
23671692 TO 1
23672142 TI 6
23686024 TO 6
23702892 TI 1
23703692 TO 1
23704142 TI 6
23718024 TO 6
23734892 TI 1
23735692 TO 1
23736142 TI 6
23750024 TO 6
23766892 TI 1
23767692 TO 1
23768142 TI 6
23782024 TO 6
23798892 TI 1
23799692 TO 1
23800142 TI 6
23814024 TO 6
23830892 TI 1
23831692 TO 1
23832142 TI 6
23846024 TO 6
23862892 TI 1
23863692 TO 1
23864142 TI 6
23878024 TO 6
23894892 TI 1
23895692 TO 1
23896142 TI 6
23910024 TO 6
23926892 TI 1
23927692 TO 1
23928142 TI 6
23942024 TO 6
23958892 TI 1
23959692 TO 1
23960142 TI 6
23974024 TO 6
23990892 TI 1
23991692 TO 1
23992142 TI 6
24006024 TO 6
24022892 TI 1
24023706 TO 1
24024156 TI 6
24038214 TO 6
     87 CC 32000000
    198 TI 48879
    283 TO 48879
24055082 TI 5
24069794 TO 5
24070036 TI 1
24070836 TO 1
24072050 TI 5
  10030 TO 5
  11348 TI 1
  13210 TO 1
  14521 TI 5
  42030 TO 5
  43348 TI 1
  45210 TO 1
  46521 TI 5
  52521 TO 5
  72842 TI 6
  93373 TO 6
 113485 TI 1
 114715 TO 1
 115165 TI 6
 138032 TO 6
 138273 TI 1
 139072 TO 1
 139522 TI 6
 170032 TO 6
 170273 TI 1
 171072 TO 1
 171522 TI 6
 202032 TO 6
 202273 TI 1
 203072 TO 1
 203522 TI 6
 234032 TO 6
 234273 TI 1
 235072 TO 1
 235522 TI 6
 266032 TO 6
 266273 TI 1
 267072 TO 1
 267522 TI 6
 298032 TO 6
 298273 TI 1
 299072 TO 1
 299522 TI 6
 330032 TO 6
 330273 TI 1
 331086 TO 1
 331536 TI 6
 362222 TO 6
 362463 TI 5
 363342 TO 5
 363584 TI 1
 381253 TO 1
 381702 TI 6
 394032 TO 6
 394274 TI 1
 411703 TO 1
 412152 TI 6
 423973 TO 6
 424215 TI 4
 691790 TO 4
 692031 TI 3
1625399 TO 3
1625641 TI 2
2293797 TO 2
2294246 TI 3
2662561 TO 3
2663011 TI 4
4825399 TO 4
4825640 TI 2
5477016 TO 2
5477666 TI 4
5495593 TO 4
5495834 TI 3
6796612 TO 3
6797062 TI 4
7668500 TO 4
7669143 TI 1
7669942 TO 1
7670184 TI 5
7687947 TO 5
7688396 TI 6
7690032 TO 6
7690274 TI 1
7707703 TO 1
7708152 TI 6
7722032 TO 6
7722274 TI 1
7739703 TO 1
7740152 TI 6
7754032 TO 6
7754274 TI 1
7771703 TO 1
7772152 TI 6
7786032 TO 6
7786274 TI 1
7803703 TO 1
7804152 TI 6
7818032 TO 6
7818274 TI 1
7835703 TO 1
7836152 TI 6
7850032 TO 6
7850274 TI 1
7867703 TO 1
7868152 TI 6
7882032 TO 6
7882274 TI 1
7899703 TO 1
7900152 TI 6
7914032 TO 6
7914274 TI 1
7931703 TO 1
7932152 TI 6
7946032 TO 6
7946274 TI 1
7963717 TO 1
7964166 TI 6
7978222 TO 6
7978464 TI 5
7995973 TO 5
7996214 TI 1
7997253 TO 1
7997703 TI 6
8015002 TO 6
8015243 TI 1
8016041 TO 1
8016491 TI 6
8034414 TO 6
8034655 TI 2
8686682 TO 2
8687726 TI 1
8705395 TO 1
8705636 TI 5
8706529 TO 5
8706979 TI 6
8724278 TO 6
8724519 TI 1
8725317 TO 1
8725767 TI 6
8746032 TO 6
8746273 TI 1
8747072 TO 1
8747522 TI 6
8778032 TO 6
8778273 TI 1
8779072 TO 1
8779522 TI 6
8810032 TO 6
8810273 TI 1
8811072 TO 1
8811522 TI 6
8842032 TO 6
8842273 TI 1
8843072 TO 1
8843522 TI 6
8874032 TO 6
8874273 TI 1
8875072 TO 1
8875522 TI 6
8906032 TO 6
8906273 TI 1
8907072 TO 1
8907522 TI 6
8938032 TO 6
8938273 TI 1
8939072 TO 1
8939522 TI 6
8970032 TO 6
8970273 TI 1
8971086 TO 1
8971536 TI 6
9002222 TO 6
9002463 TI 5
9003342 TO 5
9003584 TI 1
9021253 TO 1
9021702 TI 6
9034032 TO 6
9034274 TI 1
9051703 TO 1
9052152 TI 6
9066032 TO 6
9066274 TI 1
9083703 TO 1
9084152 TI 6
9098032 TO 6
9098274 TI 1
9115703 TO 1
9116152 TI 6
9130032 TO 6
9130274 TI 1
9147703 TO 1
9148152 TI 6
9162032 TO 6
9162274 TI 1
9179703 TO 1
9180152 TI 6
9194032 TO 6
9194274 TI 1
9211703 TO 1
9212152 TI 6
9226032 TO 6
9226274 TI 1
9243703 TO 1
9244152 TI 6
9258032 TO 6
9258274 TI 1
9275703 TO 1
9276152 TI 6
9290032 TO 6
9290274 TI 1
9307717 TO 1
9308166 TI 6
9322222 TO 6
9322464 TI 5
9339973 TO 5
9340214 TI 1
9341253 TO 1
9341703 TI 6
9359002 TO 6
9359243 TI 1
9360041 TO 1
9360491 TI 6
9386032 TO 6
9386273 TI 1
9387072 TO 1
9387522 TI 6
9418032 TO 6
9418273 TI 1
9419072 TO 1
9419522 TI 6
9450032 TO 6
9450273 TI 1
9451072 TO 1
9451522 TI 6
9482032 TO 6
9482273 TI 1
9483072 TO 1
9483522 TI 6
9514032 TO 6
9514273 TI 1
9515072 TO 1
9515522 TI 6
9546032 TO 6
9546273 TI 1
9547072 TO 1
9547522 TI 6
9578032 TO 6
9578273 TI 1
9579072 TO 1
9579522 TI 6
9610032 TO 6
9610273 TI 1
9611086 TO 1
9611536 TI 6
9642222 TO 6
9642463 TI 5
9643342 TO 5
9643584 TI 1
9661253 TO 1
9661702 TI 6
9674032 TO 6
9674274 TI 1
9691703 TO 1
9692152 TI 6
9706032 TO 6
9706274 TI 1
9723703 TO 1
9724152 TI 6
9738032 TO 6
9738274 TI 1
9756152 TI 6
9770032 TO 6
9770274 TI 1
  32840 TC 3 Task_3
9788150 TI 6
9802032 TO 6
9802274 TI 1
  93916 TC 7 Task_7
9820152 TI 6
9834032 TO 6
9834274 TI 1
2083030 TO 3
9852152 TI 6
9866032 TO 6
9866274 TI 1
3969004 TO 2
9884152 TI 6
9898032 TO 6
9898274 TI 1
6517385 TO 3
9916152 TI 6
9930032 TO 6
9930274 TI 1
7554550 TO 3
9948166 TI 6
9962222 TO 6
9962464 TI 5
8023823 TO 1
9980214 TI 1
9981253 TO 1
9981703 TI 6
8042646 TO 1
9999243 TI 1
10000041 TO 1
10000491 TI 6
8062273 TO 7
10026273 TI 1
10027072 TO 1
10027522 TI 6
8080904 TO 1
10058273 TI 1
10059072 TO 1
10059522 TI 6
8103066 TO 1
10090273 TI 1
10091072 TO 1
10091522 TI 6
8135066 TO 1
10122273 TI 1
10123072 TO 1
10123522 TI 6
8167066 TO 1
10154273 TI 1
10155072 TO 1
10155522 TI 6
8199066 TO 1
10186273 TI 1
10187072 TO 1
10187522 TI 6
8231066 TO 1
10218273 TI 1
10219072 TO 1
10219522 TI 6
8263066 TO 1
10250273 TI 1
10251086 TO 1
10251536 TI 6
8295066 TO 1
10282463 TI 5
10283342 TO 5
10283584 TI 1
8327066 TO 1
10301752 TI 3
11225399 TO 3
11225641 TI 2
8359066 TO 1
11895238 TI 3
12273686 TO 3
12274130 TI 4
8391066 TO 1
14425640 TI 2
15077016 TO 2
15077666 TI 4
8423066 TO 1
15095834 TI 3
16396612 TO 3
16397062 TI 4
8455066 TO 1
17529076 TI 5
17529955 TO 5
17530197 TI 1
8487066 TO 1
17548505 TI 6
17578032 TO 6
17578274 TI 1
8519066 TO 1
17596152 TI 6
17610032 TO 6
17610274 TI 1
8551066 TO 1
17628438 TI 2
18280039 TO 2
18281089 TI 5
8583066 TO 1
18298398 TI 1
18299196 TO 1
18299444 TI 5
8615066 TO 1
18316988 TI 1
18318026 TO 1
18318268 TI 5
8647066 TO 1
18336480 TI 6
18346032 TO 6
18346274 TI 1
8679066 TO 1
18364152 TI 6
18378032 TO 6
18378274 TI 1
8711066 TO 1
18396152 TI 6
18410032 TO 6
18410274 TI 1
8743066 TO 1
18428152 TI 6
18442032 TO 6
18442274 TI 1
8775066 TO 1
18460152 TI 6
18474032 TO 6
18474274 TI 1
8807066 TO 1
18492152 TI 6
18506032 TO 6
18506274 TI 1
8839066 TO 1
18524152 TI 6
18538032 TO 6
18538274 TI 1
8871066 TO 1
18556152 TI 6
18570032 TO 6
18570274 TI 1
8903066 TO 1
18588152 TI 6
18602032 TO 6
18602274 TI 1
8935066 TO 1
18620166 TI 6
18634222 TO 6
18634464 TI 5
8967066 TO 1
18652214 TI 1
18653253 TO 1
18653703 TI 6
8999066 TO 1
18671243 TI 1
18672041 TO 1
18672491 TI 6
9031066 TO 1
18698273 TI 1
18699072 TO 1
18699522 TI 6
9063066 TO 1
18730273 TI 1
18731072 TO 1
18731522 TI 6
9095066 TO 1
18762273 TI 1
18763072 TO 1
18763522 TI 6
9127066 TO 1
18794273 TI 1
18795072 TO 1
18795522 TI 6
9159066 TO 1
18826273 TI 1
18827072 TO 1
18827522 TI 6
9191066 TO 1
18858273 TI 1
18859072 TO 1
18859522 TI 6
9223066 TO 1
18890273 TI 1
18891072 TO 1
18891522 TI 6
9255066 TO 1
18922273 TI 1
18923086 TO 1
18923536 TI 6
9287066 TO 1
18954463 TI 5
18955342 TO 5
18955584 TI 1
9319066 TO 1
18973702 TI 6
18986032 TO 6
18986274 TI 1
9351066 TO 1
19004152 TI 6
19018032 TO 6
19018274 TI 1
9383066 TO 1
19036152 TI 6
19050032 TO 6
19050274 TI 1
9415066 TO 1
19068152 TI 6
19082032 TO 6
19082274 TI 1
9447066 TO 1
19100152 TI 6
19114032 TO 6
19114274 TI 1
9479066 TO 1
19132152 TI 6
19146032 TO 6
19146274 TI 1
9511066 TO 1
19164152 TI 6
19178032 TO 6
19178274 TI 1
9543066 TO 1
19196152 TI 6
19210032 TO 6
19210274 TI 1
9575066 TO 1
19228152 TI 6
19242032 TO 6
19242274 TI 1
9607066 TO 1
19260166 TI 6
19274222 TO 6
19274464 TI 5
9639066 TO 1
19292214 TI 1
19293253 TO 1
19293703 TI 6
9671066 TO 1
19311243 TI 1
19312041 TO 1
19312491 TI 6
9703066 TO 1
19338273 TI 1
19339072 TO 1
19339522 TI 6
10373289 TO 2
19370273 TI 1
19371072 TO 1
19371522 TI 6
11693295 TO 3
19402273 TI 1
19403072 TO 1
19403522 TI 6
11718024 TO 6
19434273 TI 1
19435072 TO 1
19435522 TI 6
11750024 TO 6
19466273 TI 1
19467072 TO 1
19467522 TI 6
11782024 TO 6
19498273 TI 1
19499072 TO 1
19499522 TI 6
11814024 TO 6
19530273 TI 1
19531072 TO 1
19531522 TI 6
11846024 TO 6
19562273 TI 1
19563086 TO 1
19563536 TI 6
11878024 TO 6
19594463 TI 5
19595342 TO 5
19595584 TI 1
11910024 TO 6
19613702 TI 6
19626032 TO 6
19626274 TI 1
11942024 TO 6
19644152 TI 6
19658032 TO 6
19658274 TI 1
11974024 TO 6
19676152 TI 6
19690032 TO 6
19690274 TI 1
12006024 TO 6
19708152 TI 6
19722032 TO 6
19722274 TI 1
12038024 TO 6
19740152 TI 6
19754032 TO 6
19754274 TI 1
12070024 TO 6
19772152 TI 6
19786032 TO 6
19786274 TI 1
12102024 TO 6
19804152 TI 6
19818032 TO 6
19818274 TI 1
12134024 TO 6
19836152 TI 6
19850032 TO 6
19850274 TI 1
12166024 TO 6
19868152 TI 6
19882032 TO 6
19882274 TI 1
12198024 TO 6
19900442 TI 3
20825399 TO 3
20825641 TI 2
12230024 TO 6
21494260 TI 3
21871412 TO 3
21872262 TI 5
12262024 TO 6
21890252 TI 1
21891048 TO 1
21891498 TI 6
12294024 TO 6
21909038 TI 1
21909836 TO 1
21910286 TI 6
12326024 TO 6
21930273 TI 1
21931072 TO 1
21931522 TI 6
12358024 TO 6
21962273 TI 1
21963072 TO 1
21963522 TI 6
12390024 TO 6
21994273 TI 1
21995072 TO 1
21995522 TI 6
12422024 TO 6
22026273 TI 1
22027072 TO 1
22027522 TI 6
12454024 TO 6
22058273 TI 1
22059072 TO 1
22059522 TI 6
12486024 TO 6
22090273 TI 1
22091072 TO 1
22091522 TI 6
12518024 TO 6
22122273 TI 1
22123072 TO 1
22123522 TI 6
12550024 TO 6
22154273 TI 1
22155086 TO 1
22155536 TI 6
12582024 TO 6
22186463 TI 5
22187342 TO 5
22187584 TI 1
12614024 TO 6
22205702 TI 6
22218032 TO 6
22218274 TI 1
12646024 TO 6
22236152 TI 6
22250032 TO 6
22250274 TI 1
12678024 TO 6
22268152 TI 6
22282032 TO 6
22282274 TI 1
12710024 TO 6
22300152 TI 6
22314032 TO 6
22314274 TI 1
12742024 TO 6
22332152 TI 6
22346032 TO 6
22346274 TI 1
12774024 TO 6
22364152 TI 6
22378032 TO 6
22378274 TI 1
12806024 TO 6
22396152 TI 6
22410032 TO 6
22410274 TI 1
12838024 TO 6
22428152 TI 6
22442032 TO 6
22442274 TI 1
12870024 TO 6
22460152 TI 6
22474032 TO 6
22474274 TI 1
12902024 TO 6
22492166 TI 6
22506222 TO 6
22506464 TI 5
13572792 TO 2
22524214 TI 1
22525253 TO 1
22525703 TI 6
16117391 TO 3
22543243 TI 1
22544041 TO 1
22544491 TI 6
17154583 TO 3
22570273 TI 1
22571072 TO 1
22571522 TI 6
18829188 TO 1
22602273 TI 1
22603072 TO 1
22603522 TI 6
18855066 TO 1
22634273 TI 1
22635072 TO 1
22635522 TI 6
18887066 TO 1
22666273 TI 1
22667072 TO 1
22667522 TI 6
18919066 TO 1
22698273 TI 1
22699072 TO 1
22699522 TI 6
18951066 TO 1
22730273 TI 1
22731072 TO 1
22731522 TI 6
18983066 TO 1
22762273 TI 1
22763072 TO 1
22763522 TI 6
19015066 TO 1
22794273 TI 1
22795086 TO 1
22795536 TI 6
19047066 TO 1
22824214 TI 4
24025405 TO 4
24025647 TI 2
19079066 TO 1
24695265 TI 3
25995856 TO 3
25996306 TI 4
19111066 TO 1
27225640 TI 2
27877020 TO 2
27877670 TI 4
19143066 TO 1
28732318 TI 5
28733437 TO 5
28733679 TI 1
19175066 TO 1
28751747 TI 6
28778032 TO 6
28778274 TI 1
19207066 TO 1
28796152 TI 6
28810032 TO 6
28810274 TI 1
19239066 TO 1
28828152 TI 6
28842032 TO 6
28842274 TI 1
19271066 TO 1
28860152 TI 6
28874032 TO 6
28874274 TI 1
19303066 TO 1
28892152 TI 6
28906032 TO 6
28906274 TI 1
19973295 TO 2
28924152 TI 6
28938032 TO 6
28938274 TI 1
21293301 TO 3
28956152 TI 6
28970032 TO 6
28970274 TI 1
21318024 TO 6
28988152 TI 6
29002032 TO 6
29002274 TI 1
21350024 TO 6
29020166 TI 6
29034222 TO 6
29034464 TI 5
21382024 TO 6
29052214 TI 1
29053253 TO 1
29053703 TI 6
21414024 TO 6
29071243 TI 1
29072041 TO 1
29072491 TI 6
21446024 TO 6
29098273 TI 1
29099072 TO 1
29099522 TI 6
21478024 TO 6
29130273 TI 1
29131072 TO 1
29131522 TI 6
21510024 TO 6
29162273 TI 1
29163072 TO 1
29163522 TI 6
21542024 TO 6
29194273 TI 1
29195072 TO 1
29195522 TI 6
21574024 TO 6
29226273 TI 1
29227072 TO 1
29227522 TI 6
21606024 TO 6
29258273 TI 1
29259072 TO 1
29259522 TI 6
21638024 TO 6
29290273 TI 1
29291072 TO 1
29291522 TI 6
21670024 TO 6
29322273 TI 1
29323086 TO 1
29323536 TI 6
21702024 TO 6
29354463 TI 5
29355342 TO 5
29355584 TI 1
21734024 TO 6
29373702 TI 6
29386032 TO 6
29386274 TI 1
21766024 TO 6
29404152 TI 6
29418032 TO 6
29418274 TI 1
21798024 TO 6
29436152 TI 6
29450032 TO 6
29450274 TI 1
21830024 TO 6
29468152 TI 6
29482032 TO 6
29482274 TI 1
21862024 TO 6
29500442 TI 3
30425399 TO 3
30425641 TI 2
21894024 TO 6
31094260 TI 3
31471412 TO 3
31472262 TI 5
21926024 TO 6
31490252 TI 1
31491048 TO 1
31491498 TI 6
21958024 TO 6
31509038 TI 1
31509836 TO 1
31510286 TI 6
21990024 TO 6
31530273 TI 1
31531072 TO 1
31531522 TI 6
22022024 TO 6
31562273 TI 1
31563072 TO 1
31563522 TI 6
22054024 TO 6
31594273 TI 1
31595072 TO 1
31595522 TI 6
22086024 TO 6
31626273 TI 1
31627072 TO 1
31627522 TI 6
22118024 TO 6
31658273 TI 1
31659072 TO 1
31659522 TI 6
22150024 TO 6
31690273 TI 1
31691072 TO 1
31691522 TI 6
22182024 TO 6
31722273 TI 1
31723072 TO 1
31723522 TI 6
22214024 TO 6
31754273 TI 1
31755086 TO 1
31755536 TI 6
22246024 TO 6
31786463 TI 5
31787342 TO 5
31787584 TI 1
22278024 TO 6
31805702 TI 6
31818032 TO 6
31818274 TI 1
22310024 TO 6
31836152 TI 6
31850032 TO 6
31850274 TI 1
22342024 TO 6
31868152 TI 6
31882032 TO 6
31882274 TI 1
22374024 TO 6
31900152 TI 6
31914032 TO 6
31914274 TI 1
22406024 TO 6
31932152 TI 6
31946032 TO 6
31946274 TI 1
22438024 TO 6
31964152 TI 6
31978032 TO 6
31978274 TI 1
22470024 TO 6
31996152 TI 6
32010032 TO 6
32010274 TI 1
22502024 TO 6
32028152 TI 6
32042032 TO 6
32042274 TI 1
23171820 TO 2
32060152 TI 6
32074032 TO 6
32074274 TI 1
23206024 TO 6
32092166 TI 6
32106222 TO 6
32106464 TI 5
23238024 TO 6
32124214 TI 1
32125253 TO 1
32125703 TI 6
23270024 TO 6
32143243 TI 1
32144041 TO 1
32144491 TI 6
23302024 TO 6
32170273 TI 1
32171072 TO 1
32171522 TI 6
23334024 TO 6
32202273 TI 1
32203072 TO 1
32203522 TI 6
23366024 TO 6
32234273 TI 1
32235072 TO 1
32235522 TI 6
23398024 TO 6
32266273 TI 1
32267072 TO 1
32267522 TI 6
23430024 TO 6
32298273 TI 1
32299072 TO 1
32299522 TI 6
23462024 TO 6
32330273 TI 1
32331072 TO 1
32331522 TI 6
23494024 TO 6
32362273 TI 1
32363072 TO 1
32363522 TI 6
23526024 TO 6
32394273 TI 1
32395086 TO 1
32395536 TI 6
23558024 TO 6
32426463 TI 5
32427342 TO 5
32427584 TI 1
23590024 TO 6
32445702 TI 6
32458032 TO 6
32458274 TI 1
23622024 TO 6
32476152 TI 6
32490032 TO 6
32490274 TI 1
23654024 TO 6
32508152 TI 6
32522032 TO 6
32522274 TI 1
23686024 TO 6
32540152 TI 6
32554032 TO 6
32554274 TI 1
23718024 TO 6
32572152 TI 6
32586032 TO 6
32586274 TI 1
23750024 TO 6
32604152 TI 6
32618032 TO 6
32618274 TI 1
23782024 TO 6
32636152 TI 6
32650032 TO 6
32650274 TI 1
23814024 TO 6
32668152 TI 6
32682032 TO 6
32682274 TI 1
23846024 TO 6
32700152 TI 6
32714032 TO 6
32714274 TI 1
23878024 TO 6
32732166 TI 6
32746222 TO 6
32746464 TI 5
23910024 TO 6
32764214 TI 1
32765253 TO 1
32765703 TI 6
23942024 TO 6
32783243 TI 1
32784041 TO 1
32784491 TI 6
23974024 TO 6
32810273 TI 1
32811072 TO 1
32811522 TI 6
24006024 TO 6
32842273 TI 1
32843072 TO 1
32843522 TI 6
24038214 TO 6
32874273 TI 1
32875072 TO 1
32875522 TI 6
24070836 TO 1
32906273 TI 1
32907072 TO 1
32907522 TI 6
  13210 TO 1
32938273 TI 1
32939072 TO 1
32939522 TI 6
  45210 TO 1
32970273 TI 1
32971072 TO 1
32971522 TI 6
  93373 TO 6
33002273 TI 1
33003072 TO 1
33003522 TI 6
 138032 TO 6
33034273 TI 1
33035086 TO 1
33035536 TI 6
 170032 TO 6
33066463 TI 5
33067342 TO 5
33067584 TI 1
 202032 TO 6
33085702 TI 6
33098032 TO 6
33098274 TI 1
 234032 TO 6
33116152 TI 6
33130032 TO 6
33130274 TI 1
 266032 TO 6
33148152 TI 6
33162032 TO 6
33162274 TI 1
 298032 TO 6
33180152 TI 6
33194032 TO 6
33194274 TI 1
 330032 TO 6
33212152 TI 6
33226032 TO 6
33226274 TI 1
 362222 TO 6
33244152 TI 6
33258032 TO 6
33258274 TI 1
 381253 TO 1
33276152 TI 6
33290032 TO 6
33290274 TI 1
 411703 TO 1
33308152 TI 6
33322032 TO 6
33322274 TI 1
 691790 TO 4
33340152 TI 6
33354032 TO 6
33354274 TI 1
2293797 TO 2
33372166 TI 6
33386222 TO 6
33386464 TI 5
4825399 TO 4
33404214 TI 1
33405253 TO 1
33405703 TI 6
5495593 TO 4
33423243 TI 1
33424041 TO 1
33424491 TI 6
7668500 TO 4
33450273 TI 1
33451072 TO 1
33451522 TI 6
7687947 TO 5
33482273 TI 1
33483072 TO 1
33483522 TI 6
7707703 TO 1
33514273 TI 1
33515072 TO 1
33515522 TI 6
7739703 TO 1
33546273 TI 1
33547072 TO 1
33547522 TI 6
7771703 TO 1
33578273 TI 1
33579072 TO 1
33579522 TI 6
7803703 TO 1
33610273 TI 1
33611072 TO 1
33611522 TI 6
7835703 TO 1
33629686 TI 2
34282754 TO 2
34283398 TI 4
7867703 TO 1
34301566 TI 3
35602145 TO 3
35602595 TI 4
7899703 TO 1
36825640 TI 2
37477016 TO 2
37477666 TI 4
7931703 TO 1
39092031 TI 3
40025399 TO 3
40025641 TI 2
7963717 TO 1
40694246 TI 3
41062561 TO 3
41063011 TI 4
7995973 TO 5
41527678 TI 1
41528477 TO 1
41528719 TI 5
8015002 TO 6
41546506 TI 1
41547305 TO 1
41547547 TI 5
8034414 TO 6
41565759 TI 6
41578032 TO 6
41578274 TI 1
8705395 TO 1
41596152 TI 6
41610032 TO 6
41610274 TI 1
8724278 TO 6
41628152 TI 6
41642032 TO 6
41642274 TI 1
8746032 TO 6
41660152 TI 6
41674032 TO 6
41674274 TI 1
8778032 TO 6
41692152 TI 6
41706032 TO 6
41706274 TI 1
8810032 TO 6
41724152 TI 6
41738032 TO 6
41738274 TI 1
8842032 TO 6
41756152 TI 6
41770032 TO 6
41770274 TI 1
8874032 TO 6
41788152 TI 6
41802032 TO 6
41802274 TI 1
8906032 TO 6
41820152 TI 6
41834032 TO 6
41834274 TI 1
8938032 TO 6
41852166 TI 6
41866222 TO 6
41866464 TI 5
8970032 TO 6
41884214 TI 1
41885253 TO 1
41885703 TI 6
9002222 TO 6
41903243 TI 1
41904041 TO 1
41904491 TI 6
9021253 TO 1
41930273 TI 1
41931072 TO 1
41931522 TI 6
9051703 TO 1
41962273 TI 1
41963072 TO 1
41963522 TI 6
9083703 TO 1
41994273 TI 1
41995072 TO 1
41995522 TI 6
9115703 TO 1
42026273 TI 1
42027072 TO 1
42027522 TI 6
9147703 TO 1
42058273 TI 1
42059072 TO 1
42059522 TI 6
9179703 TO 1
42090273 TI 1
42091072 TO 1
42091522 TI 6
9211703 TO 1
42122273 TI 1
42123072 TO 1
42123522 TI 6
9243703 TO 1
42154273 TI 1
42155086 TO 1
42155536 TI 6
9275703 TO 1
42186463 TI 5
42187342 TO 5
42187584 TI 1
9307717 TO 1
42205702 TI 6
42218032 TO 6
42218274 TI 1
9339973 TO 5
42236152 TI 6
42250032 TO 6
42250274 TI 1
9359002 TO 6
42268152 TI 6
42282032 TO 6
42282274 TI 1
9386032 TO 6
42300152 TI 6
42314032 TO 6
42314274 TI 1
9418032 TO 6
42332152 TI 6
42346032 TO 6
42346274 TI 1
9450032 TO 6
42364152 TI 6
42378032 TO 6
42378274 TI 1
9482032 TO 6
42396152 TI 6
42410032 TO 6
42410274 TI 1
9514032 TO 6
42428152 TI 6
42442032 TO 6
42442274 TI 1
9546032 TO 6
42460152 TI 6
42474032 TO 6
42474274 TI 1
9578032 TO 6
42492166 TI 6
42506222 TO 6
42506464 TI 5
9610032 TO 6
42524214 TI 1
42525253 TO 1
42525703 TI 6
9642222 TO 6
42543243 TI 1
42544041 TO 1
42544491 TI 6
9661253 TO 1
42570273 TI 1
42571072 TO 1
42571522 TI 6
9691703 TO 1
42602273 TI 1
42603072 TO 1
42603522 TI 6
9723703 TO 1
42634273 TI 1
42635072 TO 1
42635522 TI 6
9755703 TO 1
42666273 TI 1
42667072 TO 1
42667522 TI 6
9787701 TO 1
42698273 TI 1
42699072 TO 1
42699522 TI 6
9819703 TO 1
42730273 TI 1
42731072 TO 1
42731522 TI 6
9851703 TO 1
42762273 TI 1
42763072 TO 1
42763522 TI 6
9883703 TO 1
42794273 TI 1
42795086 TO 1
42795536 TI 6
9915703 TO 1
42826463 TI 5
42827342 TO 5
42827584 TI 1
9947717 TO 1
42845702 TI 6
42858032 TO 6
42858274 TI 1
9979973 TO 5
42876152 TI 6
42890032 TO 6
42890274 TI 1
9999002 TO 6
42908152 TI 6
42922032 TO 6
42922274 TI 1
10026032 TO 6
42940152 TI 6
42954032 TO 6
42954274 TI 1
10058032 TO 6
42972152 TI 6
42986032 TO 6
42986274 TI 1
10090032 TO 6
43004152 TI 6
43018032 TO 6
43018274 TI 1
10122032 TO 6
43036152 TI 6
43050032 TO 6
43050274 TI 1
10154032 TO 6
43068152 TI 6
43082032 TO 6
43082274 TI 1
10186032 TO 6
43100152 TI 6
43114032 TO 6
43114274 TI 1
10218032 TO 6
43132166 TI 6
43146222 TO 6
43146464 TI 5
10250032 TO 6
43164214 TI 1
43165253 TO 1
43165703 TI 6
10282222 TO 6
43183243 TI 1
43184041 TO 1
43184491 TI 6
10301511 TO 1
43210273 TI 1
43211072 TO 1
43211522 TI 6
11894789 TO 2
43229686 TI 2
43881516 TO 2
43882560 TI 1
14425399 TO 4
43900728 TI 3
45201509 TO 3
45202353 TI 5
15095593 TO 4
45220349 TI 1
45221145 TO 1
45221595 TI 6
17528427 TO 4
45239761 TI 4
46425399 TO 4
46425641 TI 2
17548056 TO 1
47094460 TI 4
48691796 TO 4
48692038 TI 3
17595703 TO 1
49625640 TI 2
50277002 TO 2
50277452 TI 3
17628197 TO 1
50679860 TI 4
51148225 TO 4
51148869 TI 1
18298157 TO 5
51166779 TI 5
51167672 TO 5
51168122 TI 6
18316741 TO 5
51185662 TI 1
51186460 TO 1
51186910 TI 6
18336031 TO 5
51210273 TI 1
51211072 TO 1
51211522 TI 6
18363703 TO 1
51242273 TI 1
51243072 TO 1
51243522 TI 6
18395703 TO 1
51274273 TI 1
51275072 TO 1
51275522 TI 6
18427703 TO 1
51306273 TI 1
51307072 TO 1
51307522 TI 6
18459703 TO 1
51338273 TI 1
51339072 TO 1
51339522 TI 6
18491703 TO 1
51370273 TI 1
51371072 TO 1
51371522 TI 6
18523703 TO 1
51402273 TI 1
51403072 TO 1
51403522 TI 6
18555703 TO 1
51434273 TI 1
51435086 TO 1
51435536 TI 6
18587703 TO 1
51466463 TI 5
51467342 TO 5
51467584 TI 1
18619717 TO 1
51485702 TI 6
51498032 TO 6
51498274 TI 1
18651973 TO 5
51516152 TI 6
51530032 TO 6
51530274 TI 1
18671002 TO 6
51548152 TI 6
51562032 TO 6
51562274 TI 1
18698032 TO 6
51580152 TI 6
51594032 TO 6
51594274 TI 1
18730032 TO 6
51612152 TI 6
51626032 TO 6
51626274 TI 1
18762032 TO 6
51644152 TI 6
51658032 TO 6
51658274 TI 1
18794032 TO 6
51676152 TI 6
51690032 TO 6
51690274 TI 1
18826032 TO 6
51708152 TI 6
51722032 TO 6
51722274 TI 1
18858032 TO 6
51740152 TI 6
51754032 TO 6
51754274 TI 1
18890032 TO 6
51772166 TI 6
51786222 TO 6
51786464 TI 5
18922032 TO 6
51804214 TI 1
51805253 TO 1
51805703 TI 6
18954222 TO 6
51823243 TI 1
51824041 TO 1
51824491 TI 6
18973253 TO 1
51850273 TI 1
51851072 TO 1
51851522 TI 6
19003703 TO 1
51882273 TI 1
51883072 TO 1
51883522 TI 6
19035703 TO 1
51914273 TI 1
51915072 TO 1
51915522 TI 6
19067703 TO 1
51946273 TI 1
51947072 TO 1
51947522 TI 6
19099703 TO 1
51978273 TI 1
51979072 TO 1
51979522 TI 6
19131703 TO 1
52010273 TI 1
52011072 TO 1
52011522 TI 6
19163703 TO 1
52042273 TI 1
52043072 TO 1
52043522 TI 6
19195703 TO 1
52074273 TI 1
52075086 TO 1
52075536 TI 6
19227703 TO 1
52106463 TI 5
52107342 TO 5
52107584 TI 1
19259717 TO 1
52125702 TI 6
52138032 TO 6
52138274 TI 1
19291973 TO 5
52156152 TI 6
52170032 TO 6
52170274 TI 1
19311002 TO 6
52188152 TI 6
52202032 TO 6
52202274 TI 1
19338032 TO 6
52220152 TI 6
52234032 TO 6
52234274 TI 1
19370032 TO 6
52252152 TI 6
52266032 TO 6
52266274 TI 1
19402032 TO 6
52284152 TI 6
52298032 TO 6
52298274 TI 1
19434032 TO 6
52316152 TI 6
52330032 TO 6
52330274 TI 1
19466032 TO 6
52348152 TI 6
52362032 TO 6
52362274 TI 1
19498032 TO 6
52380152 TI 6
52394032 TO 6
52394274 TI 1
19530032 TO 6
52412166 TI 6
52426222 TO 6
52426464 TI 5
19562032 TO 6
52444214 TI 1
52445253 TO 1
52445703 TI 6
19594222 TO 6
52463243 TI 1
52464041 TO 1
52464491 TI 6
19613253 TO 1
52490273 TI 1
52491072 TO 1
52491522 TI 6
19643703 TO 1
52522273 TI 1
52523072 TO 1
52523522 TI 6
19675703 TO 1
52554273 TI 1
52555072 TO 1
52555522 TI 6
19707703 TO 1
52586273 TI 1
52587072 TO 1
52587522 TI 6
19739703 TO 1
52618273 TI 1
52619072 TO 1
52619522 TI 6
19771703 TO 1
52650273 TI 1
52651072 TO 1
52651522 TI 6
19803703 TO 1
52682273 TI 1
52683072 TO 1
52683522 TI 6
19835703 TO 1
52714273 TI 1
52715086 TO 1
52715536 TI 6
19867703 TO 1
52746463 TI 5
52747342 TO 5
52747584 TI 1
19900201 TO 1
52765702 TI 6
52778032 TO 6
52778274 TI 1
21493811 TO 2
52796152 TI 6
52810032 TO 6
52810274 TI 1
21890011 TO 5
52828438 TI 2
53480039 TO 2
53481089 TI 5
21908797 TO 6
53499257 TI 3
54800053 TO 3
54800897 TI 1
21930032 TO 6
54818813 TI 5
54819706 TO 5
54820156 TI 6
21962032 TO 6
54837696 TI 1
54838494 TO 1
54838944 TI 6
21994032 TO 6
54858273 TI 1
54859072 TO 1
54859522 TI 6
22026032 TO 6
54890273 TI 1
54891072 TO 1
54891522 TI 6
22058032 TO 6
54922273 TI 1
54923072 TO 1
54923522 TI 6
22090032 TO 6
54954273 TI 1
54955072 TO 1
54955522 TI 6
22122032 TO 6
54986273 TI 1
54987072 TO 1
54987522 TI 6
22154032 TO 6
55018273 TI 1
55019072 TO 1
55019522 TI 6
22186222 TO 6
55050273 TI 1
55051072 TO 1
55051522 TI 6
22205253 TO 1
55082273 TI 1
55083086 TO 1
55083536 TI 6
22235703 TO 1
55114463 TI 5
55115342 TO 5
55115584 TI 1
22267703 TO 1
55133702 TI 6
55146032 TO 6
55146274 TI 1
22299703 TO 1
55164152 TI 6
55178032 TO 6
55178274 TI 1
22331703 TO 1
55196152 TI 6
55210032 TO 6
55210274 TI 1
22363703 TO 1
55228152 TI 6
55242032 TO 6
55242274 TI 1
22395703 TO 1
55260152 TI 6
55274032 TO 6
55274274 TI 1
22427703 TO 1
55292152 TI 6
55306032 TO 6
55306274 TI 1
22459703 TO 1
55324152 TI 6
55338032 TO 6
55338274 TI 1
22491717 TO 1
55356152 TI 6
55370032 TO 6
55370274 TI 1
22523973 TO 5
55388152 TI 6
55402032 TO 6
55402274 TI 1
22543002 TO 6
55420166 TI 6
55434222 TO 6
55434464 TI 5
22570032 TO 6
55452214 TI 1
55453253 TO 1
55453703 TI 6
22602032 TO 6
55471243 TI 1
55472041 TO 1
55472491 TI 6
22634032 TO 6
55498273 TI 1
55499072 TO 1
55499522 TI 6
22666032 TO 6
55530273 TI 1
55531072 TO 1
55531522 TI 6
22698032 TO 6
55562273 TI 1
55563072 TO 1
55563522 TI 6
22730032 TO 6
55594273 TI 1
55595072 TO 1
55595522 TI 6
22762032 TO 6
55626273 TI 1
55627072 TO 1
55627522 TI 6
22794032 TO 6
55658273 TI 1
55659072 TO 1
55659522 TI 6
22823973 TO 6
55690273 TI 1
55691072 TO 1
55691522 TI 6
24694822 TO 2
55722273 TI 1
55723086 TO 1
55723536 TI 6
27225399 TO 4
55754463 TI 5
55755342 TO 5
55755584 TI 1
28731675 TO 4
55773702 TI 6
55786032 TO 6
55786274 TI 1
28751298 TO 1
55804152 TI 6
55818032 TO 6
55818274 TI 1
28795703 TO 1
55836152 TI 6
55850032 TO 6
55850274 TI 1
28827703 TO 1
55868152 TI 6
55882032 TO 6
55882274 TI 1
28859703 TO 1
55900152 TI 6
55914032 TO 6
55914274 TI 1
28891703 TO 1
55932152 TI 6
55946032 TO 6
55946274 TI 1
28923703 TO 1
55964152 TI 6
55978032 TO 6
55978274 TI 1
28955703 TO 1
55996152 TI 6
56010032 TO 6
56010274 TI 1
28987703 TO 1
56028438 TI 2
56681019 TO 2
56681663 TI 4
29019717 TO 1
58292031 TI 3
59225399 TO 3
59225641 TI 2
29051973 TO 5
59894246 TI 3
60262561 TO 3
60263011 TI 4
29071002 TO 6
61936578 TI 5
61937457 TO 5
61937699 TI 1
29098032 TO 6
61955817 TI 6
61962032 TO 6
61962274 TI 1
29130032 TO 6
61980152 TI 6
61994032 TO 6
61994274 TI 1
29162032 TO 6
62012152 TI 6
62026032 TO 6
62026274 TI 1
29194032 TO 6
62044152 TI 6
62058032 TO 6
62058274 TI 1
29226032 TO 6
62076152 TI 6
62090032 TO 6
62090274 TI 1
29258032 TO 6
62108152 TI 6
62122032 TO 6
62122274 TI 1
29290032 TO 6
62140152 TI 6
62154032 TO 6
62154274 TI 1
29322032 TO 6
62172152 TI 6
62186032 TO 6
62186274 TI 1
29354222 TO 6
62204152 TI 6
62218032 TO 6
62218274 TI 1
29373253 TO 1
62236166 TI 6
62250222 TO 6
62250464 TI 5
29403703 TO 1
62268214 TI 1
62269253 TO 1
62269703 TI 6
29435703 TO 1
62287243 TI 1
62288041 TO 1
62288491 TI 6
29467703 TO 1
62314273 TI 1
62315072 TO 1
62315522 TI 6
29500201 TO 1
62346273 TI 1
62347072 TO 1
62347522 TI 6
31093811 TO 2
62378273 TI 1
62379072 TO 1
62379522 TI 6
31490011 TO 5
62410273 TI 1
62411072 TO 1
62411522 TI 6
31508797 TO 6
62429686 TI 2
63081514 TO 2
63082558 TI 1
31530032 TO 6
63100726 TI 3
64401508 TO 3
64402352 TI 5
31562032 TO 6
64420348 TI 1
64421144 TO 1
64421594 TI 6
31594032 TO 6
64439134 TI 1
64439932 TO 1
64440382 TI 6
31626032 TO 6
64458273 TI 1
64459072 TO 1
64459522 TI 6
31658032 TO 6
64490273 TI 1
64491072 TO 1
64491522 TI 6
31690032 TO 6
64522273 TI 1
64523072 TO 1
64523522 TI 6
31722032 TO 6
64554273 TI 1
64555072 TO 1
64555522 TI 6
31754032 TO 6
64586273 TI 1
64587072 TO 1
64587522 TI 6
31786222 TO 6
64618273 TI 1
64619072 TO 1
64619522 TI 6
31805253 TO 1
64650273 TI 1
64651072 TO 1
64651522 TI 6
31835703 TO 1
64682273 TI 1
64683086 TO 1
64683536 TI 6
31867703 TO 1
64714463 TI 5
64730798 TO 5
64731040 TI 1
31899703 TO 1
64749348 TI 6
64778032 TO 6
64778274 TI 1
31931703 TO 1
64796152 TI 6
64810032 TO 6
64810274 TI 1
31963703 TO 1
64828152 TI 6
64842032 TO 6
64842274 TI 1
31995703 TO 1
64860152 TI 6
64874032 TO 6
64874274 TI 1
32027703 TO 1
64892152 TI 6
64906032 TO 6
64906274 TI 1
32059703 TO 1
64924152 TI 6
64938032 TO 6
64938274 TI 1
32091717 TO 1
64956152 TI 6
64970032 TO 6
64970274 TI 1
32123973 TO 5
64988152 TI 6
65002032 TO 6
65002274 TI 1
32143002 TO 6
65020166 TI 6
65034222 TO 6
65034464 TI 5
32170032 TO 6
65052214 TI 1
65053253 TO 1
65053703 TI 6
32202032 TO 6
65071243 TI 1
65072041 TO 1
65072491 TI 6
32234032 TO 6
65098273 TI 1
65099072 TO 1
65099522 TI 6
32266032 TO 6
65130273 TI 1
65131072 TO 1
65131522 TI 6
32298032 TO 6
65162273 TI 1
65163072 TO 1
65163522 TI 6
32330032 TO 6
65194273 TI 1
65195072 TO 1
65195522 TI 6
32362032 TO 6
65226273 TI 1
65227072 TO 1
65227522 TI 6
32394032 TO 6
65258273 TI 1
65259072 TO 1
65259522 TI 6
32426222 TO 6
65290273 TI 1
65291072 TO 1
65291522 TI 6
32445253 TO 1
65322273 TI 1
65323086 TO 1
65323536 TI 6
32475703 TO 1
65354463 TI 5
65355342 TO 5
65355584 TI 1
32507703 TO 1
65373702 TI 6
65386032 TO 6
65386274 TI 1
32539703 TO 1
65404152 TI 6
65418032 TO 6
65418274 TI 1
32571703 TO 1
65436152 TI 6
65450032 TO 6
65450274 TI 1
32603703 TO 1
65468152 TI 6
65482032 TO 6
65482274 TI 1
32635703 TO 1
65500152 TI 6
65514032 TO 6
65514274 TI 1
32667703 TO 1
65532152 TI 6
65546032 TO 6
65546274 TI 1
32699703 TO 1
65564152 TI 6
65578032 TO 6
65578274 TI 1
32731717 TO 1
65596152 TI 6
65610032 TO 6
65610274 TI 1
32763973 TO 5
65628438 TI 2
66280041 TO 2
66281091 TI 5
32783002 TO 6
66298400 TI 1
66299198 TO 1
66299446 TI 5
32810032 TO 6
66316990 TI 1
66318028 TO 1
66318270 TI 5
32842032 TO 6
66336482 TI 6
66346032 TO 6
66346274 TI 1
32874032 TO 6
66364152 TI 6
66378032 TO 6
66378274 TI 1
32906032 TO 6
66396152 TI 6
66410032 TO 6
66410274 TI 1
32938032 TO 6
66428152 TI 6
66442032 TO 6
66442274 TI 1
32970032 TO 6
66460152 TI 6
66474032 TO 6
66474274 TI 1
33002032 TO 6
66492152 TI 6
66506032 TO 6
66506274 TI 1
33034032 TO 6
66524152 TI 6
66538032 TO 6
66538274 TI 1
33066222 TO 6
66556152 TI 6
66570032 TO 6
66570274 TI 1
33085253 TO 1
66588152 TI 6
66602032 TO 6
66602274 TI 1
33115703 TO 1
66620166 TI 6
66634222 TO 6
66634464 TI 5
33147703 TO 1
66652214 TI 1
66653253 TO 1
66653703 TI 6
33179703 TO 1
66671243 TI 1
66672041 TO 1
66672491 TI 6
33211703 TO 1
66698273 TI 1
66699072 TO 1
66699522 TI 6
33243703 TO 1
66730273 TI 1
66731072 TO 1
66731522 TI 6
33275703 TO 1
66762273 TI 1
66763072 TO 1
66763522 TI 6
33307703 TO 1
66794273 TI 1
66795072 TO 1
66795522 TI 6
33339703 TO 1
66826273 TI 1
66827072 TO 1
66827522 TI 6
33371717 TO 1
66858273 TI 1
66859072 TO 1
66859522 TI 6
33403973 TO 5
66890273 TI 1
66891072 TO 1
66891522 TI 6
33423002 TO 6
66922273 TI 1
66923086 TO 1
66923536 TI 6
33450032 TO 6
66954463 TI 5
66955342 TO 5
66955584 TI 1
33482032 TO 6
66973702 TI 6
66986032 TO 6
66986274 TI 1
33514032 TO 6
67004152 TI 6
67018032 TO 6
67018274 TI 1
33546032 TO 6
67036152 TI 6
67050032 TO 6
67050274 TI 1
33578032 TO 6
67068152 TI 6
67082032 TO 6
67082274 TI 1
33610032 TO 6
67100152 TI 6
67114032 TO 6
67114274 TI 1
33629445 TO 6
67132152 TI 6
67146032 TO 6
67146274 TI 1
34301325 TO 4
67164152 TI 6
67178032 TO 6
67178274 TI 1
36825399 TO 4
67196152 TI 6
67210032 TO 6
67210274 TI 1
39091790 TO 4
67228152 TI 6
67242032 TO 6
67242274 TI 1
40693797 TO 2
67260166 TI 6
67274222 TO 6
67274464 TI 5
41527035 TO 4
67292214 TI 1
67293253 TO 1
67293703 TI 6
41546259 TO 5
67311243 TI 1
67312041 TO 1
67312491 TI 6
41565310 TO 5
67338273 TI 1
67339072 TO 1
67339522 TI 6
41595703 TO 1
67370273 TI 1
67371072 TO 1
67371522 TI 6
41627703 TO 1
67402273 TI 1
67403072 TO 1
67403522 TI 6
41659703 TO 1
67434273 TI 1
67435072 TO 1
67435522 TI 6
41691703 TO 1
67466273 TI 1
67467072 TO 1
67467522 TI 6
41723703 TO 1
67498273 TI 1
67499072 TO 1
67499522 TI 6
41755703 TO 1
67530273 TI 1
67531072 TO 1
67531522 TI 6
41787703 TO 1
67562273 TI 1
67563086 TO 1
67563536 TI 6
41819703 TO 1
67594463 TI 5
67595342 TO 5
67595584 TI 1
41851717 TO 1
67613702 TI 6
67624000 TO 6
67624242 TI 4
41883973 TO 5
67892031 TI 3
68825399 TO 3
68825641 TI 2
41903002 TO 6
69494246 TI 3
69862788 TO 3
69863238 TI 4
41930032 TO 6
72025640 TI 2
72677016 TO 2
72677666 TI 4
41962032 TO 6
72695834 TI 3
73996612 TO 3
73997062 TI 4
41994032 TO 6
74869169 TI 1
74869968 TO 1
74870210 TI 5
42026032 TO 6
74888422 TI 6
74890032 TO 6
74890274 TI 1
42058032 TO 6
74908152 TI 6
74922032 TO 6
74922274 TI 1
42090032 TO 6
74940152 TI 6
74954032 TO 6
74954274 TI 1
42122032 TO 6
74972152 TI 6
74986032 TO 6
74986274 TI 1
42154032 TO 6
75004152 TI 6
75018032 TO 6
75018274 TI 1
42186222 TO 6
75036152 TI 6
75050032 TO 6
75050274 TI 1
42205253 TO 1
75068152 TI 6
75082032 TO 6
75082274 TI 1
42235703 TO 1
75100152 TI 6
75114032 TO 6
75114274 TI 1
42267703 TO 1
75132152 TI 6
75146032 TO 6
75146274 TI 1
42299703 TO 1
75164166 TI 6
75178222 TO 6
75178464 TI 5
42331703 TO 1
75196214 TI 1
75197253 TO 1
75197703 TI 6
42363703 TO 1
75215243 TI 1
75216041 TO 1
75216491 TI 6
42395703 TO 1
75234661 TI 2
75886687 TO 2
75887731 TI 1
42427703 TO 1
75905641 TI 5
75906534 TO 5
75906984 TI 6
42459703 TO 1
75924524 TI 1
75925322 TO 1
75925772 TI 6
42491717 TO 1
75946273 TI 1
75947072 TO 1
75947522 TI 6
42523973 TO 5
75978273 TI 1
75979072 TO 1
75979522 TI 6
42543002 TO 6
76010273 TI 1
76011072 TO 1
76011522 TI 6
42570032 TO 6
76042273 TI 1
76043072 TO 1
76043522 TI 6
42602032 TO 6
76074273 TI 1
76075072 TO 1
76075522 TI 6
42634032 TO 6
76106273 TI 1
76107072 TO 1
76107522 TI 6
42666032 TO 6
76138273 TI 1
76139072 TO 1
76139522 TI 6
42698032 TO 6
76170273 TI 1
76171086 TO 1
76171536 TI 6
42730032 TO 6
76202463 TI 5
76203342 TO 5
76203584 TI 1
42762032 TO 6
76221702 TI 6
76234032 TO 6
76234274 TI 1
42794032 TO 6
76252152 TI 6
76266032 TO 6
76266274 TI 1
42826222 TO 6
76284152 TI 6
76298032 TO 6
76298274 TI 1
42845253 TO 1
76316152 TI 6
76330032 TO 6
76330274 TI 1
42875703 TO 1
76348152 TI 6
76362032 TO 6
76362274 TI 1
42907703 TO 1
76380152 TI 6
76394032 TO 6
76394274 TI 1
42939703 TO 1
76412152 TI 6
76426032 TO 6
76426274 TI 1
42971703 TO 1
76444152 TI 6
76458032 TO 6
76458274 TI 1
43003703 TO 1
76476152 TI 6
76490032 TO 6
76490274 TI 1
43035703 TO 1
76508166 TI 6
76522222 TO 6
76522464 TI 5
43067703 TO 1
76540214 TI 1
76541253 TO 1
76541703 TI 6
43099703 TO 1
76559243 TI 1
76560041 TO 1
76560491 TI 6
43131717 TO 1
76586273 TI 1
76587072 TO 1
76587522 TI 6
43163973 TO 5
76618273 TI 1
76619072 TO 1
76619522 TI 6
43183002 TO 6
76650273 TI 1
76651072 TO 1
76651522 TI 6
43210032 TO 6
76682273 TI 1
76683072 TO 1
76683522 TI 6
43229445 TO 6
76714273 TI 1
76715072 TO 1
76715522 TI 6
43900487 TO 1
76746273 TI 1
76747072 TO 1
76747522 TI 6
45220102 TO 5
76778273 TI 1
76779072 TO 1
76779522 TI 6
45239520 TO 6
76810273 TI 1
76811086 TO 1
76811536 TI 6
47093811 TO 2
76842463 TI 5
76843342 TO 5
76843584 TI 1
49625399 TO 3
76861702 TI 6
76874032 TO 6
76874274 TI 1
50679411 TO 3
76892152 TI 6
76906032 TO 6
76906274 TI 1
51166538 TO 1
76924152 TI 6
76938032 TO 6
76938274 TI 1
51185421 TO 6
76956152 TI 6
76970032 TO 6
76970274 TI 1
51210032 TO 6
76988152 TI 6
77002032 TO 6
77002274 TI 1
51242032 TO 6
77020152 TI 6
77034032 TO 6
77034274 TI 1
51274032 TO 6
77052152 TI 6
77066032 TO 6
77066274 TI 1
51306032 TO 6
77084152 TI 6
77098032 TO 6
77098274 TI 1
51338032 TO 6
77116152 TI 6
77130032 TO 6
77130274 TI 1
51370032 TO 6
77148166 TI 6
77162222 TO 6
77162464 TI 5
51402032 TO 6
77180214 TI 1
77181253 TO 1
77181703 TI 6
51434032 TO 6
77199243 TI 1
77200041 TO 1
77200491 TI 6
51466222 TO 6
77226273 TI 1
77227072 TO 1
77227522 TI 6
51485253 TO 1
77258273 TI 1
77259072 TO 1
77259522 TI 6
51515703 TO 1
77290273 TI 1
77291072 TO 1
77291522 TI 6
51547703 TO 1
77322273 TI 1
77323072 TO 1
77323522 TI 6
51579703 TO 1
77354273 TI 1
77355072 TO 1
77355522 TI 6
51611703 TO 1
77386273 TI 1
77387072 TO 1
77387522 TI 6
51643703 TO 1
77418273 TI 1
77419072 TO 1
77419522 TI 6
51675703 TO 1
77450273 TI 1
77451086 TO 1
77451536 TI 6
51707703 TO 1
77482463 TI 5
77483342 TO 5
77483584 TI 1
51739703 TO 1
77501752 TI 3
78425399 TO 3
78425641 TI 2
51771717 TO 1
79095242 TI 3
79473690 TO 3
79474134 TI 4
51803973 TO 5
81625640 TI 2
82277016 TO 2
82277666 TI 4
51823002 TO 6
82295834 TI 3
83596612 TO 3
83597062 TI 4
51850032 TO 6
84729081 TI 5
84729960 TO 5
84730202 TI 1
51882032 TO 6
84748510 TI 6
84778032 TO 6
84778274 TI 1
51914032 TO 6
84796152 TI 6
84810032 TO 6
84810274 TI 1
51946032 TO 6
84828438 TI 2
85480039 TO 2
85481089 TI 5
51978032 TO 6
85498398 TI 1
85499196 TO 1
85499444 TI 5
52010032 TO 6
85516988 TI 1
85518026 TO 1
85518268 TI 5
52042032 TO 6
85536480 TI 6
85546032 TO 6
85546274 TI 1
52074032 TO 6
85564152 TI 6
85578032 TO 6
85578274 TI 1
52106222 TO 6
85596152 TI 6
85610032 TO 6
85610274 TI 1
52125253 TO 1
85628152 TI 6
85642032 TO 6
85642274 TI 1
52155703 TO 1
85660152 TI 6
85674032 TO 6
85674274 TI 1
52187703 TO 1
85692152 TI 6
85706032 TO 6
85706274 TI 1
52219703 TO 1
85724152 TI 6
85738032 TO 6
85738274 TI 1
52251703 TO 1
85756152 TI 6
85770032 TO 6
85770274 TI 1
52283703 TO 1
85788152 TI 6
85802032 TO 6
85802274 TI 1
52315703 TO 1
85820166 TI 6
85834222 TO 6
85834464 TI 5
52347703 TO 1
85852214 TI 1
85853253 TO 1
85853703 TI 6
52379703 TO 1
85871243 TI 1
85872041 TO 1
85872491 TI 6
52411717 TO 1
85898273 TI 1
85899072 TO 1
85899522 TI 6
52443973 TO 5
85930273 TI 1
85931072 TO 1
85931522 TI 6
52463002 TO 6
85962273 TI 1
85963072 TO 1
85963522 TI 6
52490032 TO 6
85994273 TI 1
85995072 TO 1
85995522 TI 6
52522032 TO 6
86026273 TI 1
86027072 TO 1
86027522 TI 6
52554032 TO 6
86058273 TI 1
86059072 TO 1
86059522 TI 6
52586032 TO 6
86090273 TI 1
86091072 TO 1
86091522 TI 6
52618032 TO 6
86122273 TI 1
86123086 TO 1
86123536 TI 6
52650032 TO 6
86154463 TI 5
86155342 TO 5
86155584 TI 1
52682032 TO 6
86173702 TI 6
86186032 TO 6
86186274 TI 1
52714032 TO 6
86204152 TI 6
86218032 TO 6
86218274 TI 1
52746222 TO 6
86236152 TI 6
86250032 TO 6
86250274 TI 1
52765253 TO 1
86268152 TI 6
86282032 TO 6
86282274 TI 1
52795703 TO 1
86300152 TI 6
86314032 TO 6
86314274 TI 1
52828197 TO 1
86332152 TI 6
86346032 TO 6
86346274 TI 1
53499016 TO 5
86364152 TI 6
86378032 TO 6
86378274 TI 1
54818566 TO 1
86396152 TI 6
86410032 TO 6
86410274 TI 1
54837455 TO 6
86428152 TI 6
86442032 TO 6
86442274 TI 1
54858032 TO 6
86460166 TI 6
86474222 TO 6
86474464 TI 5
54890032 TO 6
86492214 TI 1
86493253 TO 1
86493703 TI 6
54922032 TO 6
86511243 TI 1
86512041 TO 1
86512491 TI 6
54954032 TO 6
86538273 TI 1
86539072 TO 1
86539522 TI 6
54986032 TO 6
86570273 TI 1
86571072 TO 1
86571522 TI 6
55018032 TO 6
86602273 TI 1
86603072 TO 1
86603522 TI 6
55050032 TO 6
86634273 TI 1
86635072 TO 1
86635522 TI 6
55082032 TO 6
86666273 TI 1
86667072 TO 1
86667522 TI 6
55114222 TO 6
86698273 TI 1
86699072 TO 1
86699522 TI 6
55133253 TO 1
86730273 TI 1
86731072 TO 1
86731522 TI 6
55163703 TO 1
86762273 TI 1
86763086 TO 1
86763536 TI 6
55195703 TO 1
86794463 TI 5
86795342 TO 5
86795584 TI 1
55227703 TO 1
86813702 TI 6
86826032 TO 6
86826274 TI 1
55259703 TO 1
86844152 TI 6
86858032 TO 6
86858274 TI 1
55291703 TO 1
86876152 TI 6
86890032 TO 6
86890274 TI 1
55323703 TO 1
86908152 TI 6
86922032 TO 6
86922274 TI 1
55355703 TO 1
86940152 TI 6
86954032 TO 6
86954274 TI 1
55387703 TO 1
86972152 TI 6
86986032 TO 6
86986274 TI 1
55419717 TO 1
87004152 TI 6
87018032 TO 6
87018274 TI 1
55451973 TO 5
87036152 TI 6
87050032 TO 6
87050274 TI 1
55471002 TO 6
87068152 TI 6
87082032 TO 6
87082274 TI 1
55498032 TO 6
87100442 TI 3
88025399 TO 3
88025641 TI 2
55530032 TO 6
88694260 TI 3
89071412 TO 3
89072262 TI 5
55562032 TO 6
89090252 TI 1
89091048 TO 1
89091498 TI 6
55594032 TO 6
89109038 TI 1
89109836 TO 1
89110286 TI 6
55626032 TO 6
89130273 TI 1
89131072 TO 1
89131522 TI 6
55658032 TO 6
89162273 TI 1
89163072 TO 1
89163522 TI 6
55690032 TO 6
89194273 TI 1
89195072 TO 1
89195522 TI 6
55722032 TO 6
89226273 TI 1
89227072 TO 1
89227522 TI 6
55754222 TO 6
89258273 TI 1
89259072 TO 1
89259522 TI 6
55773253 TO 1
89290273 TI 1
89291072 TO 1
89291522 TI 6
55803703 TO 1
89322273 TI 1
89323072 TO 1
89323522 TI 6
55835703 TO 1
89354273 TI 1
89355086 TO 1
89355536 TI 6
55867703 TO 1
89386463 TI 5
89387342 TO 5
89387584 TI 1
55899703 TO 1
89405702 TI 6
89418032 TO 6
89418274 TI 1
55931703 TO 1
89436152 TI 6
89450032 TO 6
89450274 TI 1
55963703 TO 1
89468152 TI 6
89482032 TO 6
89482274 TI 1
55995703 TO 1
89500152 TI 6
89514032 TO 6
89514274 TI 1
56028197 TO 1
89532152 TI 6
89546032 TO 6
89546274 TI 1
58291790 TO 4
89564152 TI 6
89578032 TO 6
89578274 TI 1
59893797 TO 2
89596152 TI 6
89610032 TO 6
89610274 TI 1
61935929 TO 4
89628152 TI 6
89642032 TO 6
89642274 TI 1
61955368 TO 1
89660152 TI 6
89674032 TO 6
89674274 TI 1
61979703 TO 1
89692166 TI 6
89706222 TO 6
89706464 TI 5
62011703 TO 1
89724214 TI 1
89725253 TO 1
89725703 TI 6
62043703 TO 1
89743243 TI 1
89744041 TO 1
89744491 TI 6
62075703 TO 1
89770273 TI 1
89771072 TO 1
89771522 TI 6
62107703 TO 1
89802273 TI 1
89803072 TO 1
89803522 TI 6
62139703 TO 1
89834273 TI 1
89835072 TO 1
89835522 TI 6
62171703 TO 1
89866273 TI 1
89867072 TO 1
89867522 TI 6
62203703 TO 1
89898273 TI 1
89899072 TO 1
89899522 TI 6
62235717 TO 1
89930273 TI 1
89931072 TO 1
89931522 TI 6
62267973 TO 5
89962273 TI 1
89963072 TO 1
89963522 TI 6
62287002 TO 6
89994273 TI 1
89995086 TO 1
89995536 TI 6
62314032 TO 6
90024214 TI 4
91225399 TO 4
91225641 TI 2
62346032 TO 6
91895257 TI 3
93195847 TO 3
93196297 TI 4
62378032 TO 6
94425640 TI 2
95077016 TO 2
95077666 TI 4
62410032 TO 6
95932305 TI 5
95933424 TO 5
95933666 TI 1
62429445 TO 6
95951734 TI 6
95978032 TO 6
95978274 TI 1
63100485 TO 1
95996152 TI 6
96010032 TO 6
96010274 TI 1
64420101 TO 5
96028152 TI 6
96042032 TO 6
96042274 TI 1
64438893 TO 6
96060152 TI 6
96074032 TO 6
96074274 TI 1
64458032 TO 6
96092152 TI 6
96106032 TO 6
96106274 TI 1
64490032 TO 6
96124152 TI 6
96138032 TO 6
96138274 TI 1
64522032 TO 6
96156152 TI 6
96170032 TO 6
96170274 TI 1
64554032 TO 6
96188152 TI 6
96202032 TO 6
96202274 TI 1
64586032 TO 6
96220166 TI 6
96234222 TO 6
96234464 TI 5
64618032 TO 6
96252214 TI 1
96253253 TO 1
96253703 TI 6
64650032 TO 6
96271243 TI 1
96272041 TO 1
96272491 TI 6
64682032 TO 6
96298273 TI 1
96299072 TO 1
96299522 TI 6
64714222 TO 6
96330273 TI 1
96331072 TO 1
96331522 TI 6
64748899 TO 1
96362273 TI 1
96363072 TO 1
96363522 TI 6
64795703 TO 1
96394273 TI 1
96395072 TO 1
96395522 TI 6
64827703 TO 1
96426273 TI 1
96427072 TO 1
96427522 TI 6
64859703 TO 1
96458273 TI 1
96459072 TO 1
96459522 TI 6
64891703 TO 1
96490273 TI 1
96491072 TO 1
96491522 TI 6
64923703 TO 1
96522273 TI 1
96523086 TO 1
96523536 TI 6
64955703 TO 1
96554463 TI 5
96555342 TO 5
96555584 TI 1
64987703 TO 1
96573702 TI 6
96586032 TO 6
96586274 TI 1
65019717 TO 1
96604152 TI 6
96618032 TO 6
96618274 TI 1
65051973 TO 5
96636152 TI 6
96650032 TO 6
96650274 TI 1
65071002 TO 6
96668152 TI 6
96682032 TO 6
96682274 TI 1
65098032 TO 6
96700442 TI 3
97625399 TO 3
97625641 TI 2
65130032 TO 6
98294260 TI 3
98671412 TO 3
98672262 TI 5
65162032 TO 6
98690252 TI 1
98691048 TO 1
98691498 TI 6
65194032 TO 6
98709038 TI 1
98709836 TO 1
98710286 TI 6
65226032 TO 6
98730273 TI 1
98731072 TO 1
98731522 TI 6
65258032 TO 6
98762273 TI 1
98763072 TO 1
98763522 TI 6
65290032 TO 6
98794273 TI 1
98795072 TO 1
98795522 TI 6
65322032 TO 6
98826273 TI 1
98827072 TO 1
98827522 TI 6
65354222 TO 6
98858273 TI 1
98859072 TO 1
98859522 TI 6
65373253 TO 1
98890273 TI 1
98891072 TO 1
98891522 TI 6
65403703 TO 1
98922273 TI 1
98923072 TO 1
98923522 TI 6
65435703 TO 1
98954273 TI 1
98955086 TO 1
98955536 TI 6
65467703 TO 1
98986463 TI 5
98987342 TO 5
98987584 TI 1
65499703 TO 1
99005702 TI 6
99018032 TO 6
99018274 TI 1
65531703 TO 1
99036152 TI 6
99050032 TO 6
99050274 TI 1
65563703 TO 1
99068152 TI 6
99082032 TO 6
99082274 TI 1
65595703 TO 1
99100152 TI 6
99114032 TO 6
99114274 TI 1
65628197 TO 1
99132152 TI 6
99146032 TO 6
99146274 TI 1
66298159 TO 5
99164152 TI 6
99178032 TO 6
99178274 TI 1
66316743 TO 5
99196152 TI 6
99210032 TO 6
99210274 TI 1
66336033 TO 5
99228152 TI 6
99242032 TO 6
99242274 TI 1
66363703 TO 1
99260152 TI 6
99274032 TO 6
99274274 TI 1
66395703 TO 1
99292166 TI 6
99306222 TO 6
99306464 TI 5
66427703 TO 1
99324214 TI 1
99325253 TO 1
99325703 TI 6
66459703 TO 1
99343243 TI 1
99344041 TO 1
99344491 TI 6
66491703 TO 1
99370273 TI 1
99371072 TO 1
99371522 TI 6
66523703 TO 1
99402273 TI 1
99403072 TO 1
99403522 TI 6
66555703 TO 1
99434273 TI 1
99435072 TO 1
99435522 TI 6
66587703 TO 1
99466273 TI 1
99467072 TO 1
99467522 TI 6
66619717 TO 1
99498273 TI 1
99499072 TO 1
99499522 TI 6
66651973 TO 5
99530273 TI 1
99531072 TO 1
99531522 TI 6
66671002 TO 6
99562273 TI 1
99563072 TO 1
99563522 TI 6
66698032 TO 6
99594273 TI 1
99595086 TO 1
99595536 TI 6
66730032 TO 6
99626463 TI 5
99627342 TO 5
99627584 TI 1
66762032 TO 6
99645702 TI 6
99658032 TO 6
99658274 TI 1
66794032 TO 6
99676152 TI 6
99690032 TO 6
99690274 TI 1
66826032 TO 6
99708152 TI 6
99722032 TO 6
99722274 TI 1
66858032 TO 6
99740152 TI 6
99754032 TO 6
99754274 TI 1
66890032 TO 6
99772152 TI 6
99786032 TO 6
99786274 TI 1
66922032 TO 6
99804152 TI 6
99818032 TO 6
99818274 TI 1
66954222 TO 6
99836152 TI 6
99850032 TO 6
99850274 TI 1
66973253 TO 1
99868152 TI 6
99882032 TO 6
99882274 TI 1
67003703 TO 1
99900152 TI 6
99914032 TO 6
99914274 TI 1
67035703 TO 1
99932166 TI 6
99946222 TO 6
99946464 TI 5
67067703 TO 1
99964214 TI 1
99965253 TO 1
99965703 TI 6
67099703 TO 1
99983243 TI 1
99984041 TO 1
99984491 TI 6
67131703 TO 1
100010273 TI 1
100011072 TO 1
100011522 TI 6
67163703 TO 1
100042273 TI 1
100043072 TO 1
100043522 TI 6
67195703 TO 1
100074273 TI 1
100075072 TO 1
100075522 TI 6
67227703 TO 1
100106273 TI 1
100107072 TO 1
100107522 TI 6
67259717 TO 1
100138273 TI 1
100139072 TO 1
100139522 TI 6
67291973 TO 5
100170273 TI 1
100171072 TO 1
100171522 TI 6
67311002 TO 6
100202273 TI 1
100203072 TO 1
100203522 TI 6
67338032 TO 6
100234273 TI 1
100235086 TO 1
100235536 TI 6
67370032 TO 6
100266463 TI 5
100267342 TO 5
100267584 TI 1
67402032 TO 6
100285702 TI 6
100298032 TO 6
100298274 TI 1
67434032 TO 6
100316152 TI 6
100330032 TO 6
100330274 TI 1
67466032 TO 6
100348152 TI 6
100362032 TO 6
100362274 TI 1
67498032 TO 6
100380152 TI 6
100394032 TO 6
100394274 TI 1
67530032 TO 6
100412152 TI 6
100426032 TO 6
100426274 TI 1
67562032 TO 6
100444152 TI 6
100458032 TO 6
100458274 TI 1
67594222 TO 6
100476152 TI 6
100490032 TO 6
100490274 TI 1
67613253 TO 1
100508152 TI 6
100522032 TO 6
100522274 TI 1
67891790 TO 4
100540152 TI 6
100554032 TO 6
100554274 TI 1
69493797 TO 2
100572166 TI 6
100586222 TO 6
100586464 TI 5
72025399 TO 4
100604214 TI 1
100605253 TO 1
100605703 TI 6
72695593 TO 4
100623243 TI 1
100624041 TO 1
100624491 TI 6
74868526 TO 4
100650273 TI 1
100651072 TO 1
100651522 TI 6
74887973 TO 5
100682273 TI 1
100683072 TO 1
100683522 TI 6
74907703 TO 1
100714273 TI 1
100715072 TO 1
100715522 TI 6
74939703 TO 1
100746273 TI 1
100747072 TO 1
100747522 TI 6
74971703 TO 1
100778273 TI 1
100779072 TO 1
100779522 TI 6
75003703 TO 1
100810273 TI 1
100811072 TO 1
100811522 TI 6
75035703 TO 1
100829686 TI 2
101482754 TO 2
101483398 TI 4
75067703 TO 1
101501566 TI 3
102802145 TO 3
102802595 TI 4
75099703 TO 1
104025640 TI 2
104677016 TO 2
104677666 TI 4
75131703 TO 1
106292031 TI 3
107225399 TO 3
107225641 TI 2
75163717 TO 1
107894246 TI 3
108262561 TO 3
108263011 TI 4
75195973 TO 5
108727678 TI 1
108728477 TO 1
108728719 TI 5
75215002 TO 6
108746506 TI 1
108747305 TO 1
108747547 TI 5
75234420 TO 6
108765759 TI 6
108778032 TO 6
108778274 TI 1
75905400 TO 1
108796152 TI 6
108810032 TO 6
108810274 TI 1
75924283 TO 6
108828152 TI 6
108842032 TO 6
108842274 TI 1
75946032 TO 6
108860152 TI 6
108874032 TO 6
108874274 TI 1
75978032 TO 6
108892152 TI 6
108906032 TO 6
108906274 TI 1
76010032 TO 6
108924152 TI 6
108938032 TO 6
108938274 TI 1
76042032 TO 6
108956152 TI 6
108970032 TO 6
108970274 TI 1
76074032 TO 6
108988152 TI 6
109002032 TO 6
109002274 TI 1
76106032 TO 6
109020152 TI 6
109034032 TO 6
109034274 TI 1
76138032 TO 6
109052166 TI 6
109066222 TO 6
109066464 TI 5
76170032 TO 6
109084214 TI 1
109085253 TO 1
109085703 TI 6
76202222 TO 6
109103243 TI 1
109104041 TO 1
109104491 TI 6
76221253 TO 1
109130273 TI 1
109131072 TO 1
109131522 TI 6
76251703 TO 1
109162273 TI 1
109163072 TO 1
109163522 TI 6
76283703 TO 1
109194273 TI 1
109195072 TO 1
109195522 TI 6
76315703 TO 1
109226273 TI 1
109227072 TO 1
109227522 TI 6
76347703 TO 1
109258273 TI 1
109259072 TO 1
109259522 TI 6
76379703 TO 1
109290273 TI 1
109291072 TO 1
109291522 TI 6
76411703 TO 1
109322273 TI 1
109323072 TO 1
109323522 TI 6
76443703 TO 1
109354273 TI 1
109355086 TO 1
109355536 TI 6
76475703 TO 1
109386463 TI 5
109387342 TO 5
109387584 TI 1
76507717 TO 1
109405702 TI 6
109418032 TO 6
109418274 TI 1
76539973 TO 5
109436152 TI 6
109450032 TO 6
109450274 TI 1
76559002 TO 6
109468152 TI 6
109482032 TO 6
109482274 TI 1
76586032 TO 6
109500152 TI 6
109514032 TO 6
109514274 TI 1
76618032 TO 6
109532152 TI 6
109546032 TO 6
109546274 TI 1
76650032 TO 6
109564152 TI 6
109578032 TO 6
109578274 TI 1
76682032 TO 6
109596152 TI 6
109610032 TO 6
109610274 TI 1
76714032 TO 6
109628152 TI 6
109642032 TO 6
109642274 TI 1
76746032 TO 6
109660152 TI 6
109674032 TO 6
109674274 TI 1
76778032 TO 6
109692166 TI 6
109706222 TO 6
109706464 TI 5
76810032 TO 6
109724214 TI 1
109725253 TO 1
109725703 TI 6
76842222 TO 6
109743243 TI 1
109744041 TO 1
109744491 TI 6
76861253 TO 1
109770273 TI 1
109771072 TO 1
109771522 TI 6
76891703 TO 1
109802273 TI 1
109803072 TO 1
109803522 TI 6
76923703 TO 1
109834273 TI 1
109835072 TO 1
109835522 TI 6
76955703 TO 1
109866273 TI 1
109867072 TO 1
109867522 TI 6
76987703 TO 1
109898273 TI 1
109899072 TO 1
109899522 TI 6
77019703 TO 1
109930273 TI 1
109931072 TO 1
109931522 TI 6
77051703 TO 1
109962273 TI 1
109963072 TO 1
109963522 TI 6
77083703 TO 1
109994273 TI 1
109995086 TO 1
109995536 TI 6
77115703 TO 1
110026463 TI 5
110027342 TO 5
110027584 TI 1
77147717 TO 1
110045702 TI 6
110058032 TO 6
110058274 TI 1
77179973 TO 5
110076152 TI 6
110090032 TO 6
110090274 TI 1
77199002 TO 6
110108152 TI 6
110122032 TO 6
110122274 TI 1
77226032 TO 6
110140152 TI 6
110154032 TO 6
110154274 TI 1
77258032 TO 6
110172152 TI 6
110186032 TO 6
110186274 TI 1
77290032 TO 6
110204152 TI 6
110218032 TO 6
110218274 TI 1
77322032 TO 6
110236152 TI 6
110250032 TO 6
110250274 TI 1
77354032 TO 6
110268152 TI 6
110282032 TO 6
110282274 TI 1
77386032 TO 6
110300152 TI 6
110314032 TO 6
110314274 TI 1
77418032 TO 6
110332166 TI 6
110346222 TO 6
110346464 TI 5
77450032 TO 6
110364214 TI 1
110365253 TO 1
110365703 TI 6
77482222 TO 6
110383243 TI 1
110384041 TO 1
110384491 TI 6
77501511 TO 1
110410273 TI 1
110411072 TO 1
110411522 TI 6
79094793 TO 2
110429686 TI 2
111081516 TO 2
111082560 TI 1
81625399 TO 4
111100728 TI 3
112401509 TO 3
112402353 TI 5
82295593 TO 4
112420349 TI 1
112421145 TO 1
112421595 TI 6
84728432 TO 4
112439761 TI 4
113625399 TO 4
113625641 TI 2
84748061 TO 1
114294460 TI 4
115891790 TO 4
115892032 TI 3
84795703 TO 1
116825640 TI 2
117477002 TO 2
117477452 TI 3
84828197 TO 1
117879854 TI 4
118348219 TO 4
118348863 TI 1
85498157 TO 5
118366773 TI 5
118367666 TO 5
118368116 TI 6
85516741 TO 5
118385656 TI 1
118386454 TO 1
118386904 TI 6
85536031 TO 5
118410273 TI 1
118411072 TO 1
118411522 TI 6
85563703 TO 1
118442273 TI 1
118443072 TO 1
118443522 TI 6
85595703 TO 1
118474273 TI 1
118475072 TO 1
118475522 TI 6
85627703 TO 1
118506273 TI 1
118507072 TO 1
118507522 TI 6
85659703 TO 1
118538273 TI 1
118539072 TO 1
118539522 TI 6
85691703 TO 1
118570273 TI 1
118571072 TO 1
118571522 TI 6
85723703 TO 1
118602273 TI 1
118603072 TO 1
118603522 TI 6
85755703 TO 1
118634273 TI 1
118635086 TO 1
118635536 TI 6
85787703 TO 1
118666463 TI 5
118667342 TO 5
118667584 TI 1
85819717 TO 1
118685702 TI 6
118698032 TO 6
118698274 TI 1
85851973 TO 5
118716152 TI 6
118730032 TO 6
118730274 TI 1
85871002 TO 6
118748152 TI 6
118762032 TO 6
118762274 TI 1
85898032 TO 6
118780152 TI 6
118794032 TO 6
118794274 TI 1
85930032 TO 6
118812152 TI 6
118826032 TO 6
118826274 TI 1
85962032 TO 6
118844152 TI 6
118858032 TO 6
118858274 TI 1
85994032 TO 6
118876152 TI 6
118890032 TO 6
118890274 TI 1
86026032 TO 6
118908152 TI 6
118922032 TO 6
118922274 TI 1
86058032 TO 6
118940152 TI 6
118954032 TO 6
118954274 TI 1
86090032 TO 6
118972166 TI 6
118986222 TO 6
118986464 TI 5
86122032 TO 6
119004214 TI 1
119005253 TO 1
119005703 TI 6
86154222 TO 6
119023243 TI 1
119024041 TO 1
119024491 TI 6
86173253 TO 1
119050273 TI 1
119051072 TO 1
119051522 TI 6
86203703 TO 1
119082273 TI 1
119083072 TO 1
119083522 TI 6
86235703 TO 1
119114273 TI 1
119115072 TO 1
119115522 TI 6
86267703 TO 1
119146273 TI 1
119147072 TO 1
119147522 TI 6
86299703 TO 1
119178273 TI 1
119179072 TO 1
119179522 TI 6
86331703 TO 1
119210273 TI 1
119211072 TO 1
119211522 TI 6
86363703 TO 1
119242273 TI 1
119243072 TO 1
119243522 TI 6
86395703 TO 1
119274273 TI 1
119275086 TO 1
119275536 TI 6
86427703 TO 1
119306463 TI 5
119307342 TO 5
119307584 TI 1
86459717 TO 1
119325702 TI 6
119338032 TO 6
119338274 TI 1
86491973 TO 5
119356152 TI 6
119370032 TO 6
119370274 TI 1
86511002 TO 6
119388152 TI 6
119402032 TO 6
119402274 TI 1
86538032 TO 6
119420152 TI 6
119434032 TO 6
119434274 TI 1
86570032 TO 6
119452152 TI 6
119466032 TO 6
119466274 TI 1
86602032 TO 6
119484152 TI 6
119498032 TO 6
119498274 TI 1
86634032 TO 6
119516152 TI 6
119530032 TO 6
119530274 TI 1
86666032 TO 6
119548152 TI 6
119562032 TO 6
119562274 TI 1
86698032 TO 6
119580152 TI 6
119594032 TO 6
119594274 TI 1
86730032 TO 6
119612166 TI 6
119626222 TO 6
119626464 TI 5
86762032 TO 6
119644214 TI 1
119645253 TO 1
119645703 TI 6
86794222 TO 6
119663243 TI 1
119664041 TO 1
119664491 TI 6
86813253 TO 1
119690273 TI 1
119691072 TO 1
119691522 TI 6
86843703 TO 1
119722273 TI 1
119723072 TO 1
119723522 TI 6
86875703 TO 1
119754273 TI 1
119755072 TO 1
119755522 TI 6
86907703 TO 1
119786273 TI 1
119787072 TO 1
119787522 TI 6
86939703 TO 1
119818273 TI 1
119819072 TO 1
119819522 TI 6
86971703 TO 1
119850273 TI 1
119851072 TO 1
119851522 TI 6
87003703 TO 1
119882273 TI 1
119883072 TO 1
119883522 TI 6
87035703 TO 1
119914273 TI 1
119915086 TO 1
119915536 TI 6
87067703 TO 1
119946463 TI 5
119947342 TO 5
119947584 TI 1
87100201 TO 1
119965702 TI 6
119978032 TO 6
119978274 TI 1
88693811 TO 2
119996152 TI 6
120010032 TO 6
120010274 TI 1
89090011 TO 5
120028438 TI 2
120680039 TO 2
120681089 TI 5
89108797 TO 6
120699257 TI 3
122000049 TO 3
122000893 TI 1
89130032 TO 6
122018809 TI 5
122019702 TO 5
122020152 TI 6
89162032 TO 6
122037692 TI 1
122038490 TO 1
122038940 TI 6
89194032 TO 6
122058273 TI 1
122059072 TO 1
122059522 TI 6
89226032 TO 6
122090273 TI 1
122091072 TO 1
122091522 TI 6
89258032 TO 6
122122273 TI 1
122123072 TO 1
122123522 TI 6
89290032 TO 6
122154273 TI 1
122155072 TO 1
122155522 TI 6
89322032 TO 6
122186273 TI 1
122187072 TO 1
122187522 TI 6
89354032 TO 6
122218273 TI 1
122219072 TO 1
122219522 TI 6
89386222 TO 6
122250273 TI 1
122251072 TO 1
122251522 TI 6
89405253 TO 1
122282273 TI 1
122283086 TO 1
122283536 TI 6
89435703 TO 1
122314463 TI 5
122315342 TO 5
122315584 TI 1
89467703 TO 1
122333702 TI 6
122346032 TO 6
122346274 TI 1
89499703 TO 1
122364152 TI 6
122378032 TO 6
122378274 TI 1
89531703 TO 1
122396152 TI 6
122410032 TO 6
122410274 TI 1
89563703 TO 1
122428152 TI 6
122442032 TO 6
122442274 TI 1
89595703 TO 1
122460152 TI 6
122474032 TO 6
122474274 TI 1
89627703 TO 1
122492152 TI 6
122506032 TO 6
122506274 TI 1
89659703 TO 1
122524152 TI 6
122538032 TO 6
122538274 TI 1
89691717 TO 1
122556152 TI 6
122570032 TO 6
122570274 TI 1
89723973 TO 5
122588152 TI 6
122602032 TO 6
122602274 TI 1
89743002 TO 6
122620166 TI 6
122634222 TO 6
122634464 TI 5
89770032 TO 6
122666043 TI 1
122666842 TO 1
122667090 TI 5
122669712 TO 5
89802273 TI 1
122698032 TO 6
122698274 TI 1
122699074 TO 1
89834273 TI 1
122730032 TO 6
122730274 TI 1
122731074 TO 1
89866273 TI 1
122762032 TO 6
122762274 TI 1
122763074 TO 1
89898273 TI 1
122794032 TO 6
122794274 TI 1
122795074 TO 1
89930273 TI 1
122826032 TO 6
122826274 TI 1
122827074 TO 1
89962273 TI 1
122858032 TO 6
122858274 TI 1
122859074 TO 1
89994273 TI 1
122890032 TO 6
122890274 TI 1
122891074 TO 1
90024214 TI 4
122922032 TO 6
122922274 TI 1
122923074 TO 1
91895257 TI 3
122954032 TO 6
122954274 TI 1
122955088 TO 1
94425640 TI 2
122986222 TO 6
122986464 TI 5
122987344 TO 5
95932305 TI 5
123005252 TO 1
123005702 TI 6
123018032 TO 6
95951734 TI 6
123035700 TO 1
123036150 TI 6
123050032 TO 6
95996152 TI 6
123067700 TO 1
123068150 TI 6
123082032 TO 6
96028152 TI 6
123099700 TO 1
123100150 TI 6
123114032 TO 6
96060152 TI 6
123131700 TO 1
123132150 TI 6
123146032 TO 6
96092152 TI 6
123163700 TO 1
123164150 TI 6
123178032 TO 6
96124152 TI 6
123195700 TO 1
123196150 TI 6
123210032 TO 6
96156152 TI 6
123228194 TO 1
123228436 TI 2
123881016 TO 2
96188152 TI 6
125491796 TO 4
125492038 TI 3
126425405 TO 3
96220166 TI 6
127093800 TO 2
127094250 TI 3
127462575 TO 3
96252214 TI 1
129135933 TO 4
129136583 TI 5
129137463 TO 5
96271243 TI 1
129155371 TO 1
129155821 TI 6
129162032 TO 6
96298273 TI 1
129179700 TO 1
129180150 TI 6
129194032 TO 6
96330273 TI 1
129211700 TO 1
129212150 TI 6
129226032 TO 6
96362273 TI 1
129243700 TO 1
129244150 TI 6
129258032 TO 6
96394273 TI 1
129275700 TO 1
129276150 TI 6
129290032 TO 6
96426273 TI 1
129307700 TO 1
129308150 TI 6
129322032 TO 6
96458273 TI 1
129339700 TO 1
129340150 TI 6
129354032 TO 6
96490273 TI 1
129371700 TO 1
129372150 TI 6
129386032 TO 6
96522273 TI 1
129403700 TO 1
129404150 TI 6
129418032 TO 6
96554463 TI 5
129435714 TO 1
129436164 TI 6
129450222 TO 6
96573702 TI 6
129467970 TO 5
129468212 TI 1
129469252 TO 1
96604152 TI 6
129486998 TO 6
129487240 TI 1
129488039 TO 1
96636152 TI 6
129514032 TO 6
129514274 TI 1
129515074 TO 1
96668152 TI 6
129546032 TO 6
129546274 TI 1
129547074 TO 1
96700442 TI 3
129578032 TO 6
129578274 TI 1
129579074 TO 1
98294260 TI 3
129610032 TO 6
129610274 TI 1
129611074 TO 1
98690252 TI 1
129629444 TO 6
129629686 TI 2
130281520 TO 2
98709038 TI 1
130300488 TO 1
130300730 TI 3
131601518 TO 3
98730273 TI 1
131620108 TO 5
131620356 TI 1
131621153 TO 1
98762273 TI 1
131638899 TO 6
131639141 TI 1
131639940 TO 1
98794273 TI 1
131658032 TO 6
131658274 TI 1
131659074 TO 1
98826273 TI 1
131690032 TO 6
131690274 TI 1
131691074 TO 1
98858273 TI 1
131722032 TO 6
131722274 TI 1
131723074 TO 1
98890273 TI 1
131754032 TO 6
131754274 TI 1
131755074 TO 1
98922273 TI 1
131786032 TO 6
131786274 TI 1
131787074 TO 1
98954273 TI 1
131818032 TO 6
131818274 TI 1
131819074 TO 1
98986463 TI 5
131850032 TO 6
131850274 TI 1
131851074 TO 1
99005702 TI 6
131882032 TO 6
131882274 TI 1
131883088 TO 1
99036152 TI 6
131914222 TO 6
131914464 TI 5
131915344 TO 5
99068152 TI 6
131933252 TO 1
131933702 TI 6
131946032 TO 6
99100152 TI 6
131963700 TO 1
131964150 TI 6
131978032 TO 6
99132152 TI 6
131995700 TO 1
131996150 TI 6
132010032 TO 6
99164152 TI 6
132027700 TO 1
132028150 TI 6
132042032 TO 6
99196152 TI 6
132059700 TO 1
132060150 TI 6
132074032 TO 6
99228152 TI 6
132091700 TO 1
132092150 TI 6
132106032 TO 6
99260152 TI 6
132123700 TO 1
132124150 TI 6
132138032 TO 6
99292166 TI 6
132155700 TO 1
132156150 TI 6
132170032 TO 6
99324214 TI 1
132187700 TO 1
132188150 TI 6
132202032 TO 6
99343243 TI 1
132219714 TO 1
132220164 TI 6
132234222 TO 6
99370273 TI 1
132251970 TO 5
132252212 TI 1
132253252 TO 1
99402273 TI 1
132270998 TO 6
132271240 TI 1
132272039 TO 1
99434273 TI 1
132298032 TO 6
132298274 TI 1
132299074 TO 1
99466273 TI 1
132330032 TO 6
132330274 TI 1
132331074 TO 1
99498273 TI 1
132362032 TO 6
132362274 TI 1
132363074 TO 1
99530273 TI 1
132394032 TO 6
132394274 TI 1
132395074 TO 1
99562273 TI 1
132426032 TO 6
132426274 TI 1
132427074 TO 1
99594273 TI 1
132458032 TO 6
132458274 TI 1
132459074 TO 1
99626463 TI 5
132490032 TO 6
132490274 TI 1
132491074 TO 1
99645702 TI 6
132522032 TO 6
132522274 TI 1
132523088 TO 1
99676152 TI 6
132554222 TO 6
132554464 TI 5
132555344 TO 5
99708152 TI 6
132573252 TO 1
132573702 TI 6
132586032 TO 6
99740152 TI 6
132603700 TO 1
132604150 TI 6
132618032 TO 6
99772152 TI 6
132635700 TO 1
132636150 TI 6
132650032 TO 6
99804152 TI 6
132667700 TO 1
132668150 TI 6
132682032 TO 6
99836152 TI 6
132699700 TO 1
132700150 TI 6
132714032 TO 6
99868152 TI 6
132731700 TO 1
132732150 TI 6
132746032 TO 6
99900152 TI 6
132763700 TO 1
132764150 TI 6
132778032 TO 6
99932166 TI 6
132795700 TO 1
132796150 TI 6
132810032 TO 6
99964214 TI 1
132828194 TO 1
132828436 TI 2
133480039 TO 2
99983243 TI 1
133498152 TO 5
133498394 TI 1
133499193 TO 1
100010273 TI 1
133516735 TO 5
133516983 TI 1
133518022 TO 1
100042273 TI 1
133536024 TO 5
133536474 TI 6
133546032 TO 6
100074273 TI 1
133563700 TO 1
133564150 TI 6
133578032 TO 6
100106273 TI 1
133595700 TO 1
133596150 TI 6
133610032 TO 6
100138273 TI 1
133627700 TO 1
133628150 TI 6
133642032 TO 6
100170273 TI 1
133659700 TO 1
133660150 TI 6
133674032 TO 6
100202273 TI 1
133691700 TO 1
133692150 TI 6
133706032 TO 6
100234273 TI 1
133723700 TO 1
133724150 TI 6
133738032 TO 6
100266463 TI 5
133755700 TO 1
133756150 TI 6
133770032 TO 6
100285702 TI 6
133787700 TO 1
133788150 TI 6
133802032 TO 6
100316152 TI 6
133819714 TO 1
133820164 TI 6
133834222 TO 6
100348152 TI 6
133851970 TO 5
133852212 TI 1
133853252 TO 1
100380152 TI 6
133870998 TO 6
133871240 TI 1
133872039 TO 1
100412152 TI 6
133898032 TO 6
133898274 TI 1
133899074 TO 1
100444152 TI 6
133930032 TO 6
133930274 TI 1
133931074 TO 1
100476152 TI 6
133962032 TO 6
133962274 TI 1
133963074 TO 1
100508152 TI 6
133994032 TO 6
133994274 TI 1
133995074 TO 1
100540152 TI 6
134026032 TO 6
134026274 TI 1
134027074 TO 1
100572166 TI 6
134058032 TO 6
134058274 TI 1
134059074 TO 1
100604214 TI 1
134090032 TO 6
134090274 TI 1
134091074 TO 1
100623243 TI 1
134122032 TO 6
134122274 TI 1
134123088 TO 1
100650273 TI 1
134154222 TO 6
134154464 TI 5
134155344 TO 5
100682273 TI 1
134173252 TO 1
134173702 TI 6
134186032 TO 6
100714273 TI 1
134203700 TO 1
134204150 TI 6
134218032 TO 6
100746273 TI 1
134235700 TO 1
134236150 TI 6
134250032 TO 6
100778273 TI 1
134267700 TO 1
134268150 TI 6
134282032 TO 6
100810273 TI 1
134299700 TO 1
134300150 TI 6
134314032 TO 6
100829686 TI 2
134331700 TO 1
134332150 TI 6
134346032 TO 6
101501566 TI 3
134363700 TO 1
134364150 TI 6
134378032 TO 6
104025640 TI 2
134395700 TO 1
134396150 TI 6
134410032 TO 6
106292031 TI 3
134427700 TO 1
134428150 TI 6
134442032 TO 6
107894246 TI 3
134459714 TO 1
134460164 TI 6
134474222 TO 6
108727678 TI 1
134491970 TO 5
134492212 TI 1
134493252 TO 1
108746506 TI 1
134510998 TO 6
134511240 TI 1
134512039 TO 1
108765759 TI 6
134538032 TO 6
134538274 TI 1
134539074 TO 1
108796152 TI 6
134570032 TO 6
134570274 TI 1
134571074 TO 1
108828152 TI 6
134602032 TO 6
134602274 TI 1
134603074 TO 1
108860152 TI 6
134634032 TO 6
134634274 TI 1
134635074 TO 1
108892152 TI 6
134666032 TO 6
134666274 TI 1
134667074 TO 1
108924152 TI 6
134698032 TO 6
134698274 TI 1
134699074 TO 1
108956152 TI 6
134730032 TO 6
134730274 TI 1
134731074 TO 1
108988152 TI 6
134762032 TO 6
134762274 TI 1
134763088 TO 1
109020152 TI 6
109052166 TI 6
109066222 TO 6
109066464 TI 5
109083973 TO 5
134812210 TI 1
134813250 TO 1
134813700 TI 6
134824000 TO 6
134840866 TI 4
135091790 TO 4
135092032 TI 3
136025399 TO 3
136042267 TI 2
136693794 TO 2
136694244 TI 3
137062788 TO 3
137079864 TI 4
139225399 TO 4
139225641 TI 2
139877017 TO 2
139894293 TI 4
139895591 TO 4
139895833 TI 3
141196612 TO 3
141213688 TI 4
142068520 TO 4
142069164 TI 1
142069964 TO 1
142086832 TI 5
142087966 TO 5
142088416 TI 6
142090032 TO 6
142106900 TI 1
142107700 TO 1
142108150 TI 6
142122032 TO 6
142138900 TI 1
142139700 TO 1
142140150 TI 6
142154032 TO 6
142170900 TI 1
142171700 TO 1
142172150 TI 6
142186032 TO 6
142202900 TI 1
142203700 TO 1
142204150 TI 6
142218032 TO 6
142234900 TI 1
142235700 TO 1
142236150 TI 6
142250032 TO 6
142266900 TI 1
142267700 TO 1
142268150 TI 6
142282032 TO 6
142298900 TI 1
142299700 TO 1
142300150 TI 6
142314032 TO 6
142330900 TI 1
142331700 TO 1
142332150 TI 6
142346032 TO 6
142362900 TI 1
142363714 TO 1
142364164 TI 6
142378222 TO 6
142395090 TI 5
142395970 TO 5
142396212 TI 1
142397252 TO 1
142414328 TI 6
142414998 TO 6
142415240 TI 1
142416039 TO 1
142433115 TI 6
142434409 TO 6
142434651 TI 2
143086679 TO 2
143104349 TI 1
143105389 TO 1
143105631 TI 5
143106525 TO 5
143123601 TI 6
143124271 TO 6
143124513 TI 1
143125312 TO 1
143142388 TI 6
143146032 TO 6
143146274 TI 1
143147074 TO 1
143164150 TI 6
143178032 TO 6
143178274 TI 1
143179074 TO 1
143196150 TI 6
143210032 TO 6
143210274 TI 1
143211074 TO 1
143228150 TI 6
143242032 TO 6
143242274 TI 1
143243074 TO 1
143260150 TI 6
143274032 TO 6
143274274 TI 1
143275074 TO 1
143292150 TI 6
143306032 TO 6
143306274 TI 1
143307074 TO 1
143324150 TI 6
143338032 TO 6
143338274 TI 1
143339074 TO 1
143356150 TI 6
143370032 TO 6
143370274 TI 1
143371088 TO 1
143388164 TI 6
143402222 TO 6
143402464 TI 5
143403344 TO 5
143420212 TI 1
143421252 TO 1
143421702 TI 6
143434032 TO 6
143450900 TI 1
143451700 TO 1
143452150 TI 6
143466032 TO 6
143482900 TI 1
143483700 TO 1
143484150 TI 6
143498032 TO 6
143514900 TI 1
143515700 TO 1
143516150 TI 6
143530032 TO 6
143546900 TI 1
143547700 TO 1
143548150 TI 6
143562032 TO 6
143578900 TI 1
143579700 TO 1
143580150 TI 6
143594032 TO 6
143610900 TI 1
143611700 TO 1
143612150 TI 6
143626032 TO 6
143642900 TI 1
143643700 TO 1
143644150 TI 6
143658032 TO 6
143674900 TI 1
143675700 TO 1
143676150 TI 6
143690032 TO 6
143706900 TI 1
143707714 TO 1
143708164 TI 6
143722222 TO 6
143739090 TI 5
143739970 TO 5
143740212 TI 1
143741252 TO 1
143758328 TI 6
143758998 TO 6
143759240 TI 1
143760039 TO 1
143777115 TI 6
143786032 TO 6
143786274 TI 1
143787074 TO 1
143804150 TI 6
143818032 TO 6
143818274 TI 1
143819074 TO 1
143836150 TI 6
143850032 TO 6
143850274 TI 1
143851074 TO 1
143868150 TI 6
143882032 TO 6
143882274 TI 1
143883074 TO 1
143900150 TI 6
143914032 TO 6
143914274 TI 1
143915074 TO 1
143932150 TI 6
143946032 TO 6
143946274 TI 1
143947074 TO 1
143964150 TI 6
143978032 TO 6
143978274 TI 1
143979074 TO 1
143996150 TI 6
144010032 TO 6
144010274 TI 1
144011088 TO 1
144028164 TI 6
144042222 TO 6
144042464 TI 5
144043344 TO 5
144060212 TI 1
144061252 TO 1
144061702 TI 6
144074032 TO 6
144090900 TI 1
144091700 TO 1
144092150 TI 6
144106032 TO 6
144122900 TI 1
144123700 TO 1
144124150 TI 6
144138032 TO 6
144154900 TI 1
144155700 TO 1
144156150 TI 6
144170032 TO 6
144186900 TI 1
144187700 TO 1
144188150 TI 6
144202032 TO 6
144218900 TI 1
144219700 TO 1
144220150 TI 6
144234032 TO 6
144250900 TI 1
144251700 TO 1
144252150 TI 6
144266032 TO 6
144282900 TI 1
144283700 TO 1
144284150 TI 6
144298032 TO 6
144314900 TI 1
144315700 TO 1
144316150 TI 6
144330032 TO 6
144346900 TI 1
144347714 TO 1
144348164 TI 6
144362222 TO 6
144379090 TI 5
144379970 TO 5
144380212 TI 1
144381252 TO 1
144398328 TI 6
144398998 TO 6
144399240 TI 1
144400039 TO 1
144417115 TI 6
144426032 TO 6
144426274 TI 1
144427074 TO 1
144444150 TI 6
144458032 TO 6
144458274 TI 1
144459074 TO 1
144476150 TI 6
144490032 TO 6
144490274 TI 1
144491074 TO 1
144508150 TI 6
144522032 TO 6
144522274 TI 1
144523074 TO 1
144540150 TI 6
144554032 TO 6
144554274 TI 1
144555074 TO 1
144572150 TI 6
144586032 TO 6
144586274 TI 1
144587074 TO 1
144604150 TI 6
144618032 TO 6
144618274 TI 1
144619074 TO 1
144636150 TI 6
144650032 TO 6
144650274 TI 1
144651088 TO 1
144668164 TI 6
144682222 TO 6
144682464 TI 5
144683344 TO 5
144700212 TI 1
144701510 TO 1
144701752 TI 3
145625399 TO 3
145642267 TI 2
146294792 TO 2
146295242 TI 3
146673691 TO 3
146690761 TI 4
148825399 TO 4
148825641 TI 2
149477017 TO 2
149494293 TI 4
149495591 TO 4
149495833 TI 3
150796612 TO 3
150813688 TI 4
151928432 TO 4
151929082 TI 5
151929962 TO 5
151946830 TI 1
151948060 TO 1
151948510 TI 6
151978032 TO 6
151994900 TI 1
151995700 TO 1
151996150 TI 6
152010032 TO 6
152026900 TI 1
152028194 TO 1
152028436 TI 2
152680039 TO 2
152697715 TI 5
152698152 TO 5
152698394 TI 1
152699193 TO 1
152716067 TI 5
152716735 TO 5
152716983 TI 1
152718022 TO 1
152734890 TI 5
152736024 TO 5
152736474 TI 6
152746032 TO 6
152762900 TI 1
152763700 TO 1
152764150 TI 6
152778032 TO 6
152794900 TI 1
152795700 TO 1
152796150 TI 6
152810032 TO 6
152826900 TI 1
152827700 TO 1
152828150 TI 6
152842032 TO 6
152858900 TI 1
152859700 TO 1
152860150 TI 6
152874032 TO 6
152890900 TI 1
152891700 TO 1
152892150 TI 6
152906032 TO 6
152922900 TI 1
152923700 TO 1
152924150 TI 6
152938032 TO 6
152954900 TI 1
152955700 TO 1
152956150 TI 6
152970032 TO 6
152986900 TI 1
152987700 TO 1
152988150 TI 6
153002032 TO 6
153018900 TI 1
153019714 TO 1
153020164 TI 6
153034222 TO 6
153051090 TI 5
153051970 TO 5
153052212 TI 1
153053252 TO 1
153070328 TI 6
153070998 TO 6
153071240 TI 1
153072039 TO 1
153089115 TI 6
153098032 TO 6
153098274 TI 1
153099074 TO 1
153116150 TI 6
153130032 TO 6
153130274 TI 1
153131074 TO 1
153148150 TI 6
153162032 TO 6
153162274 TI 1
153163074 TO 1
153180150 TI 6
153194032 TO 6
153194274 TI 1
153195074 TO 1
153212150 TI 6
153226032 TO 6
153226274 TI 1
153227074 TO 1
153244150 TI 6
153258032 TO 6
153258274 TI 1
153259074 TO 1
153276150 TI 6
153290032 TO 6
153290274 TI 1
153291074 TO 1
153308150 TI 6
153322032 TO 6
153322274 TI 1
153323088 TO 1
153340164 TI 6
153354222 TO 6
153354464 TI 5
153355344 TO 5
153372212 TI 1
153373252 TO 1
153373702 TI 6
153386032 TO 6
153402900 TI 1
153403700 TO 1
153404150 TI 6
153418032 TO 6
153434900 TI 1
153435700 TO 1
153436150 TI 6
153450032 TO 6
153466900 TI 1
153467700 TO 1
153468150 TI 6
153482032 TO 6
153498900 TI 1
153499700 TO 1
153500150 TI 6
153514032 TO 6
153530900 TI 1
153531700 TO 1
153532150 TI 6
153546032 TO 6
153562900 TI 1
153563700 TO 1
153564150 TI 6
153578032 TO 6
153594900 TI 1
153595700 TO 1
153596150 TI 6
153610032 TO 6
153626900 TI 1
153627700 TO 1
153628150 TI 6
153642032 TO 6
153658900 TI 1
153659714 TO 1
153660164 TI 6
153674222 TO 6
153691090 TI 5
153691970 TO 5
153692212 TI 1
153693252 TO 1
153710328 TI 6
153710998 TO 6
153711240 TI 1
153712039 TO 1
153729115 TI 6
153738032 TO 6
153738274 TI 1
153739074 TO 1
153756150 TI 6
153770032 TO 6
153770274 TI 1
153771074 TO 1
153788150 TI 6
153802032 TO 6
153802274 TI 1
153803074 TO 1
153820150 TI 6
153834032 TO 6
153834274 TI 1
153835074 TO 1
153852150 TI 6
153866032 TO 6
153866274 TI 1
153867074 TO 1
153884150 TI 6
153898032 TO 6
153898274 TI 1
153899074 TO 1
153916150 TI 6
153930032 TO 6
153930274 TI 1
153931074 TO 1
153948150 TI 6
153962032 TO 6
153962274 TI 1
153963088 TO 1
153980164 TI 6
153994222 TO 6
153994464 TI 5
153995344 TO 5
154012212 TI 1
154013252 TO 1
154013702 TI 6
154026032 TO 6
154042900 TI 1
154043700 TO 1
154044150 TI 6
154058032 TO 6
154074900 TI 1
154075700 TO 1
154076150 TI 6
154090032 TO 6
154106900 TI 1
154107700 TO 1
154108150 TI 6
154122032 TO 6
154138900 TI 1
154139700 TO 1
154140150 TI 6
154154032 TO 6
154170900 TI 1
154171700 TO 1
154172150 TI 6
154186032 TO 6
154202900 TI 1
154203700 TO 1
154204150 TI 6
154218032 TO 6
154234900 TI 1
154235700 TO 1
154236150 TI 6
154250032 TO 6
154266900 TI 1
154267700 TO 1
154268150 TI 6
154282032 TO 6
154298900 TI 1
154300198 TO 1
154300440 TI 3
155225399 TO 3
155242267 TI 2
155893808 TO 2
155894258 TI 3
156271409 TO 3
156288885 TI 5
156290005 TO 5
156290247 TI 1
156291044 TO 1
156308120 TI 6
156308790 TO 6
156309032 TI 1
156309831 TO 1
156326907 TI 6
156330032 TO 6
156330274 TI 1
156331074 TO 1
156348150 TI 6
156362032 TO 6
156362274 TI 1
156363074 TO 1
156380150 TI 6
156394032 TO 6
156394274 TI 1
156395074 TO 1
156412150 TI 6
156426032 TO 6
156426274 TI 1
156427074 TO 1
156444150 TI 6
156458032 TO 6
156458274 TI 1
156459074 TO 1
156476150 TI 6
156490032 TO 6
156490274 TI 1
156491074 TO 1
156508150 TI 6
156522032 TO 6
156522274 TI 1
156523074 TO 1
156540150 TI 6
156554032 TO 6
156554274 TI 1
156555088 TO 1
156572164 TI 6
156586222 TO 6
156586464 TI 5
156587344 TO 5
156604212 TI 1
156605252 TO 1
156605702 TI 6
156618032 TO 6
156634900 TI 1
156635700 TO 1
156636150 TI 6
156650032 TO 6
156666900 TI 1
156667700 TO 1
156668150 TI 6
156682032 TO 6
156698900 TI 1
156699700 TO 1
156700150 TI 6
156714032 TO 6
156730900 TI 1
156731700 TO 1
156732150 TI 6
156746032 TO 6
156762900 TI 1
156763700 TO 1
156764150 TI 6
156778032 TO 6
156794900 TI 1
156795700 TO 1
156796150 TI 6
156810032 TO 6
156826900 TI 1
156827700 TO 1
156828150 TI 6
156842032 TO 6
156858900 TI 1
156859700 TO 1
156860150 TI 6
156874032 TO 6
156890900 TI 1
156891714 TO 1
156892164 TI 6
156906222 TO 6
156923090 TI 5
156923970 TO 5
156924212 TI 1
156925252 TO 1
156942328 TI 6
156942998 TO 6
156943240 TI 1
156944039 TO 1
156961115 TI 6
156970032 TO 6
156970274 TI 1
156971074 TO 1
156988150 TI 6
157002032 TO 6
157002274 TI 1
157003074 TO 1
157020150 TI 6
157034032 TO 6
157034274 TI 1
157035074 TO 1
157052150 TI 6
157066032 TO 6
157066274 TI 1
157067074 TO 1
157084150 TI 6
157098032 TO 6
157098274 TI 1
157099074 TO 1
157116150 TI 6
157130032 TO 6
157130274 TI 1
157131074 TO 1
157148150 TI 6
157162032 TO 6
157162274 TI 1
157163074 TO 1
157180150 TI 6
157194032 TO 6
157194274 TI 1
157195088 TO 1
157212164 TI 6
157223973 TO 6
157224215 TI 4
158425399 TO 4
158442267 TI 2
159094813 TO 2
159095257 TI 3
160395849 TO 3
160412925 TI 4
161625399 TO 4
161625641 TI 2
162277017 TO 2
162294293 TI 4
163131673 TO 4
163132317 TI 5
163133437 TO 5
163150305 TI 1
163151295 TO 1
163151745 TI 6
163178032 TO 6
163194900 TI 1
163195700 TO 1
163196150 TI 6
163210032 TO 6
163226900 TI 1
163227700 TO 1
163228150 TI 6
163242032 TO 6
163258900 TI 1
163259700 TO 1
163260150 TI 6
163274032 TO 6
163290900 TI 1
163291700 TO 1
163292150 TI 6
163306032 TO 6
163322900 TI 1
163323700 TO 1
163324150 TI 6
163338032 TO 6
163354900 TI 1
163355700 TO 1
163356150 TI 6
163370032 TO 6
163386900 TI 1
163387700 TO 1
163388150 TI 6
163402032 TO 6
163418900 TI 1
163419714 TO 1
163420164 TI 6
163434222 TO 6
163451090 TI 5
163451970 TO 5
163452212 TI 1
163453252 TO 1
163470328 TI 6
163470998 TO 6
163471240 TI 1
163472039 TO 1
163489115 TI 6
163498032 TO 6
163498274 TI 1
163499074 TO 1
163516150 TI 6
163530032 TO 6
163530274 TI 1
163531074 TO 1
163548150 TI 6
163562032 TO 6
163562274 TI 1
163563074 TO 1
163580150 TI 6
163594032 TO 6
163594274 TI 1
163595074 TO 1
163612150 TI 6
163626032 TO 6
163626274 TI 1
163627074 TO 1
163644150 TI 6
163658032 TO 6
163658274 TI 1
163659074 TO 1
163676150 TI 6
163690032 TO 6
163690274 TI 1
163691074 TO 1
163708150 TI 6
163722032 TO 6
163722274 TI 1
163723088 TO 1
163740164 TI 6
163754222 TO 6
163754464 TI 5
163755344 TO 5
163772212 TI 1
163773252 TO 1
163773702 TI 6
163786032 TO 6
163802900 TI 1
163803700 TO 1
163804150 TI 6
163818032 TO 6
163834900 TI 1
163835700 TO 1
163836150 TI 6
163850032 TO 6
163866900 TI 1
163867700 TO 1
163868150 TI 6
163882032 TO 6
163898900 TI 1
163900198 TO 1
163900440 TI 3
164825399 TO 3
164842267 TI 2
165493808 TO 2
165494258 TI 3
165871410 TO 3
165888886 TI 5
165890006 TO 5
165890248 TI 1
165891045 TO 1
165908121 TI 6
165908791 TO 6
165909033 TI 1
165909832 TO 1
165926908 TI 6
165930032 TO 6
165930274 TI 1
165931074 TO 1
165948150 TI 6
165962032 TO 6
165962274 TI 1
165963074 TO 1
165980150 TI 6
165994032 TO 6
165994274 TI 1
165995074 TO 1
166012150 TI 6
166026032 TO 6
166026274 TI 1
166027074 TO 1
166044150 TI 6
166058032 TO 6
166058274 TI 1
166059074 TO 1
166076150 TI 6
166090032 TO 6
166090274 TI 1
166091074 TO 1
166108150 TI 6
166122032 TO 6
166122274 TI 1
166123074 TO 1
166140150 TI 6
166154032 TO 6
166154274 TI 1
166155088 TO 1
166172164 TI 6
166186222 TO 6
166186464 TI 5
166187344 TO 5
166204212 TI 1
166205252 TO 1
166205702 TI 6
166218032 TO 6
166234900 TI 1
166235700 TO 1
166236150 TI 6
166250032 TO 6
166266900 TI 1
166267700 TO 1
166268150 TI 6
166282032 TO 6
166298900 TI 1
166299700 TO 1
166300150 TI 6
166314032 TO 6
166330900 TI 1
166331700 TO 1
166332150 TI 6
166346032 TO 6
166362900 TI 1
166363700 TO 1
166364150 TI 6
166378032 TO 6
166394900 TI 1
166395700 TO 1
166396150 TI 6
166410032 TO 6
166426900 TI 1
166427700 TO 1
166428150 TI 6
166442032 TO 6
166458900 TI 1
166459700 TO 1
166460150 TI 6
166474032 TO 6
166490900 TI 1
166491714 TO 1
166492164 TI 6
166506222 TO 6
166523090 TI 5
166523970 TO 5
166524212 TI 1
166525252 TO 1
166542328 TI 6
166542998 TO 6
166543240 TI 1
166544039 TO 1
166561115 TI 6
166570032 TO 6
166570274 TI 1
166571074 TO 1
166588150 TI 6
166602032 TO 6
166602274 TI 1
166603074 TO 1
166620150 TI 6
166634032 TO 6
166634274 TI 1
166635074 TO 1
166652150 TI 6
166666032 TO 6
166666274 TI 1
166667074 TO 1
166684150 TI 6
166698032 TO 6
166698274 TI 1
166699074 TO 1
166716150 TI 6
166730032 TO 6
166730274 TI 1
166731074 TO 1
166748150 TI 6
166762032 TO 6
166762274 TI 1
166763074 TO 1
166780150 TI 6
166794032 TO 6
166794274 TI 1
166795088 TO 1
166812164 TI 6
166826222 TO 6
166826464 TI 5
166827344 TO 5
166844212 TI 1
166845252 TO 1
166845702 TI 6
166858032 TO 6
166874900 TI 1
166875700 TO 1
166876150 TI 6
166890032 TO 6
166906900 TI 1
166907700 TO 1
166908150 TI 6
166922032 TO 6
166938900 TI 1
166939700 TO 1
166940150 TI 6
166954032 TO 6
166970900 TI 1
166971700 TO 1
166972150 TI 6
166986032 TO 6
167002900 TI 1
167003700 TO 1
167004150 TI 6
167018032 TO 6
167034900 TI 1
167035700 TO 1
167036150 TI 6
167050032 TO 6
167066900 TI 1
167067700 TO 1
167068150 TI 6
167082032 TO 6
167098900 TI 1
167099700 TO 1
167100150 TI 6
167114032 TO 6
167130900 TI 1
167131714 TO 1
167132164 TI 6
167146222 TO 6
167163090 TI 5
167163970 TO 5
167164212 TI 1
167165252 TO 1
167182328 TI 6
167182998 TO 6
167183240 TI 1
167184039 TO 1
167201115 TI 6
167210032 TO 6
167210274 TI 1
167211074 TO 1
167228150 TI 6
167242032 TO 6
167242274 TI 1
167243074 TO 1
167260150 TI 6
167274032 TO 6
167274274 TI 1
167275074 TO 1
167292150 TI 6
167306032 TO 6
167306274 TI 1
167307074 TO 1
167324150 TI 6
167338032 TO 6
167338274 TI 1
167339074 TO 1
167356150 TI 6
167370032 TO 6
167370274 TI 1
167371074 TO 1
167388150 TI 6
167402032 TO 6
167402274 TI 1
167403074 TO 1
167420150 TI 6
167434032 TO 6
167434274 TI 1
167435088 TO 1
167452164 TI 6
167466222 TO 6
167466464 TI 5
167467344 TO 5
167484212 TI 1
167485252 TO 1
167485702 TI 6
167498032 TO 6
167514900 TI 1
167515700 TO 1
167516150 TI 6
167530032 TO 6
167546900 TI 1
167547700 TO 1
167548150 TI 6
167562032 TO 6
167578900 TI 1
167579700 TO 1
167580150 TI 6
167594032 TO 6
167610900 TI 1
167611700 TO 1
167612150 TI 6
167626032 TO 6
167642900 TI 1
167643700 TO 1
167644150 TI 6
167658032 TO 6
134812210 TI 1
134813250 TO 1
134813700 TI 6
134824000 TO 6
167706898 TI 1
167707698 TO 1
167708148 TI 6
167722032 TO 6
167738898 TI 1
167739698 TO 1
167740148 TI 6
167754032 TO 6
167770900 TI 1
167771714 TO 1
167772164 TI 6
167786222 TO 6
167803090 TI 5
167803970 TO 5
167804212 TI 1
167805252 TO 1
167822328 TI 6
167822998 TO 6
167823240 TI 1
167824039 TO 1
167841115 TI 6
167850032 TO 6
167850274 TI 1
167851074 TO 1
167868150 TI 6
167882032 TO 6
167882274 TI 1
167883074 TO 1
167900150 TI 6
167914032 TO 6
167914274 TI 1
167915074 TO 1
167932150 TI 6
167946032 TO 6
167946274 TI 1
167947074 TO 1
167964150 TI 6
167978032 TO 6
167978274 TI 1
167979074 TO 1
167996150 TI 6
168010032 TO 6
168010274 TI 1
168011074 TO 1
168028150 TI 6
168029444 TO 6
168029686 TI 2
168682756 TO 2
168700026 TI 4
168701324 TO 4
168701566 TI 3
170002145 TO 3
170019221 TI 4
171225399 TO 4
171225641 TI 2
171877017 TO 2
171894293 TI 4
173491790 TO 4
173492032 TI 3
174425399 TO 3
174442267 TI 2
175093794 TO 2
175094244 TI 3
175462564 TO 3
175479640 TI 4
175927033 TO 4
175927677 TI 1
175928477 TO 1
175945345 TI 5
175946256 TO 5
175946504 TI 1
175947304 TO 1
175964172 TI 5
175965306 TO 5
175965756 TI 6
175978032 TO 6
175994900 TI 1
175995700 TO 1
175996150 TI 6
176010032 TO 6
176026900 TI 1
176027700 TO 1
176028150 TI 6
176042032 TO 6
176058900 TI 1
176059700 TO 1
176060150 TI 6
176074032 TO 6
176090900 TI 1
176091700 TO 1
176092150 TI 6
176106032 TO 6
176122900 TI 1
176123700 TO 1
176124150 TI 6
176138032 TO 6
176154900 TI 1
176155700 TO 1
176156150 TI 6
176170032 TO 6
176186900 TI 1
176187700 TO 1
176188150 TI 6
176202032 TO 6
176218900 TI 1
176219700 TO 1
176220150 TI 6
176234032 TO 6
176250900 TI 1
176251714 TO 1
176252164 TI 6
176266222 TO 6
176283090 TI 5
176283970 TO 5
176284212 TI 1
176285252 TO 1
176302328 TI 6
176302998 TO 6
176303240 TI 1
176304039 TO 1
176321115 TI 6
176330032 TO 6
176330274 TI 1
176331074 TO 1
176348150 TI 6
176362032 TO 6
176362274 TI 1
176363074 TO 1
176380150 TI 6
176394032 TO 6
176394274 TI 1
176395074 TO 1
176412150 TI 6
176426032 TO 6
176426274 TI 1
176427074 TO 1
176444150 TI 6
176458032 TO 6
176458274 TI 1
176459074 TO 1
176476150 TI 6
176490032 TO 6
176490274 TI 1
176491074 TO 1
176508150 TI 6
176522032 TO 6
176522274 TI 1
176523074 TO 1
176540150 TI 6
176554032 TO 6
176554274 TI 1
176555088 TO 1
176572164 TI 6
176586222 TO 6
176586464 TI 5
176587344 TO 5
176604212 TI 1
176605252 TO 1
176605702 TI 6
176618032 TO 6
176634900 TI 1
176635700 TO 1
176636150 TI 6
176650032 TO 6
176666900 TI 1
176667700 TO 1
176668150 TI 6
176682032 TO 6
176698900 TI 1
176699700 TO 1
176700150 TI 6
176714032 TO 6
176730900 TI 1
176731700 TO 1
176732150 TI 6
176746032 TO 6
176762900 TI 1
176763700 TO 1
176764150 TI 6
176778032 TO 6
176794900 TI 1
176795700 TO 1
176796150 TI 6
176810032 TO 6
176826900 TI 1
176827700 TO 1
176828150 TI 6
176842032 TO 6
176858900 TI 1
176859700 TO 1
176860150 TI 6
176874032 TO 6
176890900 TI 1
176891714 TO 1
176892164 TI 6
176906222 TO 6
176923090 TI 5
176923970 TO 5
176924212 TI 1
176925252 TO 1
176942328 TI 6
176942998 TO 6
176943240 TI 1
176944039 TO 1
176961115 TI 6
176970032 TO 6
176970274 TI 1
176971074 TO 1
176988150 TI 6
177002032 TO 6
177002274 TI 1
177003074 TO 1
177020150 TI 6
177034032 TO 6
177034274 TI 1
177035074 TO 1
177052150 TI 6
177066032 TO 6
177066274 TI 1
177067074 TO 1
177084150 TI 6
177098032 TO 6
177098274 TI 1
177099074 TO 1
177116150 TI 6
177130032 TO 6
177130274 TI 1
177131074 TO 1
177148150 TI 6
177162032 TO 6
177162274 TI 1
177163074 TO 1
177180150 TI 6
177194032 TO 6
177194274 TI 1
177195088 TO 1
177212164 TI 6
177226222 TO 6
177226464 TI 5
177227344 TO 5
177244212 TI 1
177245252 TO 1
177245702 TI 6
177258032 TO 6
177274900 TI 1
177275700 TO 1
177276150 TI 6
177290032 TO 6
177306900 TI 1
177307700 TO 1
177308150 TI 6
177322032 TO 6
177338900 TI 1
177339700 TO 1
177340150 TI 6
177354032 TO 6
177370900 TI 1
177371700 TO 1
177372150 TI 6
177386032 TO 6
177402900 TI 1
177403700 TO 1
177404150 TI 6
177418032 TO 6
177434900 TI 1
177435700 TO 1
177436150 TI 6
177450032 TO 6
177466900 TI 1
177467700 TO 1
177468150 TI 6
177482032 TO 6
177498900 TI 1
177499700 TO 1
177500150 TI 6
177514032 TO 6
177530900 TI 1
177531714 TO 1
177532164 TI 6
177546222 TO 6
177563090 TI 5
177563970 TO 5
177564212 TI 1
177565252 TO 1
177582328 TI 6
177582998 TO 6
177583240 TI 1
177584039 TO 1
177601115 TI 6
177610032 TO 6
177610274 TI 1
177611074 TO 1
177628150 TI 6
177629450 TO 6
177629692 TI 2
178281522 TO 2
178299192 TI 1
178300490 TO 1
178300732 TI 3
179601515 TO 3
179618985 TI 5
179620105 TO 5
179620353 TI 1
179621150 TO 1
179638226 TI 6
179639522 TO 6
179639764 TI 4
180825399 TO 4
180842267 TI 2
181493812 TO 2
181494462 TI 4
183091790 TO 4
183108658 TI 3
184025399 TO 3
184025641 TI 2
184677003 TO 2
184694079 TI 3
185079401 TO 3
185079851 TI 4
185548222 TO 4
185565492 TI 1
185566532 TO 1
185566774 TI 5
185567668 TO 5
185584744 TI 6
185585414 TO 6
185585656 TI 1
185586455 TO 1
185603531 TI 6
185610032 TO 6
185610274 TI 1
185611074 TO 1
185628150 TI 6
185642032 TO 6
185642274 TI 1
185643074 TO 1
185660150 TI 6
185674032 TO 6
185674274 TI 1
185675074 TO 1
185692150 TI 6
185706032 TO 6
185706274 TI 1
185707074 TO 1
185724150 TI 6
185738032 TO 6
185738274 TI 1
185739074 TO 1
185756150 TI 6
185770032 TO 6
185770274 TI 1
185771074 TO 1
185788150 TI 6
185802032 TO 6
185802274 TI 1
185803074 TO 1
185820150 TI 6
185834032 TO 6
185834274 TI 1
185835088 TO 1
185852164 TI 6
185866222 TO 6
185866464 TI 5
185867344 TO 5
185884212 TI 1
185885252 TO 1
185885702 TI 6
185898032 TO 6
185914900 TI 1
185915700 TO 1
185916150 TI 6
185930032 TO 6
185946900 TI 1
185947700 TO 1
185948150 TI 6
185962032 TO 6
185978900 TI 1
185979700 TO 1
185980150 TI 6
185994032 TO 6
186010900 TI 1
186011700 TO 1
186012150 TI 6
186026032 TO 6
186042900 TI 1
186043700 TO 1
186044150 TI 6
186058032 TO 6
186074900 TI 1
186075700 TO 1
186076150 TI 6
186090032 TO 6
186106900 TI 1
186107700 TO 1
186108150 TI 6
186122032 TO 6
186138900 TI 1
186139700 TO 1
186140150 TI 6
186154032 TO 6
186170900 TI 1
186171714 TO 1
186172164 TI 6
186186222 TO 6
186203090 TI 5
186203970 TO 5
186204212 TI 1
186205252 TO 1
186222328 TI 6
186222998 TO 6
186223240 TI 1
186224039 TO 1
186241115 TI 6
186250032 TO 6
186250274 TI 1
186251074 TO 1
186268150 TI 6
186282032 TO 6
186282274 TI 1
186283074 TO 1
186300150 TI 6
186314032 TO 6
186314274 TI 1
186315074 TO 1
186332150 TI 6
186346032 TO 6
186346274 TI 1
186347074 TO 1
186364150 TI 6
186378032 TO 6
186378274 TI 1
186379074 TO 1
186396150 TI 6
186410032 TO 6
186410274 TI 1
186411074 TO 1
186428150 TI 6
186442032 TO 6
186442274 TI 1
186443074 TO 1
186460150 TI 6
186474032 TO 6
186474274 TI 1
186475088 TO 1
186492164 TI 6
186506222 TO 6
186506464 TI 5
186522800 TO 5
186539668 TI 1
186540898 TO 1
186541348 TI 6
186570032 TO 6
186586900 TI 1
186587700 TO 1
186588150 TI 6
186602032 TO 6
186618900 TI 1
186619700 TO 1
186620150 TI 6
186634032 TO 6
186650900 TI 1
186651700 TO 1
186652150 TI 6
186666032 TO 6
186682900 TI 1
186683700 TO 1
186684150 TI 6
186698032 TO 6
186714900 TI 1
186715700 TO 1
186716150 TI 6
186730032 TO 6
186746900 TI 1
186747700 TO 1
186748150 TI 6
186762032 TO 6
186778900 TI 1
186779700 TO 1
186780150 TI 6
186794032 TO 6
186810900 TI 1
186811714 TO 1
186812164 TI 6
186826222 TO 6
186843090 TI 5
186843970 TO 5
186844212 TI 1
186845252 TO 1
186862328 TI 6
186862998 TO 6
186863240 TI 1
186864039 TO 1
186881115 TI 6
186890032 TO 6
186890274 TI 1
186891074 TO 1
186908150 TI 6
186922032 TO 6
186922274 TI 1
186923074 TO 1
186940150 TI 6
186954032 TO 6
186954274 TI 1
186955074 TO 1
186972150 TI 6
186986032 TO 6
186986274 TI 1
186987074 TO 1
187004150 TI 6
187018032 TO 6
187018274 TI 1
187019074 TO 1
187036150 TI 6
187050032 TO 6
187050274 TI 1
187051074 TO 1
187068150 TI 6
187082032 TO 6
187082274 TI 1
187083074 TO 1
187100150 TI 6
187114032 TO 6
187114274 TI 1
187115088 TO 1
187132164 TI 6
187146222 TO 6
187146464 TI 5
187147344 TO 5
187164212 TI 1
187165252 TO 1
187165702 TI 6
187178032 TO 6
187194900 TI 1
187195700 TO 1
187196150 TI 6
187210032 TO 6
187226900 TI 1
187228194 TO 1
187228436 TI 2
187880039 TO 2
187897715 TI 5
187899013 TO 5
187899255 TI 3
189200047 TO 3
189217517 TI 1
189218557 TO 1
189218805 TI 5
189219699 TO 5
189236775 TI 6
189237445 TO 6
189237687 TI 1
189238486 TO 1
189255562 TI 6
189258032 TO 6
189258274 TI 1
189259074 TO 1
189276150 TI 6
189290032 TO 6
189290274 TI 1
189291074 TO 1
189308150 TI 6
189322032 TO 6
189322274 TI 1
189323074 TO 1
189340150 TI 6
189354032 TO 6
189354274 TI 1
189355074 TO 1
189372150 TI 6
189386032 TO 6
189386274 TI 1
189387074 TO 1
189404150 TI 6
189418032 TO 6
189418274 TI 1
189419074 TO 1
189436150 TI 6
189450032 TO 6
189450274 TI 1
189451074 TO 1
189468150 TI 6
189482032 TO 6
189482274 TI 1
189483088 TO 1
189500164 TI 6
189514222 TO 6
189514464 TI 5
189515344 TO 5
189532212 TI 1
189533252 TO 1
189533702 TI 6
189546032 TO 6
189562900 TI 1
189563700 TO 1
189564150 TI 6
189578032 TO 6
189594900 TI 1
189595700 TO 1
189596150 TI 6
189610032 TO 6
189626900 TI 1
189627700 TO 1
189628150 TI 6
189642032 TO 6
189658900 TI 1
189659700 TO 1
189660150 TI 6
189674032 TO 6
189690900 TI 1
189691700 TO 1
189692150 TI 6
189706032 TO 6
189722900 TI 1
189723700 TO 1
189724150 TI 6
189738032 TO 6
189754900 TI 1
189755700 TO 1
189756150 TI 6
189770032 TO 6
189786900 TI 1
189787700 TO 1
189788150 TI 6
189802032 TO 6
189818900 TI 1
189819714 TO 1
189820164 TI 6
189834222 TO 6
189851090 TI 5
189851970 TO 5
189852212 TI 1
189853252 TO 1
189870328 TI 6
189870998 TO 6
189871240 TI 1
189872039 TO 1
189889115 TI 6
189898032 TO 6
189898274 TI 1
189899074 TO 1
189916150 TI 6
189930032 TO 6
189930274 TI 1
189931074 TO 1
189948150 TI 6
189962032 TO 6
189962274 TI 1
189963074 TO 1
189980150 TI 6
189994032 TO 6
189994274 TI 1
189995074 TO 1
190012150 TI 6
190026032 TO 6
190026274 TI 1
190027074 TO 1
190044150 TI 6
190058032 TO 6
190058274 TI 1
190059074 TO 1
190076150 TI 6
190090032 TO 6
190090274 TI 1
190091074 TO 1
190108150 TI 6
190122032 TO 6
190122274 TI 1
190123088 TO 1
190140164 TI 6
190154222 TO 6
190154464 TI 5
190155344 TO 5
190172212 TI 1
190173252 TO 1
190173702 TI 6
190186032 TO 6
190202900 TI 1
190203700 TO 1
190204150 TI 6
190218032 TO 6
190234900 TI 1
190235700 TO 1
190236150 TI 6
190250032 TO 6
190266900 TI 1
190267700 TO 1
190268150 TI 6
190282032 TO 6
190298900 TI 1
190299700 TO 1
190300150 TI 6
190314032 TO 6
190330900 TI 1
190331700 TO 1
190332150 TI 6
190346032 TO 6
190362900 TI 1
190363700 TO 1
190364150 TI 6
190378032 TO 6
190394900 TI 1
190395700 TO 1
190396150 TI 6
190410032 TO 6
190426900 TI 1
190428194 TO 1
190428436 TI 2
191081016 TO 2
191098286 TI 4
192691790 TO 4
192692032 TI 3
193625399 TO 3
193642267 TI 2
194293794 TO 2
194294244 TI 3
194662564 TO 3
194679640 TI 4
196335923 TO 4
196336573 TI 5
196337453 TO 5
196354321 TI 1
196355361 TO 1
196355811 TI 6
196362032 TO 6
196378900 TI 1
196379700 TO 1
196380150 TI 6
196394032 TO 6
196410900 TI 1
196411700 TO 1
196412150 TI 6
196426032 TO 6
196442900 TI 1
196443700 TO 1
196444150 TI 6
196458032 TO 6
196474900 TI 1
196475700 TO 1
196476150 TI 6
196490032 TO 6
196506900 TI 1
196507700 TO 1
196508150 TI 6
196522032 TO 6
196538900 TI 1
196539700 TO 1
196540150 TI 6
196554032 TO 6
196570900 TI 1
196571700 TO 1
196572150 TI 6
196586032 TO 6
196602900 TI 1
196603700 TO 1
196604150 TI 6
196618032 TO 6
196634900 TI 1
196635714 TO 1
196636164 TI 6
196650222 TO 6
196667090 TI 5
196667970 TO 5
196668212 TI 1
196669252 TO 1
196686328 TI 6
196686998 TO 6
196687240 TI 1
196688039 TO 1
196705115 TI 6
196714032 TO 6
196714274 TI 1
196715074 TO 1
196732150 TI 6
196746032 TO 6
196746274 TI 1
196747074 TO 1
196764150 TI 6
196778032 TO 6
196778274 TI 1
196779074 TO 1
196796150 TI 6
196810032 TO 6
196810274 TI 1
196811074 TO 1
196828150 TI 6
196829444 TO 6
196829686 TI 2
197481514 TO 2
197499184 TI 1
197500482 TO 1
197500724 TI 3
198801506 TO 3
198818976 TI 5
198820096 TO 5
198820344 TI 1
198821141 TO 1
198838217 TI 6
198838887 TO 6
198839129 TI 1
198839928 TO 1
198857004 TI 6
198858032 TO 6
198858274 TI 1
198859074 TO 1
198876150 TI 6
198890032 TO 6
198890274 TI 1
198891074 TO 1
198908150 TI 6
198922032 TO 6
198922274 TI 1
198923074 TO 1
198940150 TI 6
198954032 TO 6
198954274 TI 1
198955074 TO 1
198972150 TI 6
198986032 TO 6
198986274 TI 1
198987074 TO 1
199004150 TI 6
199018032 TO 6
199018274 TI 1
199019074 TO 1
199036150 TI 6
199050032 TO 6
199050274 TI 1
199051074 TO 1
199068150 TI 6
199082032 TO 6
199082274 TI 1
199083088 TO 1
199100164 TI 6
199114222 TO 6
199114464 TI 5
199115344 TO 5
199132212 TI 1
199133252 TO 1
199133702 TI 6
199146032 TO 6
199162900 TI 1
199163700 TO 1
199164150 TI 6
199178032 TO 6
199194900 TI 1
199195700 TO 1
199196150 TI 6
199210032 TO 6
199226900 TI 1
199227700 TO 1
199228150 TI 6
199242032 TO 6
199258900 TI 1
199259700 TO 1
199260150 TI 6
199274032 TO 6
199290900 TI 1
199291700 TO 1
199292150 TI 6
199306032 TO 6
199322900 TI 1
199323700 TO 1
199324150 TI 6
199338032 TO 6
199354900 TI 1
199355700 TO 1
199356150 TI 6
199370032 TO 6
199386900 TI 1
199387700 TO 1
199388150 TI 6
199402032 TO 6
199418900 TI 1
199419714 TO 1
199420164 TI 6
199434222 TO 6
199451090 TI 5
199451970 TO 5
199452212 TI 1
199453252 TO 1
199470328 TI 6
199470998 TO 6
199471240 TI 1
199472039 TO 1
199489115 TI 6
199498032 TO 6
199498274 TI 1
199499074 TO 1
199516150 TI 6
199530032 TO 6
199530274 TI 1
199531074 TO 1
199548150 TI 6
199562032 TO 6
199562274 TI 1
199563074 TO 1
199580150 TI 6
199594032 TO 6
199594274 TI 1
199595074 TO 1
199612150 TI 6
199626032 TO 6
199626274 TI 1
199627074 TO 1
199644150 TI 6
199658032 TO 6
199658274 TI 1
199659074 TO 1
199676150 TI 6
199690032 TO 6
199690274 TI 1
199691074 TO 1
199708150 TI 6
199722032 TO 6
199722274 TI 1
199723088 TO 1
199740164 TI 6
199754222 TO 6
199754464 TI 5
199755344 TO 5
199772212 TI 1
199773252 TO 1
199773702 TI 6
199786032 TO 6
199802900 TI 1
199803700 TO 1
199804150 TI 6
199818032 TO 6
199834900 TI 1
199835700 TO 1
199836150 TI 6
199850032 TO 6
199866900 TI 1
199867700 TO 1
199868150 TI 6
199882032 TO 6
199898900 TI 1
199899700 TO 1
199900150 TI 6
199914032 TO 6
199930900 TI 1
199931700 TO 1
199932150 TI 6
199946032 TO 6
199962900 TI 1
199963700 TO 1
199964150 TI 6
199978032 TO 6
199994900 TI 1
199995700 TO 1
199996150 TI 6
200010032 TO 6
200026900 TI 1
200028194 TO 1
200028436 TI 2
200680039 TO 2
200697715 TI 5
200698152 TO 5
200698394 TI 1
200699193 TO 1
200716067 TI 5
200716735 TO 5
200716983 TI 1
200718022 TO 1
200734890 TI 5
200736024 TO 5
200736474 TI 6
200746032 TO 6
200762900 TI 1
200763700 TO 1
200764150 TI 6
200778032 TO 6
200794900 TI 1
200795700 TO 1
200796150 TI 6
200810032 TO 6
200826900 TI 1
200827700 TO 1
200828150 TI 6
200842032 TO 6
200858900 TI 1
200859700 TO 1
200860150 TI 6
200874032 TO 6
200890900 TI 1
200891700 TO 1
200892150 TI 6
200906032 TO 6
200922900 TI 1
200923700 TO 1
200924150 TI 6
200938032 TO 6
200954900 TI 1
200955700 TO 1
200956150 TI 6
200970032 TO 6
200986900 TI 1
200987700 TO 1
200988150 TI 6
201002032 TO 6
201018900 TI 1
201019714 TO 1
201020164 TI 6
201034222 TO 6
201051090 TI 5
201051970 TO 5
201052212 TI 1
201053252 TO 1
201070328 TI 6
201070998 TO 6
201071240 TI 1
201072039 TO 1
201089115 TI 6
201098032 TO 6
201098274 TI 1
201099074 TO 1
201116150 TI 6
201130032 TO 6
201130274 TI 1
201131074 TO 1
167706898 TI 1
167707698 TO 1
167708148 TI 6
167722032 TO 6
201180148 TI 6
201194032 TO 6
201194274 TI 1
201195074 TO 1
201212148 TI 6
201226032 TO 6
201226274 TI 1
201227074 TO 1
201244150 TI 6
201258032 TO 6
201258274 TI 1
201259074 TO 1
201276150 TI 6
201290032 TO 6
201290274 TI 1
201291074 TO 1
201308150 TI 6
201322032 TO 6
201322274 TI 1
201323088 TO 1
201340164 TI 6
201354222 TO 6
201354464 TI 5
201355344 TO 5
201372212 TI 1
201373252 TO 1
201373702 TI 6
201386032 TO 6
201402900 TI 1
201403700 TO 1
201404150 TI 6
201418032 TO 6
201434900 TI 1
201435700 TO 1
201436150 TI 6
201450032 TO 6
201466900 TI 1
201467700 TO 1
201468150 TI 6
201482032 TO 6
201498900 TI 1
201499700 TO 1
201500150 TI 6
201514032 TO 6
201530900 TI 1
201531700 TO 1
201532150 TI 6
201546032 TO 6
201562900 TI 1
201563700 TO 1
201564150 TI 6
201578032 TO 6
201594900 TI 1
201595700 TO 1
201596150 TI 6
201610032 TO 6
201626900 TI 1
201627700 TO 1
201628150 TI 6
201642032 TO 6
201658900 TI 1
201659714 TO 1
201660164 TI 6
201674222 TO 6
201691090 TI 5
201691970 TO 5
201692212 TI 1
201693252 TO 1
201710328 TI 6
201710998 TO 6
201711240 TI 1
201712039 TO 1
201729115 TI 6
201738032 TO 6
201738274 TI 1
201739074 TO 1
201756150 TI 6
201770032 TO 6
201770274 TI 1
201771074 TO 1
201788150 TI 6
201802032 TO 6
201802274 TI 1
201803074 TO 1
201820150 TI 6
201834032 TO 6
201834274 TI 1
201835074 TO 1
201852150 TI 6
201866032 TO 6
201866274 TI 1
201867074 TO 1
201884150 TI 6
201898032 TO 6
201898274 TI 1
201899074 TO 1
201916150 TI 6
201930032 TO 6
201930274 TI 1
201931074 TO 1
201948150 TI 6
201962032 TO 6
201962274 TI 1
201963088 TO 1
201980164 TI 6
201994222 TO 6
201994464 TI 5
201995344 TO 5
202012212 TI 1
202013252 TO 1
202013702 TI 6
202024000 TO 6
202040868 TI 4
202291796 TO 4
202292038 TI 3
203225399 TO 3
203242267 TI 2
203893794 TO 2
203894244 TI 3
204262795 TO 3
204279871 TI 4
206425399 TO 4
206425641 TI 2
207077017 TO 2
207094293 TI 4
207095591 TO 4
207095833 TI 3
208396617 TO 3
208413693 TI 4
209268537 TO 4
209269181 TI 1
209269981 TO 1
209286849 TI 5
209287983 TO 5
209288433 TI 6
209290032 TO 6
209306900 TI 1
209307700 TO 1
209308150 TI 6
209322032 TO 6
209338900 TI 1
209339700 TO 1
209340150 TI 6
209354032 TO 6
209370900 TI 1
209371700 TO 1
209372150 TI 6
209386032 TO 6
209402900 TI 1
209403700 TO 1
209404150 TI 6
209418032 TO 6
209434900 TI 1
209435700 TO 1
209436150 TI 6
209450032 TO 6
209466900 TI 1
209467700 TO 1
209468150 TI 6
209482032 TO 6
209498900 TI 1
209499700 TO 1
209500150 TI 6
209514032 TO 6
209530900 TI 1
209531700 TO 1
209532150 TI 6
209546032 TO 6
209562900 TI 1
209563714 TO 1
209564164 TI 6
209578222 TO 6
209595090 TI 5
209595970 TO 5
209596212 TI 1
209597252 TO 1
209614328 TI 6
209614998 TO 6
209615240 TI 1
209616039 TO 1
209633115 TI 6
209634409 TO 6
209634651 TI 2
210286679 TO 2
210304349 TI 1
210305389 TO 1
210305631 TI 5
210306525 TO 5
210323601 TI 6
210324271 TO 6
210324513 TI 1
210325312 TO 1
210342388 TI 6
210346032 TO 6
210346274 TI 1
210347074 TO 1
210364150 TI 6
210378032 TO 6
210378274 TI 1
210379074 TO 1
210396150 TI 6
210410032 TO 6
210410274 TI 1
210411074 TO 1
210428150 TI 6
210442032 TO 6
210442274 TI 1
210443074 TO 1
210460150 TI 6
210474032 TO 6
210474274 TI 1
210475074 TO 1
210492150 TI 6
210506032 TO 6
210506274 TI 1
210507074 TO 1
210524150 TI 6
210538032 TO 6
210538274 TI 1
210539074 TO 1
210556150 TI 6
210570032 TO 6
210570274 TI 1
210571088 TO 1
210588164 TI 6
210602222 TO 6
210602464 TI 5
210603344 TO 5
210620212 TI 1
210621252 TO 1
210621702 TI 6
210634032 TO 6
210650900 TI 1
210651700 TO 1
210652150 TI 6
210666032 TO 6
210682900 TI 1
210683700 TO 1
210684150 TI 6
210698032 TO 6
210714900 TI 1
210715700 TO 1
210716150 TI 6
210730032 TO 6
210746900 TI 1
210747700 TO 1
210748150 TI 6
210762032 TO 6
210778900 TI 1
210779700 TO 1
210780150 TI 6
210794032 TO 6
210810900 TI 1
210811700 TO 1
210812150 TI 6
210826032 TO 6
210842900 TI 1
210843700 TO 1
210844150 TI 6
210858032 TO 6
210874900 TI 1
210875700 TO 1
210876150 TI 6
210890032 TO 6
210906900 TI 1
210907714 TO 1
210908164 TI 6
210922222 TO 6
210939090 TI 5
210939970 TO 5
210940212 TI 1
210941252 TO 1
210958328 TI 6
210958998 TO 6
210959240 TI 1
210960039 TO 1
210977115 TI 6
210986032 TO 6
210986274 TI 1
210987074 TO 1
211004150 TI 6
211018032 TO 6
211018274 TI 1
211019074 TO 1
211036150 TI 6
211050032 TO 6
211050274 TI 1
211051074 TO 1
211068150 TI 6
211082032 TO 6
211082274 TI 1
211083074 TO 1
211100150 TI 6
211114032 TO 6
211114274 TI 1
211115074 TO 1
211132150 TI 6
211146032 TO 6
211146274 TI 1
211147074 TO 1
211164150 TI 6
211178032 TO 6
211178274 TI 1
211179074 TO 1
211196150 TI 6
211210032 TO 6
211210274 TI 1
211211088 TO 1
211228164 TI 6
211242222 TO 6
211242464 TI 5
211243344 TO 5
211260212 TI 1
211261252 TO 1
211261702 TI 6
211274032 TO 6
211290900 TI 1
211291700 TO 1
211292150 TI 6
211306032 TO 6
211322900 TI 1
211323700 TO 1
211324150 TI 6
211338032 TO 6
211354900 TI 1
211355700 TO 1
211356150 TI 6
211370032 TO 6
211386900 TI 1
211387700 TO 1
211388150 TI 6
211402032 TO 6
211418900 TI 1
211419700 TO 1
211420150 TI 6
211434032 TO 6
211450900 TI 1
211451700 TO 1
211452150 TI 6
211466032 TO 6
211482900 TI 1
211483700 TO 1
211484150 TI 6
211498032 TO 6
211514900 TI 1
211515700 TO 1
211516150 TI 6
211530032 TO 6
211546900 TI 1
211547714 TO 1
211548164 TI 6
211562222 TO 6
211579090 TI 5
211579970 TO 5
211580212 TI 1
211581252 TO 1
211598328 TI 6
211598998 TO 6
211599240 TI 1
211600039 TO 1
211617115 TI 6
211626032 TO 6
211626274 TI 1
211627074 TO 1
211644150 TI 6
211658032 TO 6
211658274 TI 1
211659074 TO 1
211676150 TI 6
211690032 TO 6
211690274 TI 1
211691074 TO 1
211708150 TI 6
211722032 TO 6
211722274 TI 1
211723074 TO 1
211740150 TI 6
211754032 TO 6
211754274 TI 1
211755074 TO 1
211772150 TI 6
211786032 TO 6
211786274 TI 1
211787074 TO 1
211804150 TI 6
211818032 TO 6
211818274 TI 1
211819074 TO 1
211836150 TI 6
211850032 TO 6
211850274 TI 1
211851088 TO 1
211868164 TI 6
211882222 TO 6
211882464 TI 5
211883344 TO 5
211900212 TI 1
211901510 TO 1
211901752 TI 3
212825399 TO 3
212842267 TI 2
213494786 TO 2
213495236 TI 3
213873686 TO 3
213890756 TI 4
216025399 TO 4
216025641 TI 2
216677017 TO 2
216694293 TI 4
216695591 TO 4
216695833 TI 3
217996612 TO 3
218013688 TI 4
219128426 TO 4
219129076 TI 5
219129956 TO 5
219146824 TI 1
219148054 TO 1
219148504 TI 6
219178032 TO 6
219194900 TI 1
219195700 TO 1
219196150 TI 6
219210032 TO 6
219226900 TI 1
219228194 TO 1
219228436 TI 2
219880039 TO 2
219897715 TI 5
219898152 TO 5
219898394 TI 1
219899193 TO 1
219916067 TI 5
219916735 TO 5
219916983 TI 1
219918022 TO 1
219934890 TI 5
219936024 TO 5
219936474 TI 6
219946032 TO 6
219962900 TI 1
219963700 TO 1
219964150 TI 6
219978032 TO 6
219994900 TI 1
219995700 TO 1
219996150 TI 6
220010032 TO 6
220026900 TI 1
220027700 TO 1
220028150 TI 6
220042032 TO 6
220058900 TI 1
220059700 TO 1
220060150 TI 6
220074032 TO 6
220090900 TI 1
220091700 TO 1
220092150 TI 6
220106032 TO 6
220122900 TI 1
220123700 TO 1
220124150 TI 6
220138032 TO 6
220154900 TI 1
220155700 TO 1
220156150 TI 6
220170032 TO 6
220186900 TI 1
220187700 TO 1
220188150 TI 6
220202032 TO 6
220218900 TI 1
220219714 TO 1
220220164 TI 6
220234222 TO 6
220251090 TI 5
220251970 TO 5
220252212 TI 1
220253252 TO 1
220270328 TI 6
220270998 TO 6
220271240 TI 1
220272039 TO 1
220289115 TI 6
220298032 TO 6
220298274 TI 1
220299074 TO 1
220316150 TI 6
220330032 TO 6
220330274 TI 1
220331074 TO 1
220348150 TI 6
220362032 TO 6
220362274 TI 1
220363074 TO 1
220380150 TI 6
220394032 TO 6
220394274 TI 1
220395074 TO 1
220412150 TI 6
220426032 TO 6
220426274 TI 1
220427074 TO 1
220444150 TI 6
220458032 TO 6
220458274 TI 1
220459074 TO 1
220476150 TI 6
220490032 TO 6
220490274 TI 1
220491074 TO 1
220508150 TI 6
220522032 TO 6
220522274 TI 1
220523088 TO 1
220540164 TI 6
220554222 TO 6
220554464 TI 5
220555344 TO 5
220572212 TI 1
220573252 TO 1
220573702 TI 6
220586032 TO 6
220602900 TI 1
220603700 TO 1
220604150 TI 6
220618032 TO 6
220634900 TI 1
220635700 TO 1
220636150 TI 6
220650032 TO 6
220666900 TI 1
220667700 TO 1
220668150 TI 6
220682032 TO 6
220698900 TI 1
220699700 TO 1
220700150 TI 6
220714032 TO 6
220730900 TI 1
220731700 TO 1
220732150 TI 6
220746032 TO 6
220762900 TI 1
220763700 TO 1
220764150 TI 6
220778032 TO 6
220794900 TI 1
220795700 TO 1
220796150 TI 6
220810032 TO 6
220826900 TI 1
220827700 TO 1
220828150 TI 6
220842032 TO 6
220858900 TI 1
220859714 TO 1
220860164 TI 6
220874222 TO 6
220891090 TI 5
220891970 TO 5
220892212 TI 1
220893252 TO 1
220910328 TI 6
220910998 TO 6
220911240 TI 1
220912039 TO 1
220929115 TI 6
220938032 TO 6
220938274 TI 1
220939074 TO 1
220956150 TI 6
220970032 TO 6
220970274 TI 1
220971074 TO 1
220988150 TI 6
221002032 TO 6
221002274 TI 1
221003074 TO 1
221020150 TI 6
221034032 TO 6
221034274 TI 1
221035074 TO 1
221052150 TI 6
221066032 TO 6
221066274 TI 1
221067074 TO 1
221084150 TI 6
221098032 TO 6
221098274 TI 1
221099074 TO 1
221116150 TI 6
221130032 TO 6
221130274 TI 1
221131074 TO 1
221148150 TI 6
221162032 TO 6
221162274 TI 1
221163088 TO 1
221180164 TI 6
221194222 TO 6
221194464 TI 5
221195344 TO 5
221212212 TI 1
221213252 TO 1
221213702 TI 6
221226032 TO 6
221242900 TI 1
221243700 TO 1
221244150 TI 6
221258032 TO 6
221274900 TI 1
221275700 TO 1
221276150 TI 6
221290032 TO 6
221306900 TI 1
221307700 TO 1
221308150 TI 6
221322032 TO 6
221338900 TI 1
221339700 TO 1
221340150 TI 6
221354032 TO 6
221370900 TI 1
221371700 TO 1
221372150 TI 6
221386032 TO 6
221402900 TI 1
221403700 TO 1
221404150 TI 6
221418032 TO 6
221434900 TI 1
221435700 TO 1
221436150 TI 6
221450032 TO 6
221466900 TI 1
221467700 TO 1
221468150 TI 6
221482032 TO 6
221498900 TI 1
221500198 TO 1
221500440 TI 3
222425399 TO 3
222442267 TI 2
223093808 TO 2
223094258 TI 3
223471409 TO 3
223488885 TI 5
223490005 TO 5
223490247 TI 1
223491044 TO 1
223508120 TI 6
223508790 TO 6
223509032 TI 1
223509831 TO 1
223526907 TI 6
223530032 TO 6
223530274 TI 1
223531074 TO 1
223548150 TI 6
223562032 TO 6
223562274 TI 1
223563074 TO 1
223580150 TI 6
223594032 TO 6
223594274 TI 1
223595074 TO 1
223612150 TI 6
223626032 TO 6
223626274 TI 1
223627074 TO 1
223644150 TI 6
223658032 TO 6
223658274 TI 1
223659074 TO 1
223676150 TI 6
223690032 TO 6
223690274 TI 1
223691074 TO 1
223708150 TI 6
223722032 TO 6
223722274 TI 1
223723074 TO 1
223740150 TI 6
223754032 TO 6
223754274 TI 1
223755088 TO 1
223772164 TI 6
223786222 TO 6
223786464 TI 5
223787344 TO 5
223804212 TI 1
223805252 TO 1
223805702 TI 6
223818032 TO 6
223834900 TI 1
223835700 TO 1
223836150 TI 6
223850032 TO 6
223866900 TI 1
223867700 TO 1
223868150 TI 6
223882032 TO 6
223898900 TI 1
223899700 TO 1
223900150 TI 6
223914032 TO 6
223930900 TI 1
223931700 TO 1
223932150 TI 6
223946032 TO 6
223962900 TI 1
223963700 TO 1
223964150 TI 6
223978032 TO 6
223994900 TI 1
223995700 TO 1
223996150 TI 6
224010032 TO 6
224026900 TI 1
224027700 TO 1
224028150 TI 6
224042032 TO 6
224058900 TI 1
224059700 TO 1
224060150 TI 6
224074032 TO 6
224090900 TI 1
224091714 TO 1
224092164 TI 6
224106222 TO 6
224123090 TI 5
224123970 TO 5
224124212 TI 1
224125252 TO 1
224142328 TI 6
224142998 TO 6
224143240 TI 1
224144039 TO 1
224161115 TI 6
224170032 TO 6
224170274 TI 1
224171074 TO 1
224188150 TI 6
224202032 TO 6
224202274 TI 1
224203074 TO 1
224220150 TI 6
224234032 TO 6
224234274 TI 1
224235074 TO 1
224252150 TI 6
224266032 TO 6
224266274 TI 1
224267074 TO 1
224284150 TI 6
224298032 TO 6
224298274 TI 1
224299074 TO 1
224316150 TI 6
224330032 TO 6
224330274 TI 1
224331074 TO 1
224348150 TI 6
224362032 TO 6
224362274 TI 1
224363074 TO 1
224380150 TI 6
224394032 TO 6
224394274 TI 1
224395088 TO 1
224412164 TI 6
224423973 TO 6
224424215 TI 4
225625399 TO 4
225642267 TI 2
226294813 TO 2
226295257 TI 3
227595849 TO 3
227612925 TI 4
228825405 TO 4
228825647 TI 2
229477023 TO 2
229494299 TI 4
230331673 TO 4
230332317 TI 5
230333437 TO 5
230350305 TI 1
230351295 TO 1
230351745 TI 6
230378032 TO 6
230394900 TI 1
230395700 TO 1
230396150 TI 6
230410032 TO 6
230426900 TI 1
230427700 TO 1
230428150 TI 6
230442032 TO 6
230458900 TI 1
230459700 TO 1
230460150 TI 6
230474032 TO 6
230490900 TI 1
230491700 TO 1
230492150 TI 6
230506032 TO 6
230522900 TI 1
230523700 TO 1
230524150 TI 6
230538032 TO 6
230554900 TI 1
230555700 TO 1
230556150 TI 6
230570032 TO 6
230586900 TI 1
230587700 TO 1
230588150 TI 6
230602032 TO 6
230618900 TI 1
230619714 TO 1
230620164 TI 6
230634222 TO 6
230651090 TI 5
230651970 TO 5
230652212 TI 1
230653252 TO 1
230670328 TI 6
230670998 TO 6
230671240 TI 1
230672039 TO 1
230689115 TI 6
230698032 TO 6
230698274 TI 1
230699074 TO 1
230716150 TI 6
230730032 TO 6
230730274 TI 1
230731074 TO 1
230748150 TI 6
230762032 TO 6
230762274 TI 1
230763074 TO 1
230780150 TI 6
230794032 TO 6
230794274 TI 1
230795074 TO 1
230812150 TI 6
230826032 TO 6
230826274 TI 1
230827074 TO 1
230844150 TI 6
230858032 TO 6
230858274 TI 1
230859074 TO 1
230876150 TI 6
230890032 TO 6
230890274 TI 1
230891074 TO 1
230908150 TI 6
230922032 TO 6
230922274 TI 1
230923088 TO 1
230940164 TI 6
230954222 TO 6
230954464 TI 5
230955344 TO 5
230972212 TI 1
230973252 TO 1
230973702 TI 6
230986032 TO 6
231002900 TI 1
231003700 TO 1
231004150 TI 6
231018032 TO 6
231034900 TI 1
231035700 TO 1
231036150 TI 6
231050032 TO 6
231066900 TI 1
231067700 TO 1
231068150 TI 6
231082032 TO 6
231098900 TI 1
231100198 TO 1
231100440 TI 3
232025399 TO 3
232042267 TI 2
232693812 TO 2
232694262 TI 3
233071415 TO 3
233088891 TI 5
233090011 TO 5
233090253 TI 1
233091050 TO 1
233108126 TI 6
233108796 TO 6
233109038 TI 1
233109837 TO 1
233126913 TI 6
233130032 TO 6
233130274 TI 1
233131074 TO 1
233148150 TI 6
233162032 TO 6
233162274 TI 1
233163074 TO 1
233180150 TI 6
233194032 TO 6
233194274 TI 1
233195074 TO 1
233212150 TI 6
233226032 TO 6
233226274 TI 1
233227074 TO 1
233244150 TI 6
233258032 TO 6
233258274 TI 1
233259074 TO 1
233276150 TI 6
233290032 TO 6
233290274 TI 1
233291074 TO 1
233308150 TI 6
233322032 TO 6
233322274 TI 1
233323074 TO 1
233340150 TI 6
233354032 TO 6
233354274 TI 1
233355088 TO 1
233372164 TI 6
233386222 TO 6
233386464 TI 5
233387344 TO 5
233404212 TI 1
233405252 TO 1
233405702 TI 6
233418032 TO 6
233434900 TI 1
233435700 TO 1
233436150 TI 6
233450032 TO 6
233466900 TI 1
233467700 TO 1
233468150 TI 6
233482032 TO 6
233498900 TI 1
233499700 TO 1
233500150 TI 6
233514032 TO 6
233530900 TI 1
233531700 TO 1
233532150 TI 6
233546032 TO 6
233562900 TI 1
233563700 TO 1
233564150 TI 6
233578032 TO 6
233594900 TI 1
233595700 TO 1
233596150 TI 6
233610032 TO 6
233626900 TI 1
233627700 TO 1
233628150 TI 6
233642032 TO 6
233658900 TI 1
233659700 TO 1
233660150 TI 6
233674032 TO 6
233690900 TI 1
233691714 TO 1
233692164 TI 6
233706222 TO 6
233723090 TI 5
233723970 TO 5
233724212 TI 1
233725252 TO 1
233742328 TI 6
233742998 TO 6
233743240 TI 1
233744039 TO 1
233761115 TI 6
233770032 TO 6
233770274 TI 1
233771074 TO 1
233788150 TI 6
233802032 TO 6
233802274 TI 1
233803074 TO 1
233820150 TI 6
233834032 TO 6
233834274 TI 1
233835074 TO 1
233852150 TI 6
233866032 TO 6
233866274 TI 1
233867074 TO 1
233884150 TI 6
233898032 TO 6
233898274 TI 1
233899074 TO 1
233916150 TI 6
233930032 TO 6
233930274 TI 1
233931074 TO 1
233948150 TI 6
233962032 TO 6
233962274 TI 1
233963074 TO 1
233980150 TI 6
233994032 TO 6
233994274 TI 1
233995088 TO 1
234012164 TI 6
234026222 TO 6
234026464 TI 5
234027344 TO 5
201180148 TI 6
201194032 TO 6
201194274 TI 1
201195074 TO 1
234074898 TI 1
234075698 TO 1
234076148 TI 6
234090032 TO 6
234106898 TI 1
234107698 TO 1
234108148 TI 6
234122032 TO 6
234138900 TI 1
234139700 TO 1
234140150 TI 6
234154032 TO 6
234170900 TI 1
234171700 TO 1
234172150 TI 6
234186032 TO 6
234202900 TI 1
234203700 TO 1
234204150 TI 6
234218032 TO 6
234234900 TI 1
234235700 TO 1
234236150 TI 6
234250032 TO 6
234266900 TI 1
234267700 TO 1
234268150 TI 6
234282032 TO 6
234298900 TI 1
234299700 TO 1
234300150 TI 6
234314032 TO 6
234330900 TI 1
234331714 TO 1
234332164 TI 6
234346222 TO 6
234363090 TI 5
234363970 TO 5
234364212 TI 1
234365252 TO 1
234382328 TI 6
234382998 TO 6
234383240 TI 1
234384039 TO 1
234401115 TI 6
234410032 TO 6
234410274 TI 1
234411074 TO 1
234428150 TI 6
234442032 TO 6
234442274 TI 1
234443074 TO 1
234460150 TI 6
234474032 TO 6
234474274 TI 1
234475074 TO 1
234492150 TI 6
234506032 TO 6
234506274 TI 1
234507074 TO 1
234524150 TI 6
234538032 TO 6
234538274 TI 1
234539074 TO 1
234556150 TI 6
234570032 TO 6
234570274 TI 1
234571074 TO 1
234588150 TI 6
234602032 TO 6
234602274 TI 1
234603074 TO 1
234620150 TI 6
234634032 TO 6
234634274 TI 1
234635088 TO 1
234652164 TI 6
234666222 TO 6
234666464 TI 5
234667344 TO 5
234684212 TI 1
234685252 TO 1
234685702 TI 6
234698032 TO 6
234714900 TI 1
234715700 TO 1
234716150 TI 6
234730032 TO 6
234746900 TI 1
234747700 TO 1
234748150 TI 6
234762032 TO 6
234778900 TI 1
234779700 TO 1
234780150 TI 6
234794032 TO 6
234810900 TI 1
234811700 TO 1
234812150 TI 6
234826032 TO 6
234842900 TI 1
234843700 TO 1
234844150 TI 6
234858032 TO 6
234874900 TI 1
234875700 TO 1
234876150 TI 6
234890032 TO 6
234906900 TI 1
234907700 TO 1
234908150 TI 6
234922032 TO 6
234938900 TI 1
234939700 TO 1
234940150 TI 6
234954032 TO 6
234970900 TI 1
234971714 TO 1
234972164 TI 6
234986222 TO 6
235003090 TI 5
235003970 TO 5
235004212 TI 1
235005252 TO 1
235022328 TI 6
235022998 TO 6
235023240 TI 1
235024039 TO 1
235041115 TI 6
235050032 TO 6
235050274 TI 1
235051074 TO 1
235068150 TI 6
235082032 TO 6
235082274 TI 1
235083074 TO 1
235100150 TI 6
235114032 TO 6
235114274 TI 1
235115074 TO 1
235132150 TI 6
235146032 TO 6
235146274 TI 1
235147074 TO 1
235164150 TI 6
235178032 TO 6
235178274 TI 1
235179074 TO 1
235196150 TI 6
235210032 TO 6
235210274 TI 1
235211074 TO 1
235228150 TI 6
235229444 TO 6
235229686 TI 2
235882756 TO 2
235900026 TI 4
235901324 TO 4
235901566 TI 3
237202145 TO 3
237219221 TI 4
238425399 TO 4
238425641 TI 2
239077017 TO 2
239094293 TI 4
240691790 TO 4
240692032 TI 3
241625399 TO 3
241642267 TI 2
242293794 TO 2
242294244 TI 3
242662564 TO 3
242679640 TI 4
243127033 TO 4
243127677 TI 1
243128477 TO 1
243145345 TI 5
243146256 TO 5
243146504 TI 1
243147304 TO 1
243164172 TI 5
243165306 TO 5
243165756 TI 6
243178032 TO 6
243194900 TI 1
243195700 TO 1
243196150 TI 6
243210032 TO 6
243226900 TI 1
243227700 TO 1
243228150 TI 6
243242032 TO 6
243258900 TI 1
243259700 TO 1
243260150 TI 6
243274032 TO 6
243290900 TI 1
243291700 TO 1
243292150 TI 6
243306032 TO 6
243322900 TI 1
243323700 TO 1
243324150 TI 6
243338032 TO 6
243354900 TI 1
243355700 TO 1
243356150 TI 6
243370032 TO 6
243386900 TI 1
243387700 TO 1
243388150 TI 6
243402032 TO 6
243418900 TI 1
243419700 TO 1
243420150 TI 6
243434032 TO 6
243450900 TI 1
243451714 TO 1
243452164 TI 6
243466222 TO 6
243483090 TI 5
243483970 TO 5
243484212 TI 1
243485252 TO 1
243502328 TI 6
243502998 TO 6
243503240 TI 1
243504039 TO 1
243521115 TI 6
243530032 TO 6
243530274 TI 1
243531074 TO 1
243548150 TI 6
243562032 TO 6
243562274 TI 1
243563074 TO 1
243580150 TI 6
243594032 TO 6
243594274 TI 1
243595074 TO 1
243612150 TI 6
243626032 TO 6
243626274 TI 1
243627074 TO 1
243644150 TI 6
243658032 TO 6
243658274 TI 1
243659074 TO 1
243676150 TI 6
243690032 TO 6
243690274 TI 1
243691074 TO 1
243708150 TI 6
243722032 TO 6
243722274 TI 1
243723074 TO 1
243740150 TI 6
243754032 TO 6
243754274 TI 1
243755088 TO 1
243772164 TI 6
243786222 TO 6
243786464 TI 5
243787344 TO 5
243804212 TI 1
243805252 TO 1
243805702 TI 6
243818032 TO 6
243834900 TI 1
243835700 TO 1
243836150 TI 6
243850032 TO 6
243866900 TI 1
243867700 TO 1
243868150 TI 6
243882032 TO 6
243898900 TI 1
243899700 TO 1
243900150 TI 6
243914032 TO 6
243930900 TI 1
243931700 TO 1
243932150 TI 6
243946032 TO 6
243962900 TI 1
243963700 TO 1
243964150 TI 6
243978032 TO 6
243994900 TI 1
243995700 TO 1
243996150 TI 6
244010032 TO 6
244026900 TI 1
244027700 TO 1
244028150 TI 6
244042032 TO 6
244058900 TI 1
244059700 TO 1
244060150 TI 6
244074032 TO 6
244090900 TI 1
244091714 TO 1
244092164 TI 6
244106222 TO 6
244123090 TI 5
244123970 TO 5
244124212 TI 1
244125252 TO 1
244142328 TI 6
244142998 TO 6
244143240 TI 1
244144039 TO 1
244161115 TI 6
244170032 TO 6
244170274 TI 1
244171074 TO 1
244188150 TI 6
244202032 TO 6
244202274 TI 1
244203074 TO 1
244220150 TI 6
244234032 TO 6
244234274 TI 1
244235074 TO 1
244252150 TI 6
244266032 TO 6
244266274 TI 1
244267074 TO 1
244284150 TI 6
244298032 TO 6
244298274 TI 1
244299074 TO 1
244316150 TI 6
244330032 TO 6
244330274 TI 1
244331074 TO 1
244348150 TI 6
244362032 TO 6
244362274 TI 1
244363074 TO 1
244380150 TI 6
244394032 TO 6
244394274 TI 1
244395088 TO 1
244412164 TI 6
244426222 TO 6
244426464 TI 5
244427344 TO 5
244444212 TI 1
244445252 TO 1
244445702 TI 6
244458032 TO 6
244474900 TI 1
244475700 TO 1
244476150 TI 6
244490032 TO 6
244506900 TI 1
244507700 TO 1
244508150 TI 6
244522032 TO 6
244538900 TI 1
244539700 TO 1
244540150 TI 6
244554032 TO 6
244570900 TI 1
244571700 TO 1
244572150 TI 6
244586032 TO 6
244602900 TI 1
244603700 TO 1
244604150 TI 6
244618032 TO 6
244634900 TI 1
244635700 TO 1
244636150 TI 6
244650032 TO 6
244666900 TI 1
244667700 TO 1
244668150 TI 6
244682032 TO 6
244698900 TI 1
244699700 TO 1
244700150 TI 6
244714032 TO 6
244730900 TI 1
244731714 TO 1
244732164 TI 6
244746222 TO 6
244763090 TI 5
244777802 TO 5
244778044 TI 1
244778844 TO 1
244780058 TI 5
244782782 TO 5
244803103 TI 6
244810032 TO 6
244810273 TI 1
244828195 TO 1
244828437 TI 2
245480041 TO 2
245481090 TI 5
245499016 TO 5
245499258 TI 3
246800050 TO 3
246800893 TI 1
246818561 TO 1
246818809 TI 5
246819703 TO 5
246820152 TI 6
246838076 TO 6
246838318 TI 4
248025399 TO 4
248025640 TI 2
248693808 TO 2
248694458 TI 4
250291790 TO 4
250292031 TI 3
251225399 TO 3
251225641 TI 2
251877003 TO 2
251877452 TI 3
252279404 TO 3
252279854 TI 4
252746834 TO 4
252747477 TI 1
252765145 TO 1
252765387 TI 5
252766281 TO 5
252766730 TI 6
252784028 TO 6
252784270 TI 1
252785069 TO 1
252785518 TI 6
252810032 TO 6
252810274 TI 1
252811074 TO 1
252811523 TI 6
252842032 TO 6
252842274 TI 1
252843074 TO 1
252843523 TI 6
252874032 TO 6
252874274 TI 1
252875074 TO 1
252875523 TI 6
252906032 TO 6
252906274 TI 1
252907074 TO 1
252907523 TI 6
252938032 TO 6
252938274 TI 1
252939074 TO 1
252939523 TI 6
252970032 TO 6
252970274 TI 1
252971074 TO 1
252971523 TI 6
253002032 TO 6
253002274 TI 1
253003074 TO 1
253003523 TI 6
253034032 TO 6
253034274 TI 1
253035088 TO 1
253035537 TI 6
253066222 TO 6
253066464 TI 5
253067344 TO 5
253067585 TI 1
253085253 TO 1
253085703 TI 6
253098032 TO 6
253098273 TI 1
253115701 TO 1
253116151 TI 6
253130032 TO 6
253130273 TI 1
253147701 TO 1
253148151 TI 6
253162032 TO 6
253162273 TI 1
253179701 TO 1
253180151 TI 6
253194032 TO 6
253194273 TI 1
253211701 TO 1
253212151 TI 6
253226032 TO 6
253226273 TI 1
253243701 TO 1
253244151 TI 6
253258032 TO 6
253258273 TI 1
253275701 TO 1
253276151 TI 6
253290032 TO 6
253290273 TI 1
253307701 TO 1
253308151 TI 6
253322032 TO 6
253322273 TI 1
253339701 TO 1
253340151 TI 6
253354032 TO 6
253354273 TI 1
253371715 TO 1
253372165 TI 6
253386222 TO 6
253386463 TI 5
253403971 TO 5
253404213 TI 1
253405253 TO 1
253405702 TI 6
253423000 TO 6
253423242 TI 1
253424041 TO 1
253424490 TI 6
253450032 TO 6
253450274 TI 1
253451074 TO 1
253451523 TI 6
253482032 TO 6
253482274 TI 1
253483074 TO 1
253483523 TI 6
253514032 TO 6
253514274 TI 1
253515074 TO 1
253515523 TI 6
253546032 TO 6
253546274 TI 1
253547074 TO 1
253547523 TI 6
253578032 TO 6
253578274 TI 1
253579074 TO 1
253579523 TI 6
253610032 TO 6
253610274 TI 1
253611074 TO 1
253611523 TI 6
253642032 TO 6
253642274 TI 1
253643074 TO 1
253643523 TI 6
253674032 TO 6
253674274 TI 1
253675088 TO 1
253675537 TI 6
253706222 TO 6
253706464 TI 5
253707344 TO 5
253707585 TI 1
253725253 TO 1
253725703 TI 6
253738032 TO 6
253738273 TI 1
253755701 TO 1
253756151 TI 6
253770032 TO 6
253770273 TI 1
253787701 TO 1
253788151 TI 6
253802032 TO 6
253802273 TI 1
253819701 TO 1
253820151 TI 6
253834032 TO 6
253834273 TI 1
253851701 TO 1
253852151 TI 6
253866032 TO 6
253866273 TI 1
253883701 TO 1
253884151 TI 6
253898032 TO 6
253898273 TI 1
253915701 TO 1
253916151 TI 6
253930032 TO 6
253930273 TI 1
253947701 TO 1
253948151 TI 6
253962032 TO 6
253962273 TI 1
253979701 TO 1
253980151 TI 6
253994032 TO 6
253994273 TI 1
254011715 TO 1
254012165 TI 6
254026222 TO 6
254026463 TI 5
254043971 TO 5
254044213 TI 1
254045253 TO 1
254045702 TI 6
254063000 TO 6
254063242 TI 1
254064041 TO 1
254064490 TI 6
254090032 TO 6
254090274 TI 1
254091074 TO 1
254091523 TI 6
254122032 TO 6
254122274 TI 1
254123074 TO 1
254123523 TI 6
254154032 TO 6
254154274 TI 1
254155074 TO 1
254155523 TI 6
254186032 TO 6
254186274 TI 1
254187074 TO 1
254187523 TI 6
254218032 TO 6
254218274 TI 1
254219074 TO 1
254219523 TI 6
254250032 TO 6
254250274 TI 1
254251074 TO 1
254251523 TI 6
254282032 TO 6
254282274 TI 1
254283074 TO 1
254283523 TI 6
254314032 TO 6
254314274 TI 1
254315088 TO 1
254315537 TI 6
254346222 TO 6
254346464 TI 5
254347344 TO 5
254347585 TI 1
254365253 TO 1
254365703 TI 6
254378032 TO 6
254378273 TI 1
254395701 TO 1
254396151 TI 6
254410032 TO 6
254410273 TI 1
254428195 TO 1
254428437 TI 2
255080039 TO 2
255081088 TI 5
255099014 TO 5
255099256 TI 3
256400049 TO 3
256400892 TI 1
256418560 TO 1
256418808 TI 5
256419702 TO 5
256420151 TI 6
256437449 TO 6
256437691 TI 1
256438490 TO 1
256438939 TI 6
256458032 TO 6
256458274 TI 1
256459074 TO 1
256459523 TI 6
256490032 TO 6
256490274 TI 1
256491074 TO 1
256491523 TI 6
256522032 TO 6
256522274 TI 1
256523074 TO 1
256523523 TI 6
256554032 TO 6
256554274 TI 1
256555074 TO 1
256555523 TI 6
256586032 TO 6
256586274 TI 1
256587074 TO 1
256587523 TI 6
256618032 TO 6
256618274 TI 1
256619074 TO 1
256619523 TI 6
256650032 TO 6
256650274 TI 1
256651074 TO 1
256651523 TI 6
256682032 TO 6
256682274 TI 1
256683088 TO 1
256683537 TI 6
256714222 TO 6
256714464 TI 5
256715344 TO 5
256715585 TI 1
256733253 TO 1
256733703 TI 6
256746032 TO 6
256746273 TI 1
256763701 TO 1
256764151 TI 6
256778032 TO 6
256778273 TI 1
256795701 TO 1
256796151 TI 6
256810032 TO 6
256810273 TI 1
256827701 TO 1
256828151 TI 6
256842032 TO 6
256842273 TI 1
256859701 TO 1
256860151 TI 6
256874032 TO 6
256874273 TI 1
256891701 TO 1
256892151 TI 6
256906032 TO 6
256906273 TI 1
256923701 TO 1
256924151 TI 6
256938032 TO 6
256938273 TI 1
256955701 TO 1
256956151 TI 6
256970032 TO 6
256970273 TI 1
256987701 TO 1
256988151 TI 6
257002032 TO 6
257002273 TI 1
257019715 TO 1
257020165 TI 6
257034222 TO 6
257034463 TI 5
257051971 TO 5
257052213 TI 1
257053253 TO 1
257053702 TI 6
257071000 TO 6
257071242 TI 1
257072041 TO 1
257072490 TI 6
257098032 TO 6
257098274 TI 1
257099074 TO 1
257099523 TI 6
257130032 TO 6
257130274 TI 1
257131074 TO 1
257131523 TI 6
257162032 TO 6
257162274 TI 1
257163074 TO 1
257163523 TI 6
257194032 TO 6
257194274 TI 1
257195074 TO 1
257195523 TI 6
257226032 TO 6
257226274 TI 1
257227074 TO 1
257227523 TI 6
257258032 TO 6
257258274 TI 1
257259074 TO 1
257259523 TI 6
257290032 TO 6
257290274 TI 1
257291074 TO 1
257291523 TI 6
257322032 TO 6
257322274 TI 1
257323088 TO 1
257323537 TI 6
257354222 TO 6
257354464 TI 5
257355344 TO 5
257355585 TI 1
257373253 TO 1
257373703 TI 6
257386032 TO 6
257386273 TI 1
257403701 TO 1
257404151 TI 6
257418032 TO 6
257418273 TI 1
257435701 TO 1
257436151 TI 6
257450032 TO 6
257450273 TI 1
257467701 TO 1
257468151 TI 6
257482032 TO 6
257482273 TI 1
257499701 TO 1
257500151 TI 6
257514032 TO 6
257514273 TI 1
257531701 TO 1
257532151 TI 6
257546032 TO 6
257546273 TI 1
257563701 TO 1
257564151 TI 6
257578032 TO 6
257578273 TI 1
257595701 TO 1
257596151 TI 6
257610032 TO 6
257610273 TI 1
257628195 TO 1
257628437 TI 2
258281019 TO 2
258281662 TI 4
259891790 TO 4
259892032 TI 3
260825399 TO 3
260825640 TI 2
261493794 TO 2
261494244 TI 3
261862564 TO 3
261863013 TI 4
263535927 TO 4
263536577 TI 5
263537457 TO 5
263537698 TI 1
263555366 TO 1
263555816 TI 6
263562032 TO 6
263562273 TI 1
263579701 TO 1
263580151 TI 6
263594032 TO 6
263594273 TI 1
263611701 TO 1
263612151 TI 6
263626032 TO 6
263626273 TI 1
263643701 TO 1
263644151 TI 6
263658032 TO 6
263658273 TI 1
263675701 TO 1
263676151 TI 6
263690032 TO 6
263690273 TI 1
263707701 TO 1
263708151 TI 6
263722032 TO 6
263722273 TI 1
263739701 TO 1
263740151 TI 6
263754032 TO 6
263754273 TI 1
263771701 TO 1
263772151 TI 6
263786032 TO 6
263786273 TI 1
263803701 TO 1
263804151 TI 6
263818032 TO 6
263818273 TI 1
263835715 TO 1
263836165 TI 6
263850222 TO 6
263850463 TI 5
263867971 TO 5
263868213 TI 1
263869253 TO 1
263869702 TI 6
263887000 TO 6
263887242 TI 1
263888041 TO 1
263888490 TI 6
263914032 TO 6
263914274 TI 1
263915074 TO 1
263915523 TI 6
263946032 TO 6
263946274 TI 1
263947074 TO 1
263947523 TI 6
263978032 TO 6
263978274 TI 1
263979074 TO 1
263979523 TI 6
264010032 TO 6
264010274 TI 1
264011074 TO 1
264011523 TI 6
264029445 TO 6
264029687 TI 2
264681517 TO 2
264682560 TI 1
264700486 TO 1
264700728 TI 3
266001511 TO 3
266002354 TI 5
266020102 TO 5
266020350 TI 1
266021147 TO 1
266021596 TI 6
266038894 TO 6
266039136 TI 1
266039935 TO 1
266040384 TI 6
266058032 TO 6
266058274 TI 1
266059074 TO 1
266059523 TI 6
266090032 TO 6
266090274 TI 1
266091074 TO 1
266091523 TI 6
266122032 TO 6
266122274 TI 1
266123074 TO 1
266123523 TI 6
266154032 TO 6
266154274 TI 1
266155074 TO 1
266155523 TI 6
266186032 TO 6
266186274 TI 1
266187074 TO 1
266187523 TI 6
266218032 TO 6
266218274 TI 1
266219074 TO 1
266219523 TI 6
266250032 TO 6
266250274 TI 1
266251074 TO 1
266251523 TI 6
266282032 TO 6
266282274 TI 1
266283088 TO 1
266283537 TI 6
266314222 TO 6
266314464 TI 5
266315344 TO 5
266315585 TI 1
266333253 TO 1
266333703 TI 6
266346032 TO 6
266346273 TI 1
266363701 TO 1
266364151 TI 6
266378032 TO 6
266378273 TI 1
266395701 TO 1
266396151 TI 6
266410032 TO 6
266410273 TI 1
266427701 TO 1
266428151 TI 6
266442032 TO 6
266442273 TI 1
266459701 TO 1
266460151 TI 6
266474032 TO 6
266474273 TI 1
266491701 TO 1
266492151 TI 6
266506032 TO 6
266506273 TI 1
266523701 TO 1
266524151 TI 6
266538032 TO 6
266538273 TI 1
266555701 TO 1
266556151 TI 6
266570032 TO 6
266570273 TI 1
266587701 TO 1
266588151 TI 6
266602032 TO 6
266602273 TI 1
266619715 TO 1
266620165 TI 6
266634222 TO 6
266634463 TI 5
266651971 TO 5
266652213 TI 1
266653253 TO 1
266653702 TI 6
266671000 TO 6
266671242 TI 1
266672041 TO 1
266672490 TI 6
266698032 TO 6
266698274 TI 1
266699074 TO 1
266699523 TI 6
266730032 TO 6
266730274 TI 1
266731074 TO 1
266731523 TI 6
266762032 TO 6
266762274 TI 1
266763074 TO 1
266763523 TI 6
266794032 TO 6
266794274 TI 1
266795074 TO 1
266795523 TI 6
266826032 TO 6
266826274 TI 1
266827074 TO 1
266827523 TI 6
266858032 TO 6
266858274 TI 1
266859074 TO 1
266859523 TI 6
266890032 TO 6
266890274 TI 1
266891074 TO 1
266891523 TI 6
266923537 TI 6
234075698 TO 1
234076148 TI 6
234090032 TO 6
266955585 TI 1
234107698 TO 1
234108148 TI 6
234122032 TO 6
266986273 TI 1
234139700 TO 1
234140150 TI 6
234154032 TO 6
267018273 TI 1
234171700 TO 1
234172150 TI 6
234186032 TO 6
267050273 TI 1
234203700 TO 1
234204150 TI 6
234218032 TO 6
267082273 TI 1
234235700 TO 1
234236150 TI 6
234250032 TO 6
267114273 TI 1
234267700 TO 1
234268150 TI 6
234282032 TO 6
267146273 TI 1
234299700 TO 1
234300150 TI 6
234314032 TO 6
267178273 TI 1
234331714 TO 1
234332164 TI 6
234346222 TO 6
267210273 TI 1
234363970 TO 5
234364212 TI 1
234365252 TO 1
267881090 TI 5
234382998 TO 6
234383240 TI 1
234384039 TO 1
267899445 TI 5
234410032 TO 6
234410274 TI 1
234411074 TO 1
267918269 TI 5
234442032 TO 6
234442274 TI 1
234443074 TO 1
267946273 TI 1
234474032 TO 6
234474274 TI 1
234475074 TO 1
267978273 TI 1
234506032 TO 6
234506274 TI 1
234507074 TO 1
268010273 TI 1
234538032 TO 6
234538274 TI 1
234539074 TO 1
268042273 TI 1
234570032 TO 6
234570274 TI 1
234571074 TO 1
268074273 TI 1
234602032 TO 6
234602274 TI 1
234603074 TO 1
268106273 TI 1
234634032 TO 6
234634274 TI 1
234635088 TO 1
268138273 TI 1
234666222 TO 6
234666464 TI 5
234667344 TO 5
268170273 TI 1
234685252 TO 1
234685702 TI 6
234698032 TO 6
268202273 TI 1
234715700 TO 1
234716150 TI 6
234730032 TO 6
268234463 TI 5
234747700 TO 1
234748150 TI 6
234762032 TO 6
268253702 TI 6
234779700 TO 1
234780150 TI 6
234794032 TO 6
268272490 TI 6
234811700 TO 1
234812150 TI 6
234826032 TO 6
268299523 TI 6
234843700 TO 1
234844150 TI 6
234858032 TO 6
268331523 TI 6
234875700 TO 1
234876150 TI 6
234890032 TO 6
268363523 TI 6
234907700 TO 1
234908150 TI 6
234922032 TO 6
268395523 TI 6
234939700 TO 1
234940150 TI 6
234954032 TO 6
268427523 TI 6
234971714 TO 1
234972164 TI 6
234986222 TO 6
268459523 TI 6
235003970 TO 5
235004212 TI 1
235005252 TO 1
268491523 TI 6
235022998 TO 6
235023240 TI 1
235024039 TO 1
268523537 TI 6
235050032 TO 6
235050274 TI 1
235051074 TO 1
268555585 TI 1
235082032 TO 6
235082274 TI 1
235083074 TO 1
268586273 TI 1
235114032 TO 6
235114274 TI 1
235115074 TO 1
268618273 TI 1
235146032 TO 6
235146274 TI 1
235147074 TO 1
268650273 TI 1
235178032 TO 6
235178274 TI 1
235179074 TO 1
268682273 TI 1
235210032 TO 6
235210274 TI 1
235211074 TO 1
268714273 TI 1
235229444 TO 6
235229686 TI 2
235882756 TO 2
268746273 TI 1
235901324 TO 4
235901566 TI 3
237202145 TO 3
268778273 TI 1
238425399 TO 4
238425641 TI 2
239077017 TO 2
268810273 TI 1
240691790 TO 4
240692032 TI 3
241625399 TO 3
268842273 TI 1
242293794 TO 2
242294244 TI 3
242662564 TO 3
268874463 TI 5
243127033 TO 4
243127677 TI 1
243128477 TO 1
268893702 TI 6
243146256 TO 5
243146504 TI 1
243147304 TO 1
268912490 TI 6
243165306 TO 5
243165756 TI 6
243178032 TO 6
268939523 TI 6
243195700 TO 1
243196150 TI 6
243210032 TO 6
268971523 TI 6
243227700 TO 1
243228150 TI 6
243242032 TO 6
269003523 TI 6
243259700 TO 1
243260150 TI 6
243274032 TO 6
269035523 TI 6
243291700 TO 1
243292150 TI 6
243306032 TO 6
269067523 TI 6
243323700 TO 1
243324150 TI 6
243338032 TO 6
269099523 TI 6
243355700 TO 1
243356150 TI 6
243370032 TO 6
269131523 TI 6
243387700 TO 1
243388150 TI 6
243402032 TO 6
269163537 TI 6
243419700 TO 1
243420150 TI 6
243434032 TO 6
269195585 TI 1
243451714 TO 1
243452164 TI 6
243466222 TO 6
269224241 TI 4
243483970 TO 5
243484212 TI 1
243485252 TO 1
270425640 TI 2
243502998 TO 6
243503240 TI 1
243504039 TO 1
271463237 TI 4
243530032 TO 6
243530274 TI 1
243531074 TO 1
274277666 TI 4
243562032 TO 6
243562274 TI 1
243563074 TO 1
275597061 TI 4
243594032 TO 6
243594274 TI 1
243595074 TO 1
276470207 TI 5
243626032 TO 6
243626274 TI 1
243627074 TO 1
276490273 TI 1
243658032 TO 6
243658274 TI 1
243659074 TO 1
276522273 TI 1
243690032 TO 6
243690274 TI 1
243691074 TO 1
276554273 TI 1
243722032 TO 6
243722274 TI 1
243723074 TO 1
276586273 TI 1
243754032 TO 6
243754274 TI 1
243755088 TO 1
276618273 TI 1
243786222 TO 6
243786464 TI 5
243787344 TO 5
276650273 TI 1
243805252 TO 1
243805702 TI 6
243818032 TO 6
276682273 TI 1
243835700 TO 1
243836150 TI 6
243850032 TO 6
276714273 TI 1
243867700 TO 1
243868150 TI 6
243882032 TO 6
276746273 TI 1
243899700 TO 1
243900150 TI 6
243914032 TO 6
276778463 TI 5
243931700 TO 1
243932150 TI 6
243946032 TO 6
276797702 TI 6
243963700 TO 1
243964150 TI 6
243978032 TO 6
276816490 TI 6
243995700 TO 1
243996150 TI 6
244010032 TO 6
277487725 TI 1
244027700 TO 1
244028150 TI 6
244042032 TO 6
277506978 TI 6
244059700 TO 1
244060150 TI 6
244074032 TO 6
277525766 TI 6
244091714 TO 1
244092164 TI 6
244106222 TO 6
277547523 TI 6
244123970 TO 5
244124212 TI 1
244125252 TO 1
277579523 TI 6
244142998 TO 6
244143240 TI 1
244144039 TO 1
277611523 TI 6
244170032 TO 6
244170274 TI 1
244171074 TO 1
277643523 TI 6
244202032 TO 6
244202274 TI 1
244203074 TO 1
277675523 TI 6
244234032 TO 6
244234274 TI 1
244235074 TO 1
277707523 TI 6
244266032 TO 6
244266274 TI 1
244267074 TO 1
277739523 TI 6
244298032 TO 6
244298274 TI 1
244299074 TO 1
277771537 TI 6
244330032 TO 6
244330274 TI 1
244331074 TO 1
277803585 TI 1
244362032 TO 6
244362274 TI 1
244363074 TO 1
277834273 TI 1
244394032 TO 6
244394274 TI 1
244395088 TO 1
277866273 TI 1
244426222 TO 6
244426464 TI 5
244427344 TO 5
277898273 TI 1
244445252 TO 1
244445702 TI 6
244458032 TO 6
277930273 TI 1
244475700 TO 1
244476150 TI 6
244490032 TO 6
277962273 TI 1
244507700 TO 1
244508150 TI 6
244522032 TO 6
277994273 TI 1
244539700 TO 1
244540150 TI 6
244554032 TO 6
278026273 TI 1
244571700 TO 1
244572150 TI 6
244586032 TO 6
278058273 TI 1
244603700 TO 1
244604150 TI 6
244618032 TO 6
278090273 TI 1
244635700 TO 1
244636150 TI 6
244650032 TO 6
278122463 TI 5
244667700 TO 1
244668150 TI 6
244682032 TO 6
278141702 TI 6
244699700 TO 1
244700150 TI 6
244714032 TO 6
278160490 TI 6
244731714 TO 1
244732164 TI 6
244746222 TO 6
278187523 TI 6
244777802 TO 5
244778044 TI 1
244778844 TO 1
278219523 TI 6
244782782 TO 5
244803103 TI 6
244810032 TO 6
278251523 TI 6
244828195 TO 1
244828437 TI 2
245480041 TO 2
278283523 TI 6
245499016 TO 5
245499258 TI 3
246800050 TO 3
278315523 TI 6
246818561 TO 1
246818809 TI 5
246819703 TO 5
278347523 TI 6
246838076 TO 6
246838318 TI 4
248025399 TO 4
278379523 TI 6
248693808 TO 2
248694458 TI 4
250291790 TO 4
278411537 TI 6
251225399 TO 3
251225641 TI 2
251877003 TO 2
278443585 TI 1
252279404 TO 3
252279854 TI 4
252746834 TO 4
278474273 TI 1
252765145 TO 1
252765387 TI 5
252766281 TO 5
278506273 TI 1
252784028 TO 6
252784270 TI 1
252785069 TO 1
278538273 TI 1
252810032 TO 6
252810274 TI 1
252811074 TO 1
278570273 TI 1
252842032 TO 6
252842274 TI 1
252843074 TO 1
278602273 TI 1
252874032 TO 6
252874274 TI 1
252875074 TO 1
278634273 TI 1
252906032 TO 6
252906274 TI 1
252907074 TO 1
278666273 TI 1
252938032 TO 6
252938274 TI 1
252939074 TO 1
278698273 TI 1
252970032 TO 6
252970274 TI 1
252971074 TO 1
278730273 TI 1
253002032 TO 6
253002274 TI 1
253003074 TO 1
278762463 TI 5
253034032 TO 6
253034274 TI 1
253035088 TO 1
278781702 TI 6
253066222 TO 6
253066464 TI 5
253067344 TO 5
278800490 TI 6
253085253 TO 1
253085703 TI 6
253098032 TO 6
278827523 TI 6
253115701 TO 1
253116151 TI 6
253130032 TO 6
278859523 TI 6
253147701 TO 1
253148151 TI 6
253162032 TO 6
278891523 TI 6
253179701 TO 1
253180151 TI 6
253194032 TO 6
278923523 TI 6
253211701 TO 1
253212151 TI 6
253226032 TO 6
278955523 TI 6
253243701 TO 1
253244151 TI 6
253258032 TO 6
278987523 TI 6
253275701 TO 1
253276151 TI 6
253290032 TO 6
279019523 TI 6
253307701 TO 1
253308151 TI 6
253322032 TO 6
279051537 TI 6
253339701 TO 1
253340151 TI 6
253354032 TO 6
279083585 TI 1
253371715 TO 1
253372165 TI 6
253386222 TO 6
280025646 TI 2
253403971 TO 5
253404213 TI 1
253405253 TO 1
281074145 TI 4
253423000 TO 6
253423242 TI 1
253424041 TO 1
283877671 TI 4
253450032 TO 6
253450274 TI 1
253451074 TO 1
285197071 TI 4
253482032 TO 6
253482274 TI 1
253483074 TO 1
286330220 TI 1
253514032 TO 6
253514274 TI 1
253515074 TO 1
286378273 TI 1
253546032 TO 6
253546274 TI 1
253547074 TO 1
286410273 TI 1
253578032 TO 6
253578274 TI 1
253579074 TO 1
287081088 TI 5
253610032 TO 6
253610274 TI 1
253611074 TO 1
287099443 TI 5
253642032 TO 6
253642274 TI 1
253643074 TO 1
287118267 TI 5
253674032 TO 6
253674274 TI 1
253675088 TO 1
287146273 TI 1
253706222 TO 6
253706464 TI 5
253707344 TO 5
287178273 TI 1
253725253 TO 1
253725703 TI 6
253738032 TO 6
287210273 TI 1
253755701 TO 1
253756151 TI 6
253770032 TO 6
287242273 TI 1
253787701 TO 1
253788151 TI 6
253802032 TO 6
287274273 TI 1
253819701 TO 1
253820151 TI 6
253834032 TO 6
287306273 TI 1
253851701 TO 1
253852151 TI 6
253866032 TO 6
287338273 TI 1
253883701 TO 1
253884151 TI 6
253898032 TO 6
287370273 TI 1
253915701 TO 1
253916151 TI 6
253930032 TO 6
287402273 TI 1
253947701 TO 1
253948151 TI 6
253962032 TO 6
287434463 TI 5
253979701 TO 1
253980151 TI 6
253994032 TO 6
287453702 TI 6
254011715 TO 1
254012165 TI 6
254026222 TO 6
287472490 TI 6
254043971 TO 5
254044213 TI 1
254045253 TO 1
287499523 TI 6
254063000 TO 6
254063242 TI 1
254064041 TO 1
287531523 TI 6
254090032 TO 6
254090274 TI 1
254091074 TO 1
287563523 TI 6
254122032 TO 6
254122274 TI 1
254123074 TO 1
287595523 TI 6
254154032 TO 6
254154274 TI 1
254155074 TO 1
287627523 TI 6
254186032 TO 6
254186274 TI 1
254187074 TO 1
287659523 TI 6
254218032 TO 6
254218274 TI 1
254219074 TO 1
287691523 TI 6
254250032 TO 6
254250274 TI 1
254251074 TO 1
287723537 TI 6
254282032 TO 6
254282274 TI 1
254283074 TO 1
287755585 TI 1
254314032 TO 6
254314274 TI 1
254315088 TO 1
287786273 TI 1
254346222 TO 6
254346464 TI 5
254347344 TO 5
287818273 TI 1
254365253 TO 1
254365703 TI 6
254378032 TO 6
287850273 TI 1
254395701 TO 1
254396151 TI 6
254410032 TO 6
287882273 TI 1
254428195 TO 1
254428437 TI 2
255080039 TO 2
287914273 TI 1
255099014 TO 5
255099256 TI 3
256400049 TO 3
287946273 TI 1
256418560 TO 1
256418808 TI 5
256419702 TO 5
287978273 TI 1
256437449 TO 6
256437691 TI 1
256438490 TO 1
288010273 TI 1
256458032 TO 6
256458274 TI 1
256459074 TO 1
288042273 TI 1
256490032 TO 6
256490274 TI 1
256491074 TO 1
288074463 TI 5
256522032 TO 6
256522274 TI 1
256523074 TO 1
288093702 TI 6
256554032 TO 6
256554274 TI 1
256555074 TO 1
288112490 TI 6
256586032 TO 6
256586274 TI 1
256587074 TO 1
288139523 TI 6
256618032 TO 6
256618274 TI 1
256619074 TO 1
288171523 TI 6
256650032 TO 6
256650274 TI 1
256651074 TO 1
288203523 TI 6
256682032 TO 6
256682274 TI 1
256683088 TO 1
288235523 TI 6
256714222 TO 6
256714464 TI 5
256715344 TO 5
288267523 TI 6
256733253 TO 1
256733703 TI 6
256746032 TO 6
288299523 TI 6
256763701 TO 1
256764151 TI 6
256778032 TO 6
288331523 TI 6
256795701 TO 1
256796151 TI 6
256810032 TO 6
288363537 TI 6
256827701 TO 1
256828151 TI 6
256842032 TO 6
288395585 TI 1
256859701 TO 1
256860151 TI 6
256874032 TO 6
288426273 TI 1
256891701 TO 1
256892151 TI 6
256906032 TO 6
288458273 TI 1
256923701 TO 1
256924151 TI 6
256938032 TO 6
288490273 TI 1
256955701 TO 1
256956151 TI 6
256970032 TO 6
288522273 TI 1
256987701 TO 1
256988151 TI 6
257002032 TO 6
288554273 TI 1
257019715 TO 1
257020165 TI 6
257034222 TO 6
288586273 TI 1
257051971 TO 5
257052213 TI 1
257053253 TO 1
288618273 TI 1
257071000 TO 6
257071242 TI 1
257072041 TO 1
288650273 TI 1
257098032 TO 6
257098274 TI 1
257099074 TO 1
288682273 TI 1
257130032 TO 6
257130274 TI 1
257131074 TO 1
289625640 TI 2
257162032 TO 6
257162274 TI 1
257163074 TO 1
290672259 TI 5
257194032 TO 6
257194274 TI 1
257195074 TO 1
290691495 TI 6
257226032 TO 6
257226274 TI 1
257227074 TO 1
290710283 TI 6
257258032 TO 6
257258274 TI 1
257259074 TO 1
290731523 TI 6
257290032 TO 6
257290274 TI 1
257291074 TO 1
290763523 TI 6
257322032 TO 6
257322274 TI 1
257323088 TO 1
290795523 TI 6
257354222 TO 6
257354464 TI 5
257355344 TO 5
290827523 TI 6
257373253 TO 1
257373703 TI 6
257386032 TO 6
290859523 TI 6
257403701 TO 1
257404151 TI 6
257418032 TO 6
290891523 TI 6
257435701 TO 1
257436151 TI 6
257450032 TO 6
290923523 TI 6
257467701 TO 1
257468151 TI 6
257482032 TO 6
290955537 TI 6
257499701 TO 1
257500151 TI 6
257514032 TO 6
290987585 TI 1
257531701 TO 1
257532151 TI 6
257546032 TO 6
291018273 TI 1
257563701 TO 1
257564151 TI 6
257578032 TO 6
291050273 TI 1
257595701 TO 1
257596151 TI 6
257610032 TO 6
291082273 TI 1
257628195 TO 1
257628437 TI 2
258281019 TO 2
291114273 TI 1
259891790 TO 4
259892032 TI 3
260825399 TO 3
291146273 TI 1
261493794 TO 2
261494244 TI 3
261862564 TO 3
291178273 TI 1
263535927 TO 4
263536577 TI 5
263537457 TO 5
291210273 TI 1
263555366 TO 1
263555816 TI 6
263562032 TO 6
291242273 TI 1
263579701 TO 1
263580151 TI 6
263594032 TO 6
291274273 TI 1
263611701 TO 1
263612151 TI 6
263626032 TO 6
291306463 TI 5
263643701 TO 1
263644151 TI 6
263658032 TO 6
291325702 TI 6
263675701 TO 1
263676151 TI 6
263690032 TO 6
291344490 TI 6
263707701 TO 1
263708151 TI 6
263722032 TO 6
291371523 TI 6
263739701 TO 1
263740151 TI 6
263754032 TO 6
291403523 TI 6
263771701 TO 1
263772151 TI 6
263786032 TO 6
291435523 TI 6
263803701 TO 1
263804151 TI 6
263818032 TO 6
291467523 TI 6
263835715 TO 1
263836165 TI 6
263850222 TO 6
291499523 TI 6
263867971 TO 5
263868213 TI 1
263869253 TO 1
291531523 TI 6
263887000 TO 6
263887242 TI 1
263888041 TO 1
291563523 TI 6
263914032 TO 6
263914274 TI 1
263915074 TO 1
291595537 TI 6
263946032 TO 6
263946274 TI 1
263947074 TO 1
292825640 TI 2
263978032 TO 6
263978274 TI 1
263979074 TO 1
294796298 TI 4
264010032 TO 6
264010274 TI 1
264011074 TO 1
296677666 TI 4
264029445 TO 6
264029687 TI 2
264681517 TO 2
297533667 TI 1
264700486 TO 1
264700728 TI 3
266001511 TO 3
297578273 TI 1
266020102 TO 5
266020350 TI 1
266021147 TO 1
297610273 TI 1
266038894 TO 6
266039136 TI 1
266039935 TO 1
297642273 TI 1
266058032 TO 6
266058274 TI 1
266059074 TO 1
297674273 TI 1
266090032 TO 6
266090274 TI 1
266091074 TO 1
297706273 TI 1
266122032 TO 6
266122274 TI 1
266123074 TO 1
297738273 TI 1
266154032 TO 6
266154274 TI 1
266155074 TO 1
297770273 TI 1
266186032 TO 6
266186274 TI 1
266187074 TO 1
297802273 TI 1
266218032 TO 6
266218274 TI 1
266219074 TO 1
297834463 TI 5
266250032 TO 6
266250274 TI 1
266251074 TO 1
297853702 TI 6
266282032 TO 6
266282274 TI 1
266283088 TO 1
297872490 TI 6
266314222 TO 6
266314464 TI 5
266315344 TO 5
297899523 TI 6
266333253 TO 1
266333703 TI 6
266346032 TO 6
297931523 TI 6
266363701 TO 1
266364151 TI 6
266378032 TO 6
297963523 TI 6
266395701 TO 1
266396151 TI 6
266410032 TO 6
297995523 TI 6
266427701 TO 1
266428151 TI 6
266442032 TO 6
298027523 TI 6
266459701 TO 1
266460151 TI 6
266474032 TO 6
298059523 TI 6
266491701 TO 1
266492151 TI 6
266506032 TO 6
298091523 TI 6
266523701 TO 1
266524151 TI 6
266538032 TO 6
298123537 TI 6
266555701 TO 1
266556151 TI 6
266570032 TO 6
298155585 TI 1
266587701 TO 1
266588151 TI 6
266602032 TO 6
298186273 TI 1
266619715 TO 1
266620165 TI 6
266634222 TO 6
298218273 TI 1
266651971 TO 5
266652213 TI 1
266653253 TO 1
298250273 TI 1
266671000 TO 6
266671242 TI 1
266672041 TO 1
298282273 TI 1
266698032 TO 6
266698274 TI 1
266699074 TO 1
299225640 TI 2
266730032 TO 6
266730274 TI 1
266731074 TO 1
300272259 TI 5
266762032 TO 6
266762274 TI 1
266763074 TO 1
300291495 TI 6
266794032 TO 6
266794274 TI 1
266795074 TO 1
300310283 TI 6
266826032 TO 6
266826274 TI 1
266827074 TO 1
300331523 TI 6
266858032 TO 6
266858274 TI 1
266859074 TO 1
300363523 TI 6
266890032 TO 6
266890274 TI 1
266891074 TO 1
300395523 TI 6
266922032 TO 6
266922274 TI 1
266923088 TO 1
300427523 TI 6
266954222 TO 6
266954464 TI 5
266955344 TO 5
300459523 TI 6
266973253 TO 1
266973703 TI 6
266986032 TO 6
300491523 TI 6
267003701 TO 1
267004151 TI 6
267018032 TO 6
300523523 TI 6
267035701 TO 1
267036151 TI 6
267050032 TO 6
300555537 TI 6
267067701 TO 1
267068151 TI 6
267082032 TO 6
300587585 TI 1
267099701 TO 1
267100151 TI 6
267114032 TO 6
300618273 TI 1
267131701 TO 1
267132151 TI 6
267146032 TO 6
300650273 TI 1
267163701 TO 1
267164151 TI 6
267178032 TO 6
300682273 TI 1
267195701 TO 1
267196151 TI 6
267210032 TO 6
300714273 TI 1
267228195 TO 1
267228437 TI 2
267880041 TO 2
300746273 TI 1
267898157 TO 5
267898399 TI 1
267899198 TO 1
300778273 TI 1
267916741 TO 5
267916989 TI 1
267918028 TO 1
300810273 TI 1
267936031 TO 5
267936481 TI 6
267946032 TO 6
300842273 TI 1
267963701 TO 1
267964151 TI 6
267978032 TO 6
300874273 TI 1
267995701 TO 1
267996151 TI 6
268010032 TO 6
300906463 TI 5
268027701 TO 1
268028151 TI 6
268042032 TO 6
300925702 TI 6
268059701 TO 1
268060151 TI 6
268074032 TO 6
300944490 TI 6
268091701 TO 1
268092151 TI 6
268106032 TO 6
300971523 TI 6
268123701 TO 1
268124151 TI 6
268138032 TO 6
301003523 TI 6
268155701 TO 1
268156151 TI 6
268170032 TO 6
301035523 TI 6
268187701 TO 1
268188151 TI 6
268202032 TO 6
301067523 TI 6
268219715 TO 1
268220165 TI 6
268234222 TO 6
301099523 TI 6
268251971 TO 5
268252213 TI 1
268253253 TO 1
301131523 TI 6
268271000 TO 6
268271242 TI 1
268272041 TO 1
301163523 TI 6
268298032 TO 6
268298274 TI 1
268299074 TO 1
301195537 TI 6
268330032 TO 6
268330274 TI 1
268331074 TO 1
301227585 TI 1
268362032 TO 6
268362274 TI 1
268363074 TO 1
301258273 TI 1
268394032 TO 6
268394274 TI 1
268395074 TO 1
301290273 TI 1
268426032 TO 6
268426274 TI 1
268427074 TO 1
301322273 TI 1
268458032 TO 6
268458274 TI 1
268459074 TO 1
301354273 TI 1
268490032 TO 6
268490274 TI 1
268491074 TO 1
301386273 TI 1
268522032 TO 6
268522274 TI 1
268523088 TO 1
301418273 TI 1
268554222 TO 6
268554464 TI 5
268555344 TO 5
301450273 TI 1
268573253 TO 1
268573703 TI 6
268586032 TO 6
301482273 TI 1
268603701 TO 1
268604151 TI 6
268618032 TO 6
301514273 TI 1
268635701 TO 1
268636151 TI 6
268650032 TO 6
301546463 TI 5
268667701 TO 1
268668151 TI 6
268682032 TO 6
301565702 TI 6
268699701 TO 1
268700151 TI 6
268714032 TO 6
301584490 TI 6
268731701 TO 1
268732151 TI 6
268746032 TO 6
301611523 TI 6
268763701 TO 1
268764151 TI 6
268778032 TO 6
301643523 TI 6
268795701 TO 1
268796151 TI 6
268810032 TO 6
301675523 TI 6
268827701 TO 1
268828151 TI 6
268842032 TO 6
301707523 TI 6
268859715 TO 1
268860165 TI 6
268874222 TO 6
301739523 TI 6
268891971 TO 5
268892213 TI 1
268893253 TO 1
301771523 TI 6
268911000 TO 6
268911242 TI 1
268912041 TO 1
301803523 TI 6
268938032 TO 6
268938274 TI 1
268939074 TO 1
301835537 TI 6
268970032 TO 6
268970274 TI 1
268971074 TO 1
301867585 TI 1
269002032 TO 6
269002274 TI 1
269003074 TO 1
301898273 TI 1
269034032 TO 6
269034274 TI 1
269035074 TO 1
301930273 TI 1
269066032 TO 6
269066274 TI 1
269067074 TO 1
301962273 TI 1
269098032 TO 6
269098274 TI 1
269099074 TO 1
301994273 TI 1
269130032 TO 6
269130274 TI 1
269131074 TO 1
302026273 TI 1
269162032 TO 6
269162274 TI 1
269163088 TO 1
302058273 TI 1
269194222 TO 6
269194464 TI 5
269195344 TO 5
302090273 TI 1
269213253 TO 1
269213703 TI 6
269224000 TO 6
302122273 TI 1
269491790 TO 4
269492032 TI 3
270425399 TO 3
302154273 TI 1
271093794 TO 2
271094244 TI 3
271462788 TO 3
302186463 TI 5
273625399 TO 4
273625641 TI 2
274277017 TO 2
302205702 TI 6
274295592 TO 4
274295834 TI 3
275596612 TO 3
302224490 TI 6
276468522 TO 4
276469166 TI 1
276469966 TO 1
302251523 TI 6
276487969 TO 5
276488419 TI 6
276490032 TO 6
302283523 TI 6
276507701 TO 1
276508151 TI 6
276522032 TO 6
302315523 TI 6
276539701 TO 1
276540151 TI 6
276554032 TO 6
302347523 TI 6
276571701 TO 1
276572151 TI 6
276586032 TO 6
302379523 TI 6
276603701 TO 1
276604151 TI 6
276618032 TO 6
302411523 TI 6
276635701 TO 1
276636151 TI 6
276650032 TO 6
303083403 TI 4
276667701 TO 1
276668151 TI 6
276682032 TO 6
304402600 TI 4
276699701 TO 1
276700151 TI 6
276714032 TO 6
306277666 TI 4
276731701 TO 1
276732151 TI 6
276746032 TO 6
308825640 TI 2
276763715 TO 1
276764165 TI 6
276778222 TO 6
309863013 TI 4
276795971 TO 5
276796213 TI 1
276797253 TO 1
310328728 TI 5
276815000 TO 6
276815242 TI 1
276816041 TO 1
310347552 TI 5
276834412 TO 6
276834654 TI 2
277486682 TO 2
310379319 TI 5
310383343 TO 5
277505635 TI 5
277506529 TO 5
277506978 TI 6
310411072 TO 1
277524518 TI 1
277525317 TO 1
277525766 TI 6
310443072 TO 1
277546274 TI 1
277547074 TO 1
277547523 TI 6
310475072 TO 1
277578274 TI 1
277579074 TO 1
277579523 TI 6
310507072 TO 1
277610274 TI 1
277611074 TO 1
277611523 TI 6
310539072 TO 1
277642274 TI 1
277643074 TO 1
277643523 TI 6
310571072 TO 1
277674274 TI 1
277675074 TO 1
277675523 TI 6
310603072 TO 1
277706274 TI 1
277707074 TO 1
277707523 TI 6
310635072 TO 1
277738274 TI 1
277739074 TO 1
277739523 TI 6
310667086 TO 1
277770274 TI 1
277771088 TO 1
277771537 TI 6
310699342 TO 5
277802464 TI 5
277803344 TO 5
277803585 TI 1
310730032 TO 6
277821703 TI 6
277834032 TO 6
277834273 TI 1
310762032 TO 6
277852151 TI 6
277866032 TO 6
277866273 TI 1
310794032 TO 6
277884151 TI 6
277898032 TO 6
277898273 TI 1
310826032 TO 6
277916151 TI 6
277930032 TO 6
277930273 TI 1
310858032 TO 6
277948151 TI 6
277962032 TO 6
277962273 TI 1
310890032 TO 6
277980151 TI 6
277994032 TO 6
277994273 TI 1
310922032 TO 6
278012151 TI 6
278026032 TO 6
278026273 TI 1
310954032 TO 6
278044151 TI 6
278058032 TO 6
278058273 TI 1
310986032 TO 6
278076151 TI 6
278090032 TO 6
278090273 TI 1
311018222 TO 6
278108165 TI 6
278122222 TO 6
278122463 TI 5
311037252 TO 1
278140213 TI 1
278141253 TO 1
278141702 TI 6
311056039 TO 1
278159242 TI 1
278160041 TO 1
278160490 TI 6
311083072 TO 1
278186274 TI 1
278187074 TO 1
278187523 TI 6
311115072 TO 1
278218274 TI 1
278219074 TO 1
278219523 TI 6
311147072 TO 1
278250274 TI 1
278251074 TO 1
278251523 TI 6
311179072 TO 1
278282274 TI 1
278283074 TO 1
278283523 TI 6
311211072 TO 1
278314274 TI 1
278315074 TO 1
278315523 TI 6
311243072 TO 1
278346274 TI 1
278347074 TO 1
278347523 TI 6
311275072 TO 1
278378274 TI 1
278379074 TO 1
278379523 TI 6
311307086 TO 1
278410274 TI 1
278411088 TO 1
278411537 TI 6
311339342 TO 5
278442464 TI 5
278443344 TO 5
278443585 TI 1
311370032 TO 6
278461703 TI 6
278474032 TO 6
278474273 TI 1
311402032 TO 6
278492151 TI 6
278506032 TO 6
278506273 TI 1
311434032 TO 6
278524151 TI 6
278538032 TO 6
278538273 TI 1
311466032 TO 6
278556151 TI 6
278570032 TO 6
278570273 TI 1
311498032 TO 6
278588151 TI 6
278602032 TO 6
278602273 TI 1
311530032 TO 6
278620151 TI 6
278634032 TO 6
278634273 TI 1
311562032 TO 6
278652151 TI 6
278666032 TO 6
278666273 TI 1
311594032 TO 6
278684151 TI 6
278698032 TO 6
278698273 TI 1
311626032 TO 6
278716151 TI 6
278730032 TO 6
278730273 TI 1
311658222 TO 6
278748165 TI 6
278762222 TO 6
278762463 TI 5
311677252 TO 1
278780213 TI 1
278781253 TO 1
278781702 TI 6
311696039 TO 1
278799242 TI 1
278800041 TO 1
278800490 TI 6
311723072 TO 1
278826274 TI 1
278827074 TO 1
278827523 TI 6
311755072 TO 1
278858274 TI 1
278859074 TO 1
278859523 TI 6
311787072 TO 1
278890274 TI 1
278891074 TO 1
278891523 TI 6
311819072 TO 1
278922274 TI 1
278923074 TO 1
278923523 TI 6
311851072 TO 1
278954274 TI 1
278955074 TO 1
278955523 TI 6
311883072 TO 1
278986274 TI 1
278987074 TO 1
278987523 TI 6
311915072 TO 1
279018274 TI 1
279019074 TO 1
279019523 TI 6
311947086 TO 1
279050274 TI 1
279051088 TO 1
279051537 TI 6
311979342 TO 5
279082464 TI 5
279083344 TO 5
279083585 TI 1
312010032 TO 6
279101759 TI 3
280025405 TO 3
280025646 TI 2
312680041 TO 2
280695243 TI 3
281073702 TO 3
281074145 TI 4
314000050 TO 3
283225641 TI 2
283877022 TO 2
283877671 TI 4
314019702 TO 5
283895839 TI 3
285196622 TO 3
285197071 TI 4
315225399 TO 4
286329099 TI 5
286329979 TO 5
286330220 TI 1
317491790 TO 4
286348528 TI 6
286378032 TO 6
286378273 TI 1
319077002 TO 2
286396151 TI 6
286410032 TO 6
286410273 TI 1
319946833 TO 4
286428437 TI 2
287080039 TO 2
287081088 TI 5
319966279 TO 5
287098397 TI 1
287099196 TO 1
287099443 TI 5
319985066 TO 1
287116987 TI 1
287118026 TO 1
287118267 TI 5
320011072 TO 1
287136479 TI 6
287146032 TO 6
287146273 TI 1
320043072 TO 1
287164151 TI 6
287178032 TO 6
287178273 TI 1
320075072 TO 1
287196151 TI 6
287210032 TO 6
287210273 TI 1
320107072 TO 1
287228151 TI 6
287242032 TO 6
287242273 TI 1
320139072 TO 1
287260151 TI 6
287274032 TO 6
287274273 TI 1
320171072 TO 1
287292151 TI 6
287306032 TO 6
287306273 TI 1
320203072 TO 1
287324151 TI 6
287338032 TO 6
287338273 TI 1
320235086 TO 1
287356151 TI 6
287370032 TO 6
287370273 TI 1
320267342 TO 5
287388151 TI 6
287402032 TO 6
287402273 TI 1
320298032 TO 6
287420165 TI 6
287434222 TO 6
287434463 TI 5
320330032 TO 6
287452213 TI 1
287453253 TO 1
287453702 TI 6
320362032 TO 6
287471242 TI 1
287472041 TO 1
287472490 TI 6
320394032 TO 6
287498274 TI 1
287499074 TO 1
287499523 TI 6
320426032 TO 6
287530274 TI 1
287531074 TO 1
287531523 TI 6
320458032 TO 6
287562274 TI 1
287563074 TO 1
287563523 TI 6
320490032 TO 6
287594274 TI 1
287595074 TO 1
287595523 TI 6
320522032 TO 6
287626274 TI 1
287627074 TO 1
287627523 TI 6
320554032 TO 6
287658274 TI 1
287659074 TO 1
287659523 TI 6
320586222 TO 6
287690274 TI 1
287691074 TO 1
287691523 TI 6
320605252 TO 1
287722274 TI 1
287723088 TO 1
287723537 TI 6
320624039 TO 1
287754464 TI 5
287755344 TO 5
287755585 TI 1
320651072 TO 1
287773703 TI 6
287786032 TO 6
287786273 TI 1
320683072 TO 1
287804151 TI 6
287818032 TO 6
287818273 TI 1
320715072 TO 1
287836151 TI 6
287850032 TO 6
287850273 TI 1
320747072 TO 1
287868151 TI 6
287882032 TO 6
287882273 TI 1
320779072 TO 1
287900151 TI 6
287914032 TO 6
287914273 TI 1
320811072 TO 1
287932151 TI 6
287946032 TO 6
287946273 TI 1
320843072 TO 1
287964151 TI 6
287978032 TO 6
287978273 TI 1
320875086 TO 1
287996151 TI 6
288010032 TO 6
288010273 TI 1
320907342 TO 5
288028151 TI 6
288042032 TO 6
288042273 TI 1
320938032 TO 6
288060165 TI 6
288074222 TO 6
288074463 TI 5
320970032 TO 6
288092213 TI 1
288093253 TO 1
288093702 TI 6
321002032 TO 6
288111242 TI 1
288112041 TO 1
288112490 TI 6
321034032 TO 6
288138274 TI 1
288139074 TO 1
288139523 TI 6
321066032 TO 6
288170274 TI 1
288171074 TO 1
288171523 TI 6
321098032 TO 6
288202274 TI 1
288203074 TO 1
288203523 TI 6
321130032 TO 6
288234274 TI 1
288235074 TO 1
288235523 TI 6
321162032 TO 6
288266274 TI 1
288267074 TO 1
288267523 TI 6
321194032 TO 6
288298274 TI 1
288299074 TO 1
288299523 TI 6
321226222 TO 6
288330274 TI 1
288331074 TO 1
288331523 TI 6
321245252 TO 1
288362274 TI 1
288363088 TO 1
288363537 TI 6
321264039 TO 1
288394464 TI 5
288395344 TO 5
288395585 TI 1
321291072 TO 1
288413703 TI 6
288426032 TO 6
288426273 TI 1
321323072 TO 1
288444151 TI 6
288458032 TO 6
288458273 TI 1
321355072 TO 1
288476151 TI 6
288490032 TO 6
288490273 TI 1
321387072 TO 1
288508151 TI 6
288522032 TO 6
288522273 TI 1
321419072 TO 1
288540151 TI 6
288554032 TO 6
288554273 TI 1
321451072 TO 1
288572151 TI 6
288586032 TO 6
288586273 TI 1
321483072 TO 1
288604151 TI 6
288618032 TO 6
288618273 TI 1
321515086 TO 1
288636151 TI 6
288650032 TO 6
288650273 TI 1
321547342 TO 5
288668151 TI 6
288682032 TO 6
288682273 TI 1
321578032 TO 6
288700441 TI 3
289625399 TO 3
289625640 TI 2
321610032 TO 6
290294258 TI 3
290671410 TO 3
290672259 TI 5
322280039 TO 2
290690249 TI 1
290691046 TO 1
290691495 TI 6
323600047 TO 3
290709035 TI 1
290709834 TO 1
290710283 TI 6
323619699 TO 5
290730274 TI 1
290731074 TO 1
290731523 TI 6
323638486 TO 1
290762274 TI 1
290763074 TO 1
290763523 TI 6
323659072 TO 1
290794274 TI 1
290795074 TO 1
290795523 TI 6
323691072 TO 1
290826274 TI 1
290827074 TO 1
290827523 TI 6
323723072 TO 1
290858274 TI 1
290859074 TO 1
290859523 TI 6
323755072 TO 1
290890274 TI 1
290891074 TO 1
290891523 TI 6
323787072 TO 1
290922274 TI 1
290923074 TO 1
290923523 TI 6
323819072 TO 1
290954274 TI 1
290955088 TO 1
290955537 TI 6
323851072 TO 1
290986464 TI 5
290987344 TO 5
290987585 TI 1
323883086 TO 1
291005703 TI 6
291018032 TO 6
291018273 TI 1
323915342 TO 5
291036151 TI 6
291050032 TO 6
291050273 TI 1
323946032 TO 6
291068151 TI 6
291082032 TO 6
291082273 TI 1
323978032 TO 6
291100151 TI 6
291114032 TO 6
291114273 TI 1
324010032 TO 6
291132151 TI 6
291146032 TO 6
291146273 TI 1
324042032 TO 6
291164151 TI 6
291178032 TO 6
291178273 TI 1
324074032 TO 6
291196151 TI 6
291210032 TO 6
291210273 TI 1
324106032 TO 6
291228151 TI 6
291242032 TO 6
291242273 TI 1
324138032 TO 6
291260151 TI 6
291274032 TO 6
291274273 TI 1
324170032 TO 6
291292165 TI 6
291306222 TO 6
291306463 TI 5
324202032 TO 6
291324213 TI 1
291325253 TO 1
291325702 TI 6
324234222 TO 6
291343242 TI 1
291344041 TO 1
291344490 TI 6
324253252 TO 1
291370274 TI 1
291371074 TO 1
291371523 TI 6
324272039 TO 1
291402274 TI 1
291403074 TO 1
291403523 TI 6
324299072 TO 1
291434274 TI 1
291435074 TO 1
291435523 TI 6
324331072 TO 1
291466274 TI 1
291467074 TO 1
291467523 TI 6
324363072 TO 1
291498274 TI 1
291499074 TO 1
291499523 TI 6
324395072 TO 1
291530274 TI 1
291531074 TO 1
291531523 TI 6
324427072 TO 1
291562274 TI 1
291563074 TO 1
291563523 TI 6
324459072 TO 1
291594274 TI 1
291595088 TO 1
291595537 TI 6
324491072 TO 1
291624215 TI 4
292825399 TO 4
292825640 TI 2
324523086 TO 1
293495257 TI 3
294795849 TO 3
294796298 TI 4
324555342 TO 5
296025641 TI 2
296677017 TO 2
296677666 TI 4
324586032 TO 6
297532306 TI 5
297533426 TO 5
297533667 TI 1
324618032 TO 6
297551735 TI 6
297578032 TO 6
297578273 TI 1
324650032 TO 6
297596151 TI 6
297610032 TO 6
297610273 TI 1
324682032 TO 6
297628151 TI 6
297642032 TO 6
297642273 TI 1
324714032 TO 6
297660151 TI 6
297674032 TO 6
297674273 TI 1
324746032 TO 6
297692151 TI 6
297706032 TO 6
297706273 TI 1
324778032 TO 6
297724151 TI 6
297738032 TO 6
297738273 TI 1
324810032 TO 6
297756151 TI 6
297770032 TO 6
297770273 TI 1
325481023 TO 2
297788151 TI 6
297802032 TO 6
297802273 TI 1
328025399 TO 3
297820165 TI 6
297834222 TO 6
297834463 TI 5
329062559 TO 3
297852213 TI 1
297853253 TO 1
297853702 TI 6
330737457 TO 5
297871242 TI 1
297872041 TO 1
297872490 TI 6
330762032 TO 6
297898274 TI 1
297899074 TO 1
297899523 TI 6
330794032 TO 6
297930274 TI 1
297931074 TO 1
297931523 TI 6
330826032 TO 6
297962274 TI 1
297963074 TO 1
297963523 TI 6
330858032 TO 6
297994274 TI 1
297995074 TO 1
297995523 TI 6
330890032 TO 6
298026274 TI 1
298027074 TO 1
298027523 TI 6
330922032 TO 6
298058274 TI 1
298059074 TO 1
298059523 TI 6
330954032 TO 6
298090274 TI 1
298091074 TO 1
298091523 TI 6
330986032 TO 6
298122274 TI 1
298123088 TO 1
298123537 TI 6
331018032 TO 6
298154464 TI 5
298155344 TO 5
298155585 TI 1
331050222 TO 6
298173703 TI 6
298186032 TO 6
298186273 TI 1
331069252 TO 1
298204151 TI 6
298218032 TO 6
298218273 TI 1
331088039 TO 1
298236151 TI 6
298250032 TO 6
298250273 TI 1
331115072 TO 1
298268151 TI 6
298282032 TO 6
298282273 TI 1
331147072 TO 1
298300441 TI 3
299225399 TO 3
299225640 TI 2
331179072 TO 1
299894258 TI 3
300271410 TO 3
300272259 TI 5
331211072 TO 1
300290249 TI 1
300291046 TO 1
300291495 TI 6
331881520 TO 2
300309035 TI 1
300309834 TO 1
300310283 TI 6
333201512 TO 3
300330274 TI 1
300331074 TO 1
300331523 TI 6
333221147 TO 1
300362274 TI 1
300363074 TO 1
300363523 TI 6
333239934 TO 1
300394274 TI 1
300395074 TO 1
300395523 TI 6
333259072 TO 1
300426274 TI 1
300427074 TO 1
300427523 TI 6
333291072 TO 1
300458274 TI 1
300459074 TO 1
300459523 TI 6
333323072 TO 1
300490274 TI 1
300491074 TO 1
300491523 TI 6
333355072 TO 1
300522274 TI 1
300523074 TO 1
300523523 TI 6
333387072 TO 1
300554274 TI 1
300555088 TO 1
300555537 TI 6
333419072 TO 1
300586464 TI 5
300587344 TO 5
300587585 TI 1
333451072 TO 1
300605703 TI 6
300618032 TO 6
300618273 TI 1
333483086 TO 1
300636151 TI 6
300650032 TO 6
300650273 TI 1
333515342 TO 5
300668151 TI 6
300682032 TO 6
300682273 TI 1
333546032 TO 6
300700151 TI 6
300714032 TO 6
300714273 TI 1
333578032 TO 6
300732151 TI 6
300746032 TO 6
300746273 TI 1
333610032 TO 6
300764151 TI 6
300778032 TO 6
300778273 TI 1
333642032 TO 6
300796151 TI 6
300810032 TO 6
300810273 TI 1
333674032 TO 6
300828151 TI 6
300842032 TO 6
300842273 TI 1
333706032 TO 6
300860151 TI 6
300874032 TO 6
300874273 TI 1
333738032 TO 6
300892165 TI 6
300906222 TO 6
300906463 TI 5
333770032 TO 6
300924213 TI 1
300925253 TO 1
300925702 TI 6
333802032 TO 6
300943242 TI 1
300944041 TO 1
300944490 TI 6
333834222 TO 6
300970274 TI 1
300971074 TO 1
300971523 TI 6
333853252 TO 1
301002274 TI 1
301003074 TO 1
301003523 TI 6
333872039 TO 1
301034274 TI 1
301035074 TO 1
301035523 TI 6
333899072 TO 1
301066274 TI 1
301067074 TO 1
301067523 TI 6
333931072 TO 1
301098274 TI 1
301099074 TO 1
301099523 TI 6
333963072 TO 1
301130274 TI 1
301131074 TO 1
301131523 TI 6
333995072 TO 1
301162274 TI 1
301163074 TO 1
301163523 TI 6
334027072 TO 1
301194274 TI 1
301195088 TO 1
301195537 TI 6
334059072 TO 1
301226464 TI 5
301227344 TO 5
301227585 TI 1
334091072 TO 1
301245703 TI 6
301258032 TO 6
301258273 TI 1
334123086 TO 1
301276151 TI 6
301290032 TO 6
301290273 TI 1
334155342 TO 5
301308151 TI 6
301322032 TO 6
301322273 TI 1
334186032 TO 6
301340151 TI 6
301354032 TO 6
301354273 TI 1
334218032 TO 6
301372151 TI 6
301386032 TO 6
301386273 TI 1
334250032 TO 6
301404151 TI 6
301418032 TO 6
301418273 TI 1
334282032 TO 6
301436151 TI 6
301450032 TO 6
301450273 TI 1
334314032 TO 6
301468151 TI 6
301482032 TO 6
301482273 TI 1
334346032 TO 6
301500151 TI 6
301514032 TO 6
301514273 TI 1
334378032 TO 6
301532165 TI 6
301546222 TO 6
301546463 TI 5
334410032 TO 6
301564213 TI 1
301565253 TO 1
301565702 TI 6
335080044 TO 2
301583242 TI 1
301584041 TO 1
301584490 TI 6
335099198 TO 1
301610274 TI 1
301611074 TO 1
301611523 TI 6
335118027 TO 1
301642274 TI 1
301643074 TO 1
301643523 TI 6
335146032 TO 6
301674274 TI 1
301675074 TO 1
301675523 TI 6
335178032 TO 6
301706274 TI 1
301707074 TO 1
301707523 TI 6
335210032 TO 6
301738274 TI 1
301739074 TO 1
301739523 TI 6
335242032 TO 6
301770274 TI 1
301771074 TO 1
301771523 TI 6
335274032 TO 6
301802274 TI 1
301803074 TO 1
301803523 TI 6
335306032 TO 6
301834274 TI 1
301835088 TO 1
301835537 TI 6
335338032 TO 6
301866464 TI 5
301867344 TO 5
301867585 TI 1
335370032 TO 6
301885703 TI 6
301898032 TO 6
301898273 TI 1
335402032 TO 6
301916151 TI 6
301930032 TO 6
301930273 TI 1
335434222 TO 6
301948151 TI 6
301962032 TO 6
301962273 TI 1
335453252 TO 1
301980151 TI 6
301994032 TO 6
301994273 TI 1
335472039 TO 1
302012151 TI 6
302026032 TO 6
302026273 TI 1
335499072 TO 1
302044151 TI 6
302058032 TO 6
302058273 TI 1
335531072 TO 1
302076151 TI 6
302090032 TO 6
302090273 TI 1
335563072 TO 1
302108151 TI 6
302122032 TO 6
302122273 TI 1
335595072 TO 1
302140151 TI 6
302154032 TO 6
302154273 TI 1
335627072 TO 1
302172165 TI 6
302186222 TO 6
302186463 TI 5
335659072 TO 1
302204213 TI 1
302205253 TO 1
302205702 TI 6
335691072 TO 1
302223242 TI 1
302224041 TO 1
302224490 TI 6
335723086 TO 1
302250274 TI 1
302251074 TO 1
302251523 TI 6
335755342 TO 5
302282274 TI 1
302283074 TO 1
302283523 TI 6
335786032 TO 6
302314274 TI 1
302315074 TO 1
302315523 TI 6
335818032 TO 6
302346274 TI 1
302347074 TO 1
302347523 TI 6
335850032 TO 6
302378274 TI 1
302379074 TO 1
302379523 TI 6
335882032 TO 6
302410274 TI 1
302411074 TO 1
302411523 TI 6
335914032 TO 6
302429687 TI 2
303082760 TO 2
303083403 TI 4
335946032 TO 6
303101571 TI 3
304402151 TO 3
304402600 TI 4
335978032 TO 6
305625641 TI 2
306277017 TO 2
306277666 TI 4
336010032 TO 6
307892032 TI 3
308825399 TO 3
308825640 TI 2
336042032 TO 6
309494244 TI 3
309862564 TO 3
309863013 TI 4
336074222 TO 6
310327687 TI 1
310328487 TO 1
310328728 TI 5
336093252 TO 1
310346272 TI 1
310347311 TO 1
310347552 TI 5
336112039 TO 1
310378278 TI 1
310379078 TO 1
310379319 TI 5
336139072 TO 1
310403667 TI 6
310410032 TO 6
310410273 TI 1
336171072 TO 1
310428149 TI 6
310442032 TO 6
310442273 TI 1
336203072 TO 1
310460149 TI 6
310474032 TO 6
310474273 TI 1
336235072 TO 1
310492149 TI 6
310506032 TO 6
310506273 TI 1
336267072 TO 1
310524149 TI 6
310538032 TO 6
310538273 TI 1
336299072 TO 1
310556149 TI 6
310570032 TO 6
310570273 TI 1
336331072 TO 1
310588149 TI 6
310602032 TO 6
310602273 TI 1
336363086 TO 1
310620149 TI 6
310634032 TO 6
310634273 TI 1
336395342 TO 5
310652149 TI 6
310666032 TO 6
310666273 TI 1
336424000 TO 6
310684163 TI 6
310698222 TO 6
310698463 TI 5
337625399 TO 3
310716211 TI 1
310717252 TO 1
310717701 TI 6
338662786 TO 3
310746901 TI 1
310747702 TO 1
310748151 TI 6
341477016 TO 2
310778901 TI 1
310779702 TO 1
310780151 TI 6
342796611 TO 3
310810901 TI 1
310811702 TO 1
310812151 TI 6
343669974 TO 1
310842901 TI 1
310843702 TO 1
310844151 TI 6
343690032 TO 6
310874901 TI 1
310875702 TO 1
310876151 TI 6
343722032 TO 6
310906901 TI 1
310907702 TO 1
310908151 TI 6
343754032 TO 6
310938901 TI 1
310939702 TO 1
310940151 TI 6
343786032 TO 6
310970901 TI 1
310971702 TO 1
310972151 TI 6
343818032 TO 6
311002901 TI 1
311003716 TO 1
311004165 TI 6
343850032 TO 6
311035091 TI 5
311035972 TO 5
311036213 TI 1
343882032 TO 6
311054329 TI 6
311055000 TO 6
311055241 TI 1
343914032 TO 6
311073116 TI 6
311082032 TO 6
311082273 TI 1
343946032 TO 6
311100149 TI 6
311114032 TO 6
311114273 TI 1
343978222 TO 6
311132149 TI 6
311146032 TO 6
311146273 TI 1
343997252 TO 1
311164149 TI 6
311178032 TO 6
311178273 TI 1
344016039 TO 1
311196149 TI 6
311210032 TO 6
311210273 TI 1
344686679 TO 2
311228149 TI 6
311242032 TO 6
311242273 TI 1
344706525 TO 5
311260149 TI 6
311274032 TO 6
311274273 TI 1
344725312 TO 1
311292149 TI 6
311306032 TO 6
311306273 TI 1
344747072 TO 1
311324163 TI 6
311338222 TO 6
311338463 TI 5
344779072 TO 1
311356211 TI 1
311357252 TO 1
311357701 TI 6
344811072 TO 1
311386901 TI 1
311387702 TO 1
311388151 TI 6
344843072 TO 1
311418901 TI 1
311419702 TO 1
311420151 TI 6
344875072 TO 1
311450901 TI 1
311451702 TO 1
311452151 TI 6
344907072 TO 1
311482901 TI 1
311483702 TO 1
311484151 TI 6
344939072 TO 1
311514901 TI 1
311515702 TO 1
311516151 TI 6
344971086 TO 1
311546901 TI 1
311547702 TO 1
311548151 TI 6
345003342 TO 5
311578901 TI 1
311579702 TO 1
311580151 TI 6
345034032 TO 6
311610901 TI 1
311611702 TO 1
311612151 TI 6
345066032 TO 6
311642901 TI 1
311643716 TO 1
311644165 TI 6
345098032 TO 6
311675091 TI 5
311675972 TO 5
311676213 TI 1
345130032 TO 6
311694329 TI 6
311695000 TO 6
311695241 TI 1
345162032 TO 6
311713116 TI 6
311722032 TO 6
311722273 TI 1
345194032 TO 6
311740149 TI 6
311754032 TO 6
311754273 TI 1
345226032 TO 6
311772149 TI 6
311786032 TO 6
311786273 TI 1
345258032 TO 6
311804149 TI 6
311818032 TO 6
311818273 TI 1
345290032 TO 6
311836149 TI 6
311850032 TO 6
311850273 TI 1
345322222 TO 6
311868149 TI 6
311882032 TO 6
311882273 TI 1
345341252 TO 1
311900149 TI 6
311914032 TO 6
311914273 TI 1
345360039 TO 1
311932149 TI 6
311946032 TO 6
311946273 TI 1
345387072 TO 1
311964163 TI 6
311978222 TO 6
311978463 TI 5
345419072 TO 1
311996211 TI 1
311997252 TO 1
311997701 TI 6
345451072 TO 1
312026901 TI 1
312028196 TO 1
312028437 TI 2
345483072 TO 1
312697718 TI 5
312699017 TO 5
312699258 TI 3
345515072 TO 1
314017521 TI 1
314018562 TO 1
314018809 TI 5
345547072 TO 1
314036779 TI 6
314038076 TO 6
314038317 TI 4
345579072 TO 1
315242268 TI 2
315893809 TO 2
315894458 TI 4
345611086 TO 1
317508659 TI 3
318425399 TO 3
318425640 TI 2
345643342 TO 5
319094079 TI 3
319479404 TO 3
319479853 TI 4
345674032 TO 6
319964104 TI 1
319965145 TO 1
319965386 TI 5
345706032 TO 6
319983356 TI 6
319984027 TO 6
319984268 TI 1
345738032 TO 6
320002143 TI 6
320010032 TO 6
320010273 TI 1
345770032 TO 6
320028149 TI 6
320042032 TO 6
320042273 TI 1
345802032 TO 6
320060149 TI 6
320074032 TO 6
320074273 TI 1
345834032 TO 6
320092149 TI 6
320106032 TO 6
320106273 TI 1
345866032 TO 6
320124149 TI 6
320138032 TO 6
320138273 TI 1
345898032 TO 6
320156149 TI 6
320170032 TO 6
320170273 TI 1
345930032 TO 6
320188149 TI 6
320202032 TO 6
320202273 TI 1
345962222 TO 6
320220149 TI 6
320234032 TO 6
320234273 TI 1
345981252 TO 1
320252163 TI 6
320266222 TO 6
320266463 TI 5
346000039 TO 1
320284211 TI 1
320285252 TO 1
320285701 TI 6
346027072 TO 1
320314901 TI 1
320315702 TO 1
320316151 TI 6
346059072 TO 1
320346901 TI 1
320347702 TO 1
320348151 TI 6
346091072 TO 1
320378901 TI 1
320379702 TO 1
320380151 TI 6
346123072 TO 1
320410901 TI 1
320411702 TO 1
320412151 TI 6
346155072 TO 1
320442901 TI 1
320443702 TO 1
320444151 TI 6
346187072 TO 1
320474901 TI 1
320475702 TO 1
320476151 TI 6
346219072 TO 1
320506901 TI 1
320507702 TO 1
320508151 TI 6
346251086 TO 1
320538901 TI 1
320539702 TO 1
320540151 TI 6
346283342 TO 5
320570901 TI 1
320571716 TO 1
320572165 TI 6
347225399 TO 3
320603091 TI 5
320603972 TO 5
320604213 TI 1
348273683 TO 3
320622329 TI 6
320623000 TO 6
320623241 TI 1
351077016 TO 2
320641116 TI 6
320650032 TO 6
320650273 TI 1
352396611 TO 3
320668149 TI 6
320682032 TO 6
320682273 TI 1
353529955 TO 5
320700149 TI 6
320714032 TO 6
320714273 TI 1
353578032 TO 6
320732149 TI 6
320746032 TO 6
320746273 TI 1
353610032 TO 6
320764149 TI 6
320778032 TO 6
320778273 TI 1
354280039 TO 2
320796149 TI 6
320810032 TO 6
320810273 TI 1
354299193 TO 1
320828149 TI 6
320842032 TO 6
320842273 TI 1
354318022 TO 1
320860149 TI 6
320874032 TO 6
320874273 TI 1
354346032 TO 6
320892163 TI 6
320906222 TO 6
320906463 TI 5
354378032 TO 6
320924211 TI 1
320925252 TO 1
320925701 TI 6
354410032 TO 6
320954901 TI 1
320955702 TO 1
320956151 TI 6
354442032 TO 6
320986901 TI 1
320987702 TO 1
320988151 TI 6
354474032 TO 6
321018901 TI 1
321019702 TO 1
321020151 TI 6
354506032 TO 6
321050901 TI 1
321051702 TO 1
321052151 TI 6
354538032 TO 6
321082901 TI 1
321083702 TO 1
321084151 TI 6
354570032 TO 6
321114901 TI 1
321115702 TO 1
321116151 TI 6
354602032 TO 6
321146901 TI 1
321147702 TO 1
321148151 TI 6
354634222 TO 6
321178901 TI 1
321179702 TO 1
321180151 TI 6
354653252 TO 1
321210901 TI 1
321211716 TO 1
321212165 TI 6
354672039 TO 1
321243091 TI 5
321243972 TO 5
321244213 TI 1
354699072 TO 1
321262329 TI 6
321263000 TO 6
321263241 TI 1
354731072 TO 1
321281116 TI 6
321290032 TO 6
321290273 TI 1
354763072 TO 1
321308149 TI 6
321322032 TO 6
321322273 TI 1
354795072 TO 1
321340149 TI 6
321354032 TO 6
321354273 TI 1
354827072 TO 1
321372149 TI 6
321386032 TO 6
321386273 TI 1
354859072 TO 1
321404149 TI 6
321418032 TO 6
321418273 TI 1
354891072 TO 1
321436149 TI 6
321450032 TO 6
321450273 TI 1
354923086 TO 1
321468149 TI 6
321482032 TO 6
321482273 TI 1
354955342 TO 5
321500149 TI 6
321514032 TO 6
321514273 TI 1
354986032 TO 6
321532163 TI 6
321546222 TO 6
321546463 TI 5
355018032 TO 6
321564211 TI 1
321565252 TO 1
321565701 TI 6
355050032 TO 6
321594901 TI 1
321595702 TO 1
321596151 TI 6
355082032 TO 6
321626901 TI 1
321628196 TO 1
321628437 TI 2
355114032 TO 6
322297716 TI 5
322299015 TO 5
322299256 TI 3
355146032 TO 6
323617518 TI 1
323618559 TO 1
323618806 TI 5
355178032 TO 6
323636776 TI 6
323637447 TO 6
323637688 TI 1
355210032 TO 6
323655563 TI 6
323658032 TO 6
323658273 TI 1
355242032 TO 6
323676149 TI 6
323690032 TO 6
323690273 TI 1
355274222 TO 6
323708149 TI 6
323722032 TO 6
323722273 TI 1
355293252 TO 1
323740149 TI 6
323754032 TO 6
323754273 TI 1
355312039 TO 1
323772149 TI 6
323786032 TO 6
323786273 TI 1
355339072 TO 1
323804149 TI 6
323818032 TO 6
323818273 TI 1
355371072 TO 1
323836149 TI 6
323850032 TO 6
323850273 TI 1
355403072 TO 1
323868149 TI 6
323882032 TO 6
323882273 TI 1
355435072 TO 1
323900163 TI 6
323914222 TO 6
323914463 TI 5
355467072 TO 1
323932211 TI 1
323933252 TO 1
323933701 TI 6
355499072 TO 1
323962901 TI 1
323963702 TO 1
323964151 TI 6
355531072 TO 1
323994901 TI 1
323995702 TO 1
323996151 TI 6
355563086 TO 1
324026901 TI 1
324027702 TO 1
324028151 TI 6
355595342 TO 5
324058901 TI 1
324059702 TO 1
324060151 TI 6
355626032 TO 6
324090901 TI 1
324091702 TO 1
324092151 TI 6
355658032 TO 6
324122901 TI 1
324123702 TO 1
324124151 TI 6
355690032 TO 6
324154901 TI 1
324155702 TO 1
324156151 TI 6
355722032 TO 6
324186901 TI 1
324187702 TO 1
324188151 TI 6
355754032 TO 6
324218901 TI 1
324219716 TO 1
324220165 TI 6
355786032 TO 6
324251091 TI 5
324251972 TO 5
324252213 TI 1
355818032 TO 6
324270329 TI 6
324271000 TO 6
324271241 TI 1
355850032 TO 6
324289116 TI 6
324298032 TO 6
324298273 TI 1
355882032 TO 6
324316149 TI 6
324330032 TO 6
324330273 TI 1
356825399 TO 3
324348149 TI 6
324362032 TO 6
324362273 TI 1
357871415 TO 3
324380149 TI 6
324394032 TO 6
324394273 TI 1
357891050 TO 1
324412149 TI 6
324426032 TO 6
324426273 TI 1
357909837 TO 1
324444149 TI 6
324458032 TO 6
324458273 TI 1
357931072 TO 1
324476149 TI 6
324490032 TO 6
324490273 TI 1
357963072 TO 1
324508149 TI 6
324522032 TO 6
324522273 TI 1
357995072 TO 1
324540163 TI 6
324554222 TO 6
324554463 TI 5
358027072 TO 1
324572211 TI 1
324573252 TO 1
324573701 TI 6
358059072 TO 1
324602901 TI 1
324603702 TO 1
324604151 TI 6
358091072 TO 1
324634901 TI 1
324635702 TO 1
324636151 TI 6
358123072 TO 1
324666901 TI 1
324667702 TO 1
324668151 TI 6
358155086 TO 1
324698901 TI 1
324699702 TO 1
324700151 TI 6
358187342 TO 5
324730901 TI 1
324731702 TO 1
324732151 TI 6
358218032 TO 6
324762901 TI 1
324763702 TO 1
324764151 TI 6
358250032 TO 6
324794901 TI 1
324795702 TO 1
324796151 TI 6
358282032 TO 6
324826901 TI 1
324828196 TO 1
324828437 TI 2
358314032 TO 6
325498294 TI 4
327091790 TO 4
327092031 TI 3
358346032 TO 6
328042268 TI 2
328693795 TO 2
328694244 TI 3
358378032 TO 6
329079636 TI 4
330735929 TO 4
330736578 TI 5
358410032 TO 6
330754326 TI 1
330755367 TO 1
330755816 TI 6
358442032 TO 6
330778901 TI 1
330779702 TO 1
330780151 TI 6
358474032 TO 6
330810901 TI 1
330811702 TO 1
330812151 TI 6
358506222 TO 6
330842901 TI 1
330843702 TO 1
330844151 TI 6
358525252 TO 1
330874901 TI 1
330875702 TO 1
330876151 TI 6
358544039 TO 1
330906901 TI 1
330907702 TO 1
330908151 TI 6
358571072 TO 1
330938901 TI 1
330939702 TO 1
330940151 TI 6
358603072 TO 1
330970901 TI 1
330971702 TO 1
330972151 TI 6
358635072 TO 1
331002901 TI 1
331003702 TO 1
331004151 TI 6
358667072 TO 1
331034901 TI 1
331035716 TO 1
331036165 TI 6
358699072 TO 1
331067091 TI 5
331067972 TO 5
331068213 TI 1
358731072 TO 1
331086329 TI 6
331087000 TO 6
331087241 TI 1
358763072 TO 1
331105116 TI 6
331114032 TO 6
331114273 TI 1
358795086 TO 1
331132149 TI 6
331146032 TO 6
331146273 TI 1
360025399 TO 4
331164149 TI 6
331178032 TO 6
331178273 TI 1
361995850 TO 3
331196149 TI 6
331210032 TO 6
331210273 TI 1
363877016 TO 2
331228149 TI 6
331229450 TO 6
331229691 TI 2
364733432 TO 5
331899191 TI 1
331900490 TO 1
331900731 TI 3
364778032 TO 6
333218983 TI 5
333220104 TO 5
333220351 TI 1
364810032 TO 6
333238224 TI 6
333238895 TO 6
333239136 TI 1
364842032 TO 6
333257011 TI 6
333258032 TO 6
333258273 TI 1
364874032 TO 6
333276149 TI 6
333290032 TO 6
333290273 TI 1
364906032 TO 6
333308149 TI 6
333322032 TO 6
333322273 TI 1
364938032 TO 6
333340149 TI 6
333354032 TO 6
333354273 TI 1
364970032 TO 6
333372149 TI 6
333386032 TO 6
333386273 TI 1
365002032 TO 6
333404149 TI 6
333418032 TO 6
333418273 TI 1
365034222 TO 6
333436149 TI 6
333450032 TO 6
333450273 TI 1
365053252 TO 1
333468149 TI 6
333482032 TO 6
333482273 TI 1
365072039 TO 1
333500163 TI 6
333514222 TO 6
333514463 TI 5
365099072 TO 1
333532211 TI 1
333533252 TO 1
333533701 TI 6
365131072 TO 1
333562901 TI 1
333563702 TO 1
333564151 TI 6
365163072 TO 1
333594901 TI 1
333595702 TO 1
333596151 TI 6
365195072 TO 1
333626901 TI 1
333627702 TO 1
333628151 TI 6
365227072 TO 1
333658901 TI 1
333659702 TO 1
333660151 TI 6
365259072 TO 1
333690901 TI 1
333691702 TO 1
333692151 TI 6
365291072 TO 1
333722901 TI 1
333723702 TO 1
333724151 TI 6
365323086 TO 1
333754901 TI 1
333755702 TO 1
333756151 TI 6
365355342 TO 5
333786901 TI 1
333787702 TO 1
333788151 TI 6
365386032 TO 6
333818901 TI 1
333819716 TO 1
333820165 TI 6
365418032 TO 6
333851091 TI 5
333851972 TO 5
333852213 TI 1
365450032 TO 6
333870329 TI 6
333871000 TO 6
333871241 TI 1
365482032 TO 6
333889116 TI 6
333898032 TO 6
333898273 TI 1
366425399 TO 3
333916149 TI 6
333930032 TO 6
333930273 TI 1
367471409 TO 3
333948149 TI 6
333962032 TO 6
333962273 TI 1
367491044 TO 1
333980149 TI 6
333994032 TO 6
333994273 TI 1
367509831 TO 1
334012149 TI 6
334026032 TO 6
334026273 TI 1
367531072 TO 1
334044149 TI 6
334058032 TO 6
334058273 TI 1
367563072 TO 1
334076149 TI 6
334090032 TO 6
334090273 TI 1
367595072 TO 1
334108149 TI 6
334122032 TO 6
334122273 TI 1
367627072 TO 1
334140163 TI 6
334154222 TO 6
334154463 TI 5
367659072 TO 1
334172211 TI 1
334173252 TO 1
334173701 TI 6
367691072 TO 1
334202901 TI 1
334203702 TO 1
334204151 TI 6
367723072 TO 1
334234901 TI 1
334235702 TO 1
334236151 TI 6
367755086 TO 1
334266901 TI 1
334267702 TO 1
334268151 TI 6
367787342 TO 5
334298901 TI 1
334299702 TO 1
334300151 TI 6
367818032 TO 6
334330901 TI 1
334331702 TO 1
334332151 TI 6
367850032 TO 6
334362901 TI 1
334363702 TO 1
334364151 TI 6
367882032 TO 6
334394901 TI 1
334395702 TO 1
334396151 TI 6
367914032 TO 6
334426901 TI 1
334428196 TO 1
334428437 TI 2
367946032 TO 6
335097721 TI 5
335098159 TO 5
335098400 TI 1
367978032 TO 6
335116073 TI 5
335116742 TO 5
335116989 TI 1
368010032 TO 6
335134896 TI 5
335136031 TO 5
335136480 TI 6
368042032 TO 6
335162901 TI 1
335163702 TO 1
335164151 TI 6
368074032 TO 6
335194901 TI 1
335195702 TO 1
335196151 TI 6
368106222 TO 6
335226901 TI 1
335227702 TO 1
335228151 TI 6
368138842 TO 1
368140057 TI 5
368142785 TO 5
335260151 TI 6
335274032 TO 6
368170274 TI 1
335291702 TO 1
335292151 TI 6
335306032 TO 6
368202274 TI 1
335323702 TO 1
335324151 TI 6
335338032 TO 6
368234274 TI 1
335355702 TO 1
335356151 TI 6
335370032 TO 6
368266274 TI 1
335387702 TO 1
335388151 TI 6
335402032 TO 6
368298274 TI 1
335419716 TO 1
335420165 TI 6
335434222 TO 6
368330274 TI 1
335451972 TO 5
335452213 TI 1
335453252 TO 1
368362274 TI 1
335471000 TO 6
335471241 TI 1
335472039 TO 1
368394274 TI 1
335498032 TO 6
335498273 TI 1
335499072 TO 1
368426274 TI 1
335530032 TO 6
335530273 TI 1
335531072 TO 1
368458464 TI 5
335562032 TO 6
335562273 TI 1
335563072 TO 1
368477703 TI 6
335594032 TO 6
335594273 TI 1
335595072 TO 1
368496491 TI 6
335626032 TO 6
335626273 TI 1
335627072 TO 1
368523522 TI 6
335658032 TO 6
335658273 TI 1
335659072 TO 1
368555522 TI 6
335690032 TO 6
335690273 TI 1
335691072 TO 1
368587522 TI 6
335722032 TO 6
335722273 TI 1
335723086 TO 1
368619522 TI 6
335754222 TO 6
335754463 TI 5
335755342 TO 5
368651522 TI 6
335773252 TO 1
335773701 TI 6
335786032 TO 6
368683522 TI 6
335803702 TO 1
335804151 TI 6
335818032 TO 6
368715522 TI 6
335835702 TO 1
335836151 TI 6
335850032 TO 6
368747536 TI 6
335867702 TO 1
335868151 TI 6
335882032 TO 6
368779584 TI 1
335899702 TO 1
335900151 TI 6
335914032 TO 6
368810274 TI 1
335931702 TO 1
335932151 TI 6
335946032 TO 6
368842274 TI 1
335963702 TO 1
335964151 TI 6
335978032 TO 6
368874274 TI 1
335995702 TO 1
335996151 TI 6
336010032 TO 6
368906274 TI 1
336027702 TO 1
336028151 TI 6
336042032 TO 6
368938274 TI 1
336059716 TO 1
336060165 TI 6
336074222 TO 6
368970274 TI 1
336091972 TO 5
336092213 TI 1
336093252 TO 1
369002274 TI 1
336111000 TO 6
336111241 TI 1
336112039 TO 1
369034274 TI 1
336138032 TO 6
336138273 TI 1
336139072 TO 1
369066274 TI 1
336170032 TO 6
336170273 TI 1
336171072 TO 1
369098464 TI 5
336202032 TO 6
336202273 TI 1
336203072 TO 1
369117703 TI 6
336234032 TO 6
336234273 TI 1
336235072 TO 1
369136491 TI 6
336266032 TO 6
336266273 TI 1
336267072 TO 1
369163522 TI 6
336298032 TO 6
336298273 TI 1
336299072 TO 1
369195522 TI 6
336330032 TO 6
336330273 TI 1
336331072 TO 1
369227522 TI 6
336362032 TO 6
336362273 TI 1
336363086 TO 1
369259522 TI 6
336394222 TO 6
336394463 TI 5
336395342 TO 5
369291522 TI 6
336413252 TO 1
336413701 TI 6
336424000 TO 6
369323522 TI 6
336691790 TO 4
336692031 TI 3
337625399 TO 3
369355522 TI 6
338293795 TO 2
338294244 TI 3
338662786 TO 3
369387536 TI 6
340825399 TO 4
340825640 TI 2
341477016 TO 2
369419584 TI 1
341495592 TO 4
341495833 TI 3
342796611 TO 3
369450274 TI 1
343668532 TO 4
343669175 TI 1
343669974 TO 1
369482274 TI 1
343687978 TO 5
343688427 TI 6
343690032 TO 6
369514274 TI 1
343707702 TO 1
343708151 TI 6
343722032 TO 6
369546274 TI 1
343739702 TO 1
343740151 TI 6
343754032 TO 6
369578274 TI 1
343771702 TO 1
343772151 TI 6
343786032 TO 6
369610274 TI 1
343803702 TO 1
343804151 TI 6
343818032 TO 6
370281663 TI 4
343835702 TO 1
343836151 TI 6
343850032 TO 6
371601049 TI 4
343867702 TO 1
343868151 TI 6
343882032 TO 6
373477666 TI 4
343899702 TO 1
343900151 TI 6
343914032 TO 6
376025641 TI 2
343931702 TO 1
343932151 TI 6
343946032 TO 6
377063011 TI 4
343963716 TO 1
343964165 TI 6
343978222 TO 6
377527262 TI 1
343995972 TO 5
343996213 TI 1
343997252 TO 1
377546290 TI 1
344015000 TO 6
344015241 TI 1
344016039 TO 1
377578274 TI 1
344034411 TO 6
344034652 TI 2
344686679 TO 2
377610274 TI 1
344705391 TO 1
344705632 TI 5
344706525 TO 5
377642274 TI 1
344724273 TO 6
344724514 TI 1
344725312 TO 1
377674274 TI 1
344746032 TO 6
344746273 TI 1
344747072 TO 1
377706274 TI 1
344778032 TO 6
344778273 TI 1
344779072 TO 1
377738274 TI 1
344810032 TO 6
344810273 TI 1
344811072 TO 1
377770274 TI 1
344842032 TO 6
344842273 TI 1
344843072 TO 1
377802274 TI 1
344874032 TO 6
344874273 TI 1
344875072 TO 1
377834464 TI 5
344906032 TO 6
344906273 TI 1
344907072 TO 1
377853703 TI 6
344938032 TO 6
344938273 TI 1
344939072 TO 1
377872491 TI 6
344970032 TO 6
344970273 TI 1
344971086 TO 1
377899522 TI 6
345002222 TO 6
345002463 TI 5
345003342 TO 5
377931522 TI 6
345021252 TO 1
345021701 TI 6
345034032 TO 6
377963522 TI 6
345051702 TO 1
345052151 TI 6
345066032 TO 6
377995522 TI 6
345083702 TO 1
345084151 TI 6
345098032 TO 6
378027522 TI 6
345115702 TO 1
345116151 TI 6
345130032 TO 6
378059522 TI 6
345147702 TO 1
345148151 TI 6
345162032 TO 6
378091522 TI 6
345179702 TO 1
345180151 TI 6
345194032 TO 6
378123536 TI 6
345211702 TO 1
345212151 TI 6
345226032 TO 6
378155584 TI 1
345243702 TO 1
345244151 TI 6
345258032 TO 6
378186274 TI 1
345275702 TO 1
345276151 TI 6
345290032 TO 6
378218274 TI 1
345307716 TO 1
345308165 TI 6
345322222 TO 6
378250274 TI 1
345339972 TO 5
345340213 TI 1
345341252 TO 1
378282274 TI 1
345359000 TO 6
345359241 TI 1
345360039 TO 1
378314274 TI 1
345386032 TO 6
345386273 TI 1
345387072 TO 1
378346274 TI 1
345418032 TO 6
345418273 TI 1
345419072 TO 1
378378274 TI 1
345450032 TO 6
345450273 TI 1
345451072 TO 1
378410274 TI 1
345482032 TO 6
345482273 TI 1
345483072 TO 1
378442274 TI 1
345514032 TO 6
345514273 TI 1
345515072 TO 1
378474464 TI 5
345546032 TO 6
345546273 TI 1
345547072 TO 1
378493703 TI 6
345578032 TO 6
345578273 TI 1
345579072 TO 1
378512491 TI 6
345610032 TO 6
345610273 TI 1
345611086 TO 1
378539522 TI 6
345642222 TO 6
345642463 TI 5
345643342 TO 5
378571522 TI 6
345661252 TO 1
345661701 TI 6
345674032 TO 6
378603522 TI 6
345691702 TO 1
345692151 TI 6
345706032 TO 6
378635522 TI 6
345723702 TO 1
345724151 TI 6
345738032 TO 6
378667522 TI 6
345755702 TO 1
345756151 TI 6
345770032 TO 6
378699522 TI 6
345787702 TO 1
345788151 TI 6
345802032 TO 6
378731522 TI 6
345819702 TO 1
345820151 TI 6
345834032 TO 6
378763536 TI 6
345851702 TO 1
345852151 TI 6
345866032 TO 6
378795584 TI 1
345883702 TO 1
345884151 TI 6
345898032 TO 6
378826274 TI 1
345915702 TO 1
345916151 TI 6
345930032 TO 6
378858274 TI 1
345947716 TO 1
345948165 TI 6
345962222 TO 6
378890274 TI 1
345979972 TO 5
345980213 TI 1
345981252 TO 1
378922274 TI 1
345999000 TO 6
345999241 TI 1
346000039 TO 1
378954274 TI 1
346026032 TO 6
346026273 TI 1
346027072 TO 1
378986274 TI 1
346058032 TO 6
346058273 TI 1
346059072 TO 1
379018274 TI 1
346090032 TO 6
346090273 TI 1
346091072 TO 1
379050274 TI 1
346122032 TO 6
346122273 TI 1
346123072 TO 1
379082274 TI 1
346154032 TO 6
346154273 TI 1
346155072 TO 1
379114464 TI 5
346186032 TO 6
346186273 TI 1
346187072 TO 1
379133703 TI 6
346218032 TO 6
346218273 TI 1
346219072 TO 1
379152491 TI 6
346250032 TO 6
346250273 TI 1
346251086 TO 1
379179522 TI 6
346282222 TO 6
346282463 TI 5
346283342 TO 5
379211522 TI 6
346301510 TO 1
346301751 TI 3
347225399 TO 3
379882558 TI 1
347894786 TO 2
347895235 TI 3
348273683 TO 3
381202352 TI 5
350425399 TO 4
350425640 TI 2
351077016 TO 2
381221594 TI 6
351095592 TO 4
351095833 TI 3
352396611 TO 3
382425647 TI 2
353528427 TO 4
353529076 TI 5
353529955 TO 5
384692032 TI 3
353548055 TO 1
353548504 TI 6
353578032 TO 6
386277456 TI 3
353595702 TO 1
353596151 TI 6
353610032 TO 6
387148874 TI 1
353628196 TO 1
353628437 TI 2
354280039 TO 2
387168127 TI 6
354298154 TO 5
354298395 TI 1
354299193 TO 1
387186915 TI 6
354316737 TO 5
354316984 TI 1
354318022 TO 1
387211522 TI 6
354336026 TO 5
354336475 TI 6
354346032 TO 6
387243522 TI 6
354363702 TO 1
354364151 TI 6
354378032 TO 6
387275522 TI 6
354395702 TO 1
354396151 TI 6
354410032 TO 6
387307522 TI 6
354427702 TO 1
354428151 TI 6
354442032 TO 6
387339522 TI 6
354459702 TO 1
354460151 TI 6
354474032 TO 6
387371522 TI 6
354491702 TO 1
354492151 TI 6
354506032 TO 6
387403522 TI 6
354523702 TO 1
354524151 TI 6
354538032 TO 6
387435536 TI 6
354555702 TO 1
354556151 TI 6
354570032 TO 6
387467584 TI 1
354587702 TO 1
354588151 TI 6
354602032 TO 6
387498274 TI 1
354619716 TO 1
354620165 TI 6
354634222 TO 6
387530274 TI 1
354651972 TO 5
354652213 TI 1
354653252 TO 1
387562274 TI 1
354671000 TO 6
354671241 TI 1
354672039 TO 1
387594274 TI 1
354698032 TO 6
354698273 TI 1
354699072 TO 1
387626274 TI 1
354730032 TO 6
354730273 TI 1
354731072 TO 1
387658274 TI 1
354762032 TO 6
354762273 TI 1
354763072 TO 1
387690274 TI 1
354794032 TO 6
354794273 TI 1
354795072 TO 1
387722274 TI 1
354826032 TO 6
354826273 TI 1
354827072 TO 1
387754274 TI 1
354858032 TO 6
354858273 TI 1
354859072 TO 1
387786464 TI 5
354890032 TO 6
354890273 TI 1
354891072 TO 1
387805703 TI 6
354922032 TO 6
354922273 TI 1
354923086 TO 1
387824491 TI 6
354954222 TO 6
354954463 TI 5
354955342 TO 5
387851522 TI 6
354973252 TO 1
354973701 TI 6
354986032 TO 6
387883522 TI 6
355003702 TO 1
355004151 TI 6
355018032 TO 6
387915522 TI 6
355035702 TO 1
355036151 TI 6
355050032 TO 6
387947522 TI 6
355067702 TO 1
355068151 TI 6
355082032 TO 6
387979522 TI 6
355099702 TO 1
355100151 TI 6
355114032 TO 6
388011522 TI 6
355131702 TO 1
355132151 TI 6
355146032 TO 6
388043522 TI 6
355163702 TO 1
355164151 TI 6
355178032 TO 6
388075536 TI 6
355195702 TO 1
355196151 TI 6
355210032 TO 6
388107584 TI 1
355227702 TO 1
355228151 TI 6
355242032 TO 6
388138274 TI 1
355259716 TO 1
355260165 TI 6
355274222 TO 6
388170274 TI 1
355291972 TO 5
355292213 TI 1
355293252 TO 1
388202274 TI 1
355311000 TO 6
355311241 TI 1
355312039 TO 1
388234274 TI 1
355338032 TO 6
355338273 TI 1
355339072 TO 1
388266274 TI 1
355370032 TO 6
355370273 TI 1
355371072 TO 1
388298274 TI 1
355402032 TO 6
355402273 TI 1
355403072 TO 1
388330274 TI 1
355434032 TO 6
355434273 TI 1
355435072 TO 1
388362274 TI 1
355466032 TO 6
355466273 TI 1
355467072 TO 1
388394274 TI 1
355498032 TO 6
355498273 TI 1
355499072 TO 1
388426464 TI 5
355530032 TO 6
355530273 TI 1
355531072 TO 1
388445703 TI 6
355562032 TO 6
355562273 TI 1
355563086 TO 1
388464491 TI 6
355594222 TO 6
355594463 TI 5
355595342 TO 5
388491522 TI 6
355613252 TO 1
355613701 TI 6
355626032 TO 6
388523522 TI 6
355643702 TO 1
355644151 TI 6
355658032 TO 6
388555522 TI 6
355675702 TO 1
355676151 TI 6
355690032 TO 6
388587522 TI 6
355707702 TO 1
355708151 TI 6
355722032 TO 6
388619522 TI 6
355739702 TO 1
355740151 TI 6
355754032 TO 6
388651522 TI 6
355771702 TO 1
355772151 TI 6
355786032 TO 6
388683522 TI 6
355803702 TO 1
355804151 TI 6
355818032 TO 6
388715536 TI 6
355835702 TO 1
355836151 TI 6
355850032 TO 6
388747584 TI 1
355867702 TO 1
355868151 TI 6
355882032 TO 6
388778274 TI 1
355900206 TO 1
355900447 TI 3
356825399 TO 3
388810274 TI 1
357493809 TO 2
357494258 TI 3
357871415 TO 3
389481089 TI 5
357890013 TO 5
357890254 TI 1
357891050 TO 1
390800893 TI 1
357908798 TO 6
357909039 TI 1
357909837 TO 1
390820152 TI 6
357930032 TO 6
357930273 TI 1
357931072 TO 1
390838940 TI 6
357962032 TO 6
357962273 TI 1
357963072 TO 1
390859522 TI 6
357994032 TO 6
357994273 TI 1
357995072 TO 1
390891522 TI 6
358026032 TO 6
358026273 TI 1
358027072 TO 1
390923522 TI 6
358058032 TO 6
358058273 TI 1
358059072 TO 1
390955522 TI 6
358090032 TO 6
358090273 TI 1
358091072 TO 1
390987522 TI 6
358122032 TO 6
358122273 TI 1
358123072 TO 1
391019522 TI 6
358154032 TO 6
358154273 TI 1
358155086 TO 1
391051522 TI 6
358186222 TO 6
358186463 TI 5
358187342 TO 5
391083536 TI 6
358205252 TO 1
358205701 TI 6
358218032 TO 6
391115584 TI 1
358235702 TO 1
358236151 TI 6
358250032 TO 6
391146274 TI 1
358267702 TO 1
358268151 TI 6
358282032 TO 6
391178274 TI 1
358299702 TO 1
358300151 TI 6
358314032 TO 6
391210274 TI 1
358331702 TO 1
358332151 TI 6
358346032 TO 6
391242274 TI 1
358363702 TO 1
358364151 TI 6
358378032 TO 6
391274274 TI 1
358395702 TO 1
358396151 TI 6
358410032 TO 6
391306274 TI 1
358427702 TO 1
358428151 TI 6
358442032 TO 6
391338274 TI 1
358459702 TO 1
358460151 TI 6
358474032 TO 6
391370274 TI 1
358491716 TO 1
358492165 TI 6
358506222 TO 6
391402274 TI 1
358523972 TO 5
358524213 TI 1
358525252 TO 1
391434464 TI 5
358543000 TO 6
358543241 TI 1
358544039 TO 1
391453703 TI 6
358570032 TO 6
358570273 TI 1
358571072 TO 1
391472491 TI 6
358602032 TO 6
358602273 TI 1
358603072 TO 1
391499522 TI 6
358634032 TO 6
358634273 TI 1
358635072 TO 1
391531522 TI 6
358666032 TO 6
358666273 TI 1
358667072 TO 1
391563522 TI 6
358698032 TO 6
358698273 TI 1
358699072 TO 1
391595522 TI 6
358730032 TO 6
358730273 TI 1
358731072 TO 1
391627522 TI 6
358762032 TO 6
358762273 TI 1
358763072 TO 1
391659522 TI 6
358794032 TO 6
358794273 TI 1
358795086 TO 1
391691522 TI 6
358823973 TO 6
358824214 TI 4
360025399 TO 4
391723536 TI 6
360694812 TO 2
360695255 TI 3
361995850 TO 3
391755584 TI 1
363225399 TO 4
363225640 TI 2
363877016 TO 2
391786274 TI 1
364731670 TO 4
364732313 TI 5
364733432 TO 5
391818274 TI 1
364751292 TO 1
364751741 TI 6
364778032 TO 6
391850274 TI 1
364795702 TO 1
364796151 TI 6
364810032 TO 6
391882274 TI 1
364827702 TO 1
364828151 TI 6
364842032 TO 6
391914274 TI 1
364859702 TO 1
364860151 TI 6
364874032 TO 6
391946274 TI 1
364891702 TO 1
364892151 TI 6
364906032 TO 6
391978274 TI 1
364923702 TO 1
364924151 TI 6
364938032 TO 6
392010274 TI 1
364955702 TO 1
364956151 TI 6
364970032 TO 6
392681663 TI 4
364987702 TO 1
364988151 TI 6
365002032 TO 6
395225641 TI 2
365019716 TO 1
365020165 TI 6
365034222 TO 6
396263011 TI 4
365051972 TO 5
365052213 TI 1
365053252 TO 1
397937699 TI 1
365071000 TO 6
365071241 TI 1
365072039 TO 1
397962274 TI 1
365098032 TO 6
365098273 TI 1
365099072 TO 1
397994274 TI 1
365130032 TO 6
365130273 TI 1
365131072 TO 1
398026274 TI 1
365162032 TO 6
365162273 TI 1
365163072 TO 1
398058274 TI 1
365194032 TO 6
365194273 TI 1
365195072 TO 1
398090274 TI 1
365226032 TO 6
365226273 TI 1
365227072 TO 1
398122274 TI 1
365258032 TO 6
365258273 TI 1
365259072 TO 1
398154274 TI 1
365290032 TO 6
365290273 TI 1
365291072 TO 1
398186274 TI 1
365322032 TO 6
365322273 TI 1
365323086 TO 1
398218274 TI 1
365354222 TO 6
365354463 TI 5
365355342 TO 5
398250464 TI 5
365373252 TO 1
365373701 TI 6
365386032 TO 6
398269703 TI 6
365403702 TO 1
365404151 TI 6
365418032 TO 6
398288491 TI 6
365435702 TO 1
365436151 TI 6
365450032 TO 6
398315522 TI 6
365467702 TO 1
365468151 TI 6
365482032 TO 6
398347522 TI 6
365500200 TO 1
365500441 TI 3
366425399 TO 3
398379522 TI 6
367093809 TO 2
367094258 TI 3
367471409 TO 3
398411522 TI 6
367490007 TO 5
367490248 TI 1
367491044 TO 1
399082558 TI 1
367508792 TO 6
367509033 TI 1
367509831 TO 1
400402352 TI 5
367530032 TO 6
367530273 TI 1
367531072 TO 1
400421594 TI 6
367562032 TO 6
367562273 TI 1
367563072 TO 1
400440382 TI 6
367594032 TO 6
367594273 TI 1
367595072 TO 1
400459522 TI 6
367626032 TO 6
367626273 TI 1
367627072 TO 1
400491522 TI 6
367658032 TO 6
367658273 TI 1
367659072 TO 1
400523522 TI 6
367690032 TO 6
367690273 TI 1
367691072 TO 1
400555522 TI 6
367722032 TO 6
367722273 TI 1
367723072 TO 1
400587522 TI 6
367754032 TO 6
367754273 TI 1
367755086 TO 1
400619522 TI 6
367786222 TO 6
367786463 TI 5
367787342 TO 5
400651522 TI 6
367805252 TO 1
367805701 TI 6
367818032 TO 6
400683536 TI 6
367835702 TO 1
367836151 TI 6
367850032 TO 6
400715584 TI 1
367867702 TO 1
367868151 TI 6
367882032 TO 6
400746274 TI 1
367899702 TO 1
367900151 TI 6
367914032 TO 6
400778274 TI 1
367931702 TO 1
367932151 TI 6
367946032 TO 6
400810274 TI 1
367963702 TO 1
367964151 TI 6
367978032 TO 6
400842274 TI 1
367995702 TO 1
367996151 TI 6
368010032 TO 6
400874274 TI 1
368027702 TO 1
368028151 TI 6
368042032 TO 6
400906274 TI 1
368059702 TO 1
368060151 TI 6
368074032 TO 6
400938274 TI 1
368091716 TO 1
368092165 TI 6
368106222 TO 6
400970274 TI 1
368137802 TO 5
368138043 TI 1
368138842 TO 1
401002274 TI 1
368142785 TO 5
368163105 TI 6
368170032 TO 6
401034464 TI 5
368187703 TO 1
368188152 TI 6
368202032 TO 6
401053703 TI 6
368219703 TO 1
368220152 TI 6
368234032 TO 6
401072491 TI 6
368251703 TO 1
368252152 TI 6
368266032 TO 6
401099522 TI 6
368283703 TO 1
368284152 TI 6
368298032 TO 6
401131522 TI 6
368315703 TO 1
368316152 TI 6
368330032 TO 6
401163522 TI 6
368347703 TO 1
368348152 TI 6
368362032 TO 6
401195522 TI 6
368379703 TO 1
368380152 TI 6
368394032 TO 6
401227522 TI 6
368411703 TO 1
368412152 TI 6
368426032 TO 6
401259522 TI 6
368443717 TO 1
368444166 TI 6
368458222 TO 6
401291522 TI 6
368475973 TO 5
368476214 TI 1
368477253 TO 1
401323536 TI 6
368495002 TO 6
368495243 TI 1
368496041 TO 1
401355584 TI 1
368522032 TO 6
368522273 TI 1
368523072 TO 1
401386274 TI 1
368554032 TO 6
368554273 TI 1
368555072 TO 1
401418274 TI 1
368586032 TO 6
368586273 TI 1
368587072 TO 1
401450274 TI 1
368618032 TO 6
368618273 TI 1
368619072 TO 1
401482274 TI 1
368650032 TO 6
368650273 TI 1
368651072 TO 1
401514274 TI 1
368682032 TO 6
368682273 TI 1
368683072 TO 1
401546274 TI 1
368714032 TO 6
368714273 TI 1
368715072 TO 1
401578274 TI 1
368746032 TO 6
368746273 TI 1
368747086 TO 1
401610274 TI 1
368778222 TO 6
368778463 TI 5
368779342 TO 5
402281091 TI 5
368797253 TO 1
368797702 TI 6
368810032 TO 6
402299446 TI 5
368827703 TO 1
368828152 TI 6
368842032 TO 6
402318270 TI 5
368859703 TO 1
368860152 TI 6
368874032 TO 6
402346274 TI 1
368891703 TO 1
368892152 TI 6
368906032 TO 6
402378274 TI 1
368923703 TO 1
368924152 TI 6
368938032 TO 6
402410274 TI 1
368955703 TO 1
368956152 TI 6
368970032 TO 6
402442274 TI 1
368987703 TO 1
368988152 TI 6
369002032 TO 6
402474274 TI 1
369019703 TO 1
369020152 TI 6
369034032 TO 6
402506274 TI 1
369051703 TO 1
369052152 TI 6
369066032 TO 6
402538274 TI 1
369083717 TO 1
369084166 TI 6
369098222 TO 6
402570274 TI 1
369115973 TO 5
369116214 TI 1
369117253 TO 1
402602274 TI 1
369135002 TO 6
369135243 TI 1
369136041 TO 1
402634464 TI 5
369162032 TO 6
369162273 TI 1
369163072 TO 1
402653703 TI 6
369194032 TO 6
369194273 TI 1
369195072 TO 1
402672491 TI 6
369226032 TO 6
369226273 TI 1
369227072 TO 1
402699522 TI 6
369258032 TO 6
369258273 TI 1
369259072 TO 1
402731522 TI 6
369290032 TO 6
369290273 TI 1
369291072 TO 1
402763522 TI 6
369322032 TO 6
369322273 TI 1
369323072 TO 1
402795522 TI 6
369354032 TO 6
369354273 TI 1
369355072 TO 1
402827522 TI 6
369386032 TO 6
369386273 TI 1
369387086 TO 1
402859522 TI 6
369418222 TO 6
369418463 TI 5
369419342 TO 5
402891522 TI 6
369437253 TO 1
369437702 TI 6
369450032 TO 6
402923536 TI 6
369467703 TO 1
369468152 TI 6
369482032 TO 6
402955584 TI 1
369499703 TO 1
369500152 TI 6
369514032 TO 6
402986274 TI 1
369531703 TO 1
369532152 TI 6
369546032 TO 6
403018274 TI 1
369563703 TO 1
369564152 TI 6
369578032 TO 6
403050274 TI 1
369595703 TO 1
369596152 TI 6
369610032 TO 6
403082274 TI 1
369628197 TO 1
369628438 TI 2
370281019 TO 2
403114274 TI 1
370299590 TO 4
370299831 TI 3
371600599 TO 3
403146274 TI 1
372825399 TO 4
372825640 TI 2
373477016 TO 2
403178274 TI 1
375091790 TO 4
375092031 TI 3
376025399 TO 3
403210274 TI 1
376693797 TO 2
376694246 TI 3
377062561 TO 3
403242274 TI 1
377525492 TO 4
377526141 TI 5
377527020 TO 5
403274464 TI 5
377544931 TO 1
377545380 TI 6
377546048 TO 6
403293703 TI 6
377563719 TO 1
377564168 TI 6
377578032 TO 6
403312491 TI 6
377595703 TO 1
377596152 TI 6
377610032 TO 6
403339522 TI 6
377627703 TO 1
377628152 TI 6
377642032 TO 6
403371522 TI 6
377659703 TO 1
377660152 TI 6
377674032 TO 6
403403522 TI 6
377691703 TO 1
377692152 TI 6
377706032 TO 6
403435522 TI 6
377723703 TO 1
377724152 TI 6
377738032 TO 6
403467522 TI 6
377755703 TO 1
377756152 TI 6
377770032 TO 6
403499522 TI 6
377787703 TO 1
377788152 TI 6
377802032 TO 6
403531522 TI 6
377819717 TO 1
377820166 TI 6
377834222 TO 6
403563536 TI 6
377851973 TO 5
377852214 TI 1
377853253 TO 1
403595584 TI 1
377871002 TO 6
377871243 TI 1
377872041 TO 1
403624242 TI 4
377898032 TO 6
377898273 TI 1
377899072 TO 1
404825641 TI 2
377930032 TO 6
377930273 TI 1
377931072 TO 1
405863238 TI 4
377962032 TO 6
377962273 TI 1
377963072 TO 1
408677666 TI 4
377994032 TO 6
377994273 TI 1
377995072 TO 1
409997062 TI 4
378026032 TO 6
378026273 TI 1
378027072 TO 1
410870210 TI 5
378058032 TO 6
378058273 TI 1
378059072 TO 1
410890274 TI 1
378090032 TO 6
378090273 TI 1
378091072 TO 1
410922274 TI 1
378122032 TO 6
378122273 TI 1
378123086 TO 1
410954274 TI 1
378154222 TO 6
378154463 TI 5
378155342 TO 5
410986274 TI 1
378173253 TO 1
378173702 TI 6
378186032 TO 6
411018274 TI 1
378203703 TO 1
378204152 TI 6
378218032 TO 6
411050274 TI 1
378235703 TO 1
378236152 TI 6
378250032 TO 6
411082274 TI 1
378267703 TO 1
378268152 TI 6
378282032 TO 6
411114274 TI 1
378299703 TO 1
378300152 TI 6
378314032 TO 6
411146274 TI 1
378331703 TO 1
378332152 TI 6
378346032 TO 6
411178464 TI 5
378363703 TO 1
378364152 TI 6
378378032 TO 6
411197703 TI 6
378395703 TO 1
378396152 TI 6
378410032 TO 6
411216491 TI 6
378427703 TO 1
378428152 TI 6
378442032 TO 6
411887726 TI 1
378459717 TO 1
378460166 TI 6
378474222 TO 6
411906979 TI 6
378491973 TO 5
378492214 TI 1
378493253 TO 1
411925767 TI 6
378511002 TO 6
378511243 TI 1
378512041 TO 1
411947522 TI 6
378538032 TO 6
378538273 TI 1
378539072 TO 1
411979522 TI 6
378570032 TO 6
378570273 TI 1
378571072 TO 1
412011522 TI 6
378602032 TO 6
378602273 TI 1
378603072 TO 1
412043522 TI 6
378634032 TO 6
378634273 TI 1
378635072 TO 1
412075522 TI 6
378666032 TO 6
378666273 TI 1
378667072 TO 1
412107522 TI 6
378698032 TO 6
378698273 TI 1
378699072 TO 1
412139522 TI 6
378730032 TO 6
378730273 TI 1
378731072 TO 1
412171536 TI 6
378762032 TO 6
378762273 TI 1
378763086 TO 1
412203584 TI 1
378794222 TO 6
378794463 TI 5
378795342 TO 5
412234274 TI 1
378813253 TO 1
378813702 TI 6
378826032 TO 6
412266274 TI 1
378843703 TO 1
378844152 TI 6
378858032 TO 6
412298274 TI 1
378875703 TO 1
378876152 TI 6
378890032 TO 6
412330274 TI 1
378907703 TO 1
378908152 TI 6
378922032 TO 6
412362274 TI 1
378939703 TO 1
378940152 TI 6
378954032 TO 6
412394274 TI 1
378971703 TO 1
378972152 TI 6
378986032 TO 6
412426274 TI 1
379003703 TO 1
379004152 TI 6
379018032 TO 6
412458274 TI 1
379035703 TO 1
379036152 TI 6
379050032 TO 6
412490274 TI 1
379067703 TO 1
379068152 TI 6
379082032 TO 6
412522464 TI 5
379099717 TO 1
379100166 TI 6
379114222 TO 6
412541703 TI 6
379131973 TO 5
379132214 TI 1
379133253 TO 1
412560491 TI 6
379151002 TO 6
379151243 TI 1
379152041 TO 1
412587522 TI 6
379178032 TO 6
379178273 TI 1
379179072 TO 1
412619522 TI 6
379210032 TO 6
379210273 TI 1
379211072 TO 1
412651522 TI 6
379229445 TO 6
379229686 TI 2
379881514 TO 2
412683522 TI 6
379900485 TO 1
379900726 TI 3
381201508 TO 3
412715522 TI 6
381220101 TO 5
381220348 TI 1
381221144 TO 1
412747522 TI 6
381239519 TO 6
381239760 TI 4
382425405 TO 4
412779522 TI 6
383093817 TO 2
383094466 TI 4
384691790 TO 4
412811536 TI 6
385625399 TO 3
385625640 TI 2
386277006 TO 2
412843584 TI 1
386679409 TO 3
386679858 TI 4
387148230 TO 4
412874274 TI 1
387166543 TO 1
387166784 TI 5
387167677 TO 5
412906274 TI 1
387185426 TO 6
387185667 TI 1
387186465 TO 1
412938274 TI 1
387210032 TO 6
387210273 TI 1
387211072 TO 1
412970274 TI 1
387242032 TO 6
387242273 TI 1
387243072 TO 1
413002274 TI 1
387274032 TO 6
387274273 TI 1
387275072 TO 1
413034274 TI 1
387306032 TO 6
387306273 TI 1
387307072 TO 1
413066274 TI 1
387338032 TO 6
387338273 TI 1
387339072 TO 1
413098274 TI 1
387370032 TO 6
387370273 TI 1
387371072 TO 1
413130274 TI 1
387402032 TO 6
387402273 TI 1
387403072 TO 1
413162464 TI 5
387434032 TO 6
387434273 TI 1
387435086 TO 1
413181703 TI 6
387466222 TO 6
387466463 TI 5
387467342 TO 5
413200491 TI 6
387485253 TO 1
387485702 TI 6
387498032 TO 6
413227522 TI 6
387515703 TO 1
387516152 TI 6
387530032 TO 6
413259522 TI 6
387547703 TO 1
387548152 TI 6
387562032 TO 6
413291522 TI 6
387579703 TO 1
387580152 TI 6
387594032 TO 6
413323522 TI 6
387611703 TO 1
387612152 TI 6
387626032 TO 6
413355522 TI 6
387643703 TO 1
387644152 TI 6
387658032 TO 6
413387522 TI 6
387675703 TO 1
387676152 TI 6
387690032 TO 6
413419522 TI 6
387707703 TO 1
387708152 TI 6
387722032 TO 6
413451536 TI 6
387739703 TO 1
387740152 TI 6
387754032 TO 6
413483584 TI 1
387771717 TO 1
387772166 TI 6
387786222 TO 6
414425641 TI 2
387803973 TO 5
387804214 TI 1
387805253 TO 1
415474130 TI 4
387823002 TO 6
387823243 TI 1
387824041 TO 1
418277666 TI 4
387850032 TO 6
387850273 TI 1
387851072 TO 1
419597062 TI 4
387882032 TO 6
387882273 TI 1
387883072 TO 1
420730197 TI 1
387914032 TO 6
387914273 TI 1
387915072 TO 1
420778274 TI 1
387946032 TO 6
387946273 TI 1
387947072 TO 1
420810274 TI 1
387978032 TO 6
387978273 TI 1
387979072 TO 1
421481089 TI 5
388010032 TO 6
388010273 TI 1
388011072 TO 1
421499444 TI 5
388042032 TO 6
388042273 TI 1
388043072 TO 1
421518268 TI 5
388074032 TO 6
388074273 TI 1
388075086 TO 1
421546274 TI 1
388106222 TO 6
388106463 TI 5
388107342 TO 5
421578274 TI 1
388125253 TO 1
388125702 TI 6
388138032 TO 6
421610274 TI 1
388155703 TO 1
388156152 TI 6
388170032 TO 6
421642274 TI 1
388187703 TO 1
388188152 TI 6
388202032 TO 6
421674274 TI 1
388219703 TO 1
388220152 TI 6
388234032 TO 6
421706274 TI 1
388251703 TO 1
388252152 TI 6
388266032 TO 6
421738274 TI 1
388283703 TO 1
388284152 TI 6
388298032 TO 6
421770274 TI 1
388315703 TO 1
388316152 TI 6
388330032 TO 6
421802274 TI 1
388347703 TO 1
388348152 TI 6
388362032 TO 6
421834464 TI 5
388379703 TO 1
388380152 TI 6
388394032 TO 6
421853703 TI 6
388411717 TO 1
388412166 TI 6
388426222 TO 6
421872491 TI 6
388443973 TO 5
388444214 TI 1
388445253 TO 1
421899522 TI 6
388463002 TO 6
388463243 TI 1
388464041 TO 1
421931522 TI 6
388490032 TO 6
388490273 TI 1
388491072 TO 1
421963522 TI 6
388522032 TO 6
388522273 TI 1
388523072 TO 1
421995522 TI 6
388554032 TO 6
388554273 TI 1
388555072 TO 1
422027522 TI 6
388586032 TO 6
388586273 TI 1
388587072 TO 1
422059522 TI 6
388618032 TO 6
388618273 TI 1
388619072 TO 1
422091522 TI 6
388650032 TO 6
388650273 TI 1
388651072 TO 1
422123536 TI 6
388682032 TO 6
388682273 TI 1
388683072 TO 1
422155584 TI 1
388714032 TO 6
388714273 TI 1
388715086 TO 1
422186274 TI 1
388746222 TO 6
388746463 TI 5
388747342 TO 5
422218274 TI 1
388765253 TO 1
388765702 TI 6
388778032 TO 6
422250274 TI 1
388795703 TO 1
388796152 TI 6
388810032 TO 6
422282274 TI 1
388828197 TO 1
388828438 TI 2
389480039 TO 2
422314274 TI 1
389499016 TO 5
389499257 TI 3
390800049 TO 3
422346274 TI 1
390818562 TO 1
390818809 TI 5
390819702 TO 5
422378274 TI 1
390837451 TO 6
390837692 TI 1
390838490 TO 1
422410274 TI 1
390858032 TO 6
390858273 TI 1
390859072 TO 1
422442274 TI 1
390890032 TO 6
390890273 TI 1
390891072 TO 1
422474464 TI 5
390922032 TO 6
390922273 TI 1
390923072 TO 1
422493703 TI 6
390954032 TO 6
390954273 TI 1
390955072 TO 1
422512491 TI 6
390986032 TO 6
390986273 TI 1
390987072 TO 1
422539522 TI 6
391018032 TO 6
391018273 TI 1
391019072 TO 1
422571522 TI 6
391050032 TO 6
391050273 TI 1
391051072 TO 1
422603522 TI 6
391082032 TO 6
391082273 TI 1
391083086 TO 1
422635522 TI 6
391114222 TO 6
391114463 TI 5
391115342 TO 5
422667522 TI 6
391133253 TO 1
391133702 TI 6
391146032 TO 6
422699522 TI 6
391163703 TO 1
391164152 TI 6
391178032 TO 6
422731522 TI 6
391195703 TO 1
391196152 TI 6
391210032 TO 6
422763536 TI 6
391227703 TO 1
391228152 TI 6
391242032 TO 6
422795584 TI 1
391259703 TO 1
391260152 TI 6
391274032 TO 6
422826274 TI 1
391291703 TO 1
391292152 TI 6
391306032 TO 6
422858274 TI 1
391323703 TO 1
391324152 TI 6
391338032 TO 6
422890274 TI 1
391355703 TO 1
391356152 TI 6
391370032 TO 6
422922274 TI 1
391387703 TO 1
391388152 TI 6
391402032 TO 6
422954274 TI 1
391419717 TO 1
391420166 TI 6
391434222 TO 6
422986274 TI 1
391451973 TO 5
391452214 TI 1
391453253 TO 1
423018274 TI 1
391471002 TO 6
391471243 TI 1
391472041 TO 1
423050274 TI 1
391498032 TO 6
391498273 TI 1
391499072 TO 1
423082274 TI 1
391530032 TO 6
391530273 TI 1
391531072 TO 1
424025641 TI 2
391562032 TO 6
391562273 TI 1
391563072 TO 1
425072262 TI 5
391594032 TO 6
391594273 TI 1
391595072 TO 1
425091498 TI 6
391626032 TO 6
391626273 TI 1
391627072 TO 1
425110286 TI 6
391658032 TO 6
391658273 TI 1
391659072 TO 1
425131522 TI 6
391690032 TO 6
391690273 TI 1
391691072 TO 1
425163522 TI 6
391722032 TO 6
391722273 TI 1
391723086 TO 1
425195522 TI 6
391754222 TO 6
391754463 TI 5
391755342 TO 5
425227522 TI 6
391773253 TO 1
391773702 TI 6
391786032 TO 6
425259522 TI 6
391803703 TO 1
391804152 TI 6
391818032 TO 6
425291522 TI 6
391835703 TO 1
391836152 TI 6
391850032 TO 6
425323522 TI 6
391867703 TO 1
391868152 TI 6
391882032 TO 6
425355536 TI 6
391899703 TO 1
391900152 TI 6
391914032 TO 6
425387584 TI 1
391931703 TO 1
391932152 TI 6
391946032 TO 6
425418274 TI 1
391963703 TO 1
391964152 TI 6
391978032 TO 6
425450274 TI 1
391995703 TO 1
391996152 TI 6
392010032 TO 6
425482274 TI 1
392028197 TO 1
392028438 TI 2
392681019 TO 2
425514274 TI 1
394291790 TO 4
394292031 TI 3
395225399 TO 3
425546274 TI 1
395893797 TO 2
395894246 TI 3
396262561 TO 3
425578274 TI 1
397935929 TO 4
397936578 TI 5
397937457 TO 5
425610274 TI 1
397955368 TO 1
397955817 TI 6
397962032 TO 6
425642274 TI 1
397979703 TO 1
397980152 TI 6
397994032 TO 6
425674274 TI 1
398011703 TO 1
398012152 TI 6
398026032 TO 6
425706464 TI 5
398043703 TO 1
398044152 TI 6
398058032 TO 6
425725703 TI 6
398075703 TO 1
398076152 TI 6
398090032 TO 6
425744491 TI 6
398107703 TO 1
398108152 TI 6
398122032 TO 6
425771522 TI 6
398139703 TO 1
398140152 TI 6
398154032 TO 6
425803522 TI 6
398171703 TO 1
398172152 TI 6
398186032 TO 6
425835522 TI 6
398203703 TO 1
398204152 TI 6
398218032 TO 6
425867522 TI 6
398235717 TO 1
398236166 TI 6
398250222 TO 6
425899522 TI 6
398267973 TO 5
398268214 TI 1
398269253 TO 1
425931522 TI 6
398287002 TO 6
398287243 TI 1
398288041 TO 1
425963522 TI 6
398314032 TO 6
398314273 TI 1
398315072 TO 1
425995536 TI 6
398346032 TO 6
398346273 TI 1
398347072 TO 1
427225641 TI 2
398378032 TO 6
398378273 TI 1
398379072 TO 1
429196297 TI 4
398410032 TO 6
398410273 TI 1
398411072 TO 1
431077666 TI 4
398429445 TO 6
398429686 TI 2
399081514 TO 2
431946044 TI 1
431947813 TO 1
431949133 TI 5
431953237 TO 5
400402352 TI 5
431978032 TO 6
400420348 TI 1
400421144 TO 1
400421594 TI 6
432010032 TO 6
400439134 TI 1
400439932 TO 1
400440382 TI 6
432042032 TO 6
400458273 TI 1
400459072 TO 1
400459522 TI 6
432074032 TO 6
400490273 TI 1
400491072 TO 1
400491522 TI 6
432106032 TO 6
400522273 TI 1
400523072 TO 1
400523522 TI 6
432138032 TO 6
400554273 TI 1
400555072 TO 1
400555522 TI 6
432170032 TO 6
400586273 TI 1
400587072 TO 1
400587522 TI 6
432202032 TO 6
400618273 TI 1
400619072 TO 1
400619522 TI 6
432234032 TO 6
400650273 TI 1
400651072 TO 1
400651522 TI 6
432266222 TO 6
400682273 TI 1
400683086 TO 1
400683536 TI 6
432285252 TO 1
400714463 TI 5
400715342 TO 5
400715584 TI 1
432304039 TO 1
400733702 TI 6
400746032 TO 6
400746274 TI 1
432331074 TO 1
400764152 TI 6
400778032 TO 6
400778274 TI 1
432363074 TO 1
400796152 TI 6
400810032 TO 6
400810274 TI 1
432395074 TO 1
400828152 TI 6
400842032 TO 6
400842274 TI 1
432427074 TO 1
400860152 TI 6
400874032 TO 6
400874274 TI 1
432459074 TO 1
400892152 TI 6
400906032 TO 6
400906274 TI 1
432491074 TO 1
400924152 TI 6
400938032 TO 6
400938274 TI 1
432523074 TO 1
400956152 TI 6
400970032 TO 6
400970274 TI 1
432555088 TO 1
400988152 TI 6
401002032 TO 6
401002274 TI 1
432587344 TO 5
401020166 TI 6
401034222 TO 6
401034464 TI 5
432618032 TO 6
401052214 TI 1
401053253 TO 1
401053703 TI 6
432650032 TO 6
401071243 TI 1
401072041 TO 1
401072491 TI 6
432682032 TO 6
401098273 TI 1
401099072 TO 1
401099522 TI 6
433625405 TO 3
401130273 TI 1
401131072 TO 1
401131522 TI 6
434671419 TO 3
401162273 TI 1
401163072 TO 1
401163522 TI 6
434691054 TO 1
401194273 TI 1
401195072 TO 1
401195522 TI 6
434709841 TO 1
401226273 TI 1
401227072 TO 1
401227522 TI 6
434731074 TO 1
401258273 TI 1
401259072 TO 1
401259522 TI 6
434763074 TO 1
401290273 TI 1
401291072 TO 1
401291522 TI 6
434795074 TO 1
401322273 TI 1
401323086 TO 1
401323536 TI 6
434827074 TO 1
401354463 TI 5
401355342 TO 5
401355584 TI 1
434859074 TO 1
401373702 TI 6
401386032 TO 6
401386274 TI 1
434891074 TO 1
401404152 TI 6
401418032 TO 6
401418274 TI 1
434923074 TO 1
401436152 TI 6
401450032 TO 6
401450274 TI 1
434955088 TO 1
401468152 TI 6
401482032 TO 6
401482274 TI 1
434987344 TO 5
401500152 TI 6
401514032 TO 6
401514274 TI 1
435018032 TO 6
401532152 TI 6
401546032 TO 6
401546274 TI 1
435050032 TO 6
401564152 TI 6
401578032 TO 6
401578274 TI 1
435082032 TO 6
401596152 TI 6
401610032 TO 6
401610274 TI 1
435114032 TO 6
401628438 TI 2
402280041 TO 2
402281091 TI 5
435146032 TO 6
402298400 TI 1
402299198 TO 1
402299446 TI 5
435178032 TO 6
402316990 TI 1
402318028 TO 1
402318270 TI 5
435210032 TO 6
402336482 TI 6
402346032 TO 6
402346274 TI 1
435242032 TO 6
402364152 TI 6
402378032 TO 6
402378274 TI 1
435274032 TO 6
402396152 TI 6
402410032 TO 6
402410274 TI 1
435306222 TO 6
402428152 TI 6
402442032 TO 6
402442274 TI 1
435325252 TO 1
402460152 TI 6
402474032 TO 6
402474274 TI 1
435344039 TO 1
402492152 TI 6
402506032 TO 6
402506274 TI 1
435371074 TO 1
402524152 TI 6
402538032 TO 6
402538274 TI 1
435403074 TO 1
402556152 TI 6
402570032 TO 6
402570274 TI 1
435435074 TO 1
402588152 TI 6
402602032 TO 6
402602274 TI 1
435467074 TO 1
402620166 TI 6
402634222 TO 6
402634464 TI 5
435499074 TO 1
402652214 TI 1
402653253 TO 1
402653703 TI 6
435531074 TO 1
402671243 TI 1
402672041 TO 1
402672491 TI 6
435563074 TO 1
402698273 TI 1
402699072 TO 1
402699522 TI 6
435595088 TO 1
402730273 TI 1
402731072 TO 1
402731522 TI 6
435627344 TO 5
402762273 TI 1
402763072 TO 1
402763522 TI 6
435658032 TO 6
402794273 TI 1
402795072 TO 1
402795522 TI 6
435690032 TO 6
402826273 TI 1
402827072 TO 1
402827522 TI 6
435722032 TO 6
402858273 TI 1
402859072 TO 1
402859522 TI 6
435754032 TO 6
402890273 TI 1
402891072 TO 1
402891522 TI 6
435786032 TO 6
402922273 TI 1
402923086 TO 1
402923536 TI 6
435818032 TO 6
402954463 TI 5
402955342 TO 5
402955584 TI 1
435850032 TO 6
402973702 TI 6
402986032 TO 6
402986274 TI 1
435882032 TO 6
403004152 TI 6
403018032 TO 6
403018274 TI 1
435914032 TO 6
403036152 TI 6
403050032 TO 6
403050274 TI 1
435946222 TO 6
403068152 TI 6
403082032 TO 6
403082274 TI 1
435965252 TO 1
403100152 TI 6
403114032 TO 6
403114274 TI 1
435984039 TO 1
403132152 TI 6
403146032 TO 6
403146274 TI 1
436011074 TO 1
403164152 TI 6
403178032 TO 6
403178274 TI 1
436043074 TO 1
403196152 TI 6
403210032 TO 6
403210274 TI 1
436075074 TO 1
403228152 TI 6
403242032 TO 6
403242274 TI 1
436107074 TO 1
403260166 TI 6
403274222 TO 6
403274464 TI 5
436139074 TO 1
403292214 TI 1
403293253 TO 1
403293703 TI 6
436171074 TO 1
403311243 TI 1
403312041 TO 1
403312491 TI 6
436203074 TO 1
403338273 TI 1
403339072 TO 1
403339522 TI 6
436235088 TO 1
403370273 TI 1
403371072 TO 1
403371522 TI 6
436267344 TO 5
403402273 TI 1
403403072 TO 1
403403522 TI 6
436298032 TO 6
403434273 TI 1
403435072 TO 1
403435522 TI 6
436330032 TO 6
403466273 TI 1
403467072 TO 1
403467522 TI 6
436362032 TO 6
403498273 TI 1
403499072 TO 1
403499522 TI 6
436394032 TO 6
403530273 TI 1
403531072 TO 1
403531522 TI 6
436426032 TO 6
403562273 TI 1
403563086 TO 1
403563536 TI 6
436458032 TO 6
403594463 TI 5
403595342 TO 5
403595584 TI 1
436490032 TO 6
403613702 TI 6
403624000 TO 6
403624242 TI 4
436522032 TO 6
403892031 TI 3
404825399 TO 3
404825641 TI 2
436554032 TO 6
405494246 TI 3
405862788 TO 3
405863238 TI 4
436586222 TO 6
408025640 TI 2
408677016 TO 2
408677666 TI 4
436605252 TO 1
408695834 TI 3
409996612 TO 3
409997062 TI 4
436624039 TO 1
410869169 TI 1
410869968 TO 1
410870210 TI 5
436651074 TO 1
410888422 TI 6
410890032 TO 6
410890274 TI 1
436683074 TO 1
410908152 TI 6
410922032 TO 6
410922274 TI 1
436715074 TO 1
410940152 TI 6
410954032 TO 6
410954274 TI 1
436747074 TO 1
410972152 TI 6
410986032 TO 6
410986274 TI 1
436779074 TO 1
411004152 TI 6
411018032 TO 6
411018274 TI 1
436811074 TO 1
411036152 TI 6
411050032 TO 6
411050274 TI 1
437482763 TO 2
411068152 TI 6
411082032 TO 6
411082274 TI 1
438802157 TO 3
411100152 TI 6
411114032 TO 6
411114274 TI 1
440677017 TO 2
411132152 TI 6
411146032 TO 6
411146274 TI 1
443225399 TO 3
411164166 TI 6
411178222 TO 6
411178464 TI 5
444262564 TO 3
411196214 TI 1
411197253 TO 1
411197703 TI 6
444728485 TO 1
411215243 TI 1
411216041 TO 1
411216491 TI 6
444747312 TO 1
411234655 TI 2
411886682 TO 2
411887726 TI 1
444778032 TO 6
411905636 TI 5
411906529 TO 5
411906979 TI 6
444810032 TO 6
411924519 TI 1
411925317 TO 1
411925767 TI 6
444842032 TO 6
411946273 TI 1
411947072 TO 1
411947522 TI 6
444874032 TO 6
411978273 TI 1
411979072 TO 1
411979522 TI 6
444906032 TO 6
412010273 TI 1
412011072 TO 1
412011522 TI 6
444938032 TO 6
412042273 TI 1
412043072 TO 1
412043522 TI 6
444970032 TO 6
412074273 TI 1
412075072 TO 1
412075522 TI 6
445002032 TO 6
412106273 TI 1
412107072 TO 1
412107522 TI 6
445034032 TO 6
412138273 TI 1
412139072 TO 1
412139522 TI 6
445066222 TO 6
412170273 TI 1
412171086 TO 1
412171536 TI 6
445085252 TO 1
412202463 TI 5
412203342 TO 5
412203584 TI 1
445104039 TO 1
412221702 TI 6
412234032 TO 6
412234274 TI 1
445131074 TO 1
412252152 TI 6
412266032 TO 6
412266274 TI 1
445163074 TO 1
412284152 TI 6
412298032 TO 6
412298274 TI 1
445195074 TO 1
412316152 TI 6
412330032 TO 6
412330274 TI 1
445227074 TO 1
412348152 TI 6
412362032 TO 6
412362274 TI 1
445259074 TO 1
412380152 TI 6
412394032 TO 6
412394274 TI 1
445291074 TO 1
412412152 TI 6
412426032 TO 6
412426274 TI 1
445323074 TO 1
412444152 TI 6
412458032 TO 6
412458274 TI 1
445355088 TO 1
412476152 TI 6
412490032 TO 6
412490274 TI 1
445387344 TO 5
412508166 TI 6
412522222 TO 6
412522464 TI 5
445418032 TO 6
412540214 TI 1
412541253 TO 1
412541703 TI 6
445450032 TO 6
412559243 TI 1
412560041 TO 1
412560491 TI 6
445482032 TO 6
412586273 TI 1
412587072 TO 1
412587522 TI 6
445514032 TO 6
412618273 TI 1
412619072 TO 1
412619522 TI 6
445546032 TO 6
412650273 TI 1
412651072 TO 1
412651522 TI 6
445578032 TO 6
412682273 TI 1
412683072 TO 1
412683522 TI 6
445610032 TO 6
412714273 TI 1
412715072 TO 1
412715522 TI 6
445642032 TO 6
412746273 TI 1
412747072 TO 1
412747522 TI 6
445674032 TO 6
412778273 TI 1
412779072 TO 1
412779522 TI 6
445706222 TO 6
412810273 TI 1
412811086 TO 1
412811536 TI 6
445725252 TO 1
412842463 TI 5
412843342 TO 5
412843584 TI 1
445744039 TO 1
412861702 TI 6
412874032 TO 6
412874274 TI 1
445771074 TO 1
412892152 TI 6
412906032 TO 6
412906274 TI 1
445803074 TO 1
412924152 TI 6
412938032 TO 6
412938274 TI 1
445835074 TO 1
412956152 TI 6
412970032 TO 6
412970274 TI 1
445867074 TO 1
412988152 TI 6
413002032 TO 6
413002274 TI 1
445899074 TO 1
413020152 TI 6
413034032 TO 6
413034274 TI 1
445931074 TO 1
413052152 TI 6
413066032 TO 6
413066274 TI 1
445963074 TO 1
413084152 TI 6
413098032 TO 6
413098274 TI 1
445995088 TO 1
413116152 TI 6
413130032 TO 6
413130274 TI 1
446027344 TO 5
413148166 TI 6
413162222 TO 6
413162464 TI 5
446058032 TO 6
413180214 TI 1
413181253 TO 1
413181703 TI 6
446090032 TO 6
413199243 TI 1
413200041 TO 1
413200491 TI 6
446122032 TO 6
413226273 TI 1
413227072 TO 1
413227522 TI 6
446154032 TO 6
413258273 TI 1
413259072 TO 1
413259522 TI 6
446186032 TO 6
413290273 TI 1
413291072 TO 1
413291522 TI 6
446218032 TO 6
413322273 TI 1
413323072 TO 1
413323522 TI 6
446250032 TO 6
413354273 TI 1
413355072 TO 1
413355522 TI 6
446282032 TO 6
413386273 TI 1
413387072 TO 1
413387522 TI 6
446314032 TO 6
413418273 TI 1
413419072 TO 1
413419522 TI 6
446346222 TO 6
413450273 TI 1
413451086 TO 1
413451536 TI 6
446365252 TO 1
413482463 TI 5
413483342 TO 5
413483584 TI 1
446384039 TO 1
413501752 TI 3
414425399 TO 3
414425641 TI 2
446411074 TO 1
415095238 TI 3
415473686 TO 3
415474130 TI 4
447081516 TO 2
417625640 TI 2
418277016 TO 2
418277666 TI 4
448401509 TO 3
418295834 TI 3
419596612 TO 3
419597062 TI 4
448421144 TO 1
420729076 TI 5
420729955 TO 5
420730197 TI 1
449625399 TO 4
420748505 TI 6
420778032 TO 6
420778274 TI 1
451891790 TO 4
420796152 TI 6
420810032 TO 6
420810274 TI 1
453477003 TO 2
420828438 TI 2
421480039 TO 2
421481089 TI 5
454348212 TO 4
421498398 TI 1
421499196 TO 1
421499444 TI 5
454367658 TO 5
421516988 TI 1
421518026 TO 1
421518268 TI 5
454386445 TO 1
421536480 TI 6
421546032 TO 6
421546274 TI 1
454411074 TO 1
421564152 TI 6
421578032 TO 6
421578274 TI 1
454443074 TO 1
421596152 TI 6
421610032 TO 6
421610274 TI 1
454475074 TO 1
421628152 TI 6
421642032 TO 6
421642274 TI 1
454507074 TO 1
421660152 TI 6
421674032 TO 6
421674274 TI 1
454539074 TO 1
421692152 TI 6
421706032 TO 6
421706274 TI 1
454571074 TO 1
421724152 TI 6
421738032 TO 6
421738274 TI 1
454603074 TO 1
421756152 TI 6
421770032 TO 6
421770274 TI 1
454635088 TO 1
421788152 TI 6
421802032 TO 6
421802274 TI 1
454667344 TO 5
421820166 TI 6
421834222 TO 6
421834464 TI 5
454698032 TO 6
421852214 TI 1
421853253 TO 1
421853703 TI 6
454730032 TO 6
421871243 TI 1
421872041 TO 1
421872491 TI 6
454762032 TO 6
421898273 TI 1
421899072 TO 1
421899522 TI 6
454794032 TO 6
421930273 TI 1
421931072 TO 1
421931522 TI 6
454826032 TO 6
421962273 TI 1
421963072 TO 1
421963522 TI 6
454858032 TO 6
421994273 TI 1
421995072 TO 1
421995522 TI 6
454890032 TO 6
422026273 TI 1
422027072 TO 1
422027522 TI 6
454922032 TO 6
422058273 TI 1
422059072 TO 1
422059522 TI 6
454954032 TO 6
422090273 TI 1
422091072 TO 1
422091522 TI 6
454986222 TO 6
422122273 TI 1
422123086 TO 1
422123536 TI 6
455005252 TO 1
422154463 TI 5
422155342 TO 5
422155584 TI 1
455024039 TO 1
422173702 TI 6
422186032 TO 6
422186274 TI 1
455051074 TO 1
422204152 TI 6
422218032 TO 6
422218274 TI 1
455083074 TO 1
422236152 TI 6
422250032 TO 6
422250274 TI 1
455115074 TO 1
422268152 TI 6
422282032 TO 6
422282274 TI 1
455147074 TO 1
422300152 TI 6
422314032 TO 6
422314274 TI 1
455179074 TO 1
422332152 TI 6
422346032 TO 6
422346274 TI 1
455211074 TO 1
422364152 TI 6
422378032 TO 6
422378274 TI 1
455243074 TO 1
422396152 TI 6
422410032 TO 6
422410274 TI 1
455275088 TO 1
422428152 TI 6
422442032 TO 6
422442274 TI 1
455307344 TO 5
422460166 TI 6
422474222 TO 6
422474464 TI 5
455338032 TO 6
422492214 TI 1
422493253 TO 1
422493703 TI 6
455370032 TO 6
422511243 TI 1
422512041 TO 1
422512491 TI 6
455402032 TO 6
422538273 TI 1
422539072 TO 1
422539522 TI 6
455434032 TO 6
422570273 TI 1
422571072 TO 1
422571522 TI 6
455466032 TO 6
422602273 TI 1
422603072 TO 1
422603522 TI 6
455498032 TO 6
422634273 TI 1
422635072 TO 1
422635522 TI 6
455530032 TO 6
422666273 TI 1
422667072 TO 1
422667522 TI 6
455562032 TO 6
422698273 TI 1
422699072 TO 1
422699522 TI 6
455594032 TO 6
422730273 TI 1
422731072 TO 1
422731522 TI 6
455626222 TO 6
422762273 TI 1
422763086 TO 1
422763536 TI 6
455645252 TO 1
422794463 TI 5
422795342 TO 5
422795584 TI 1
455664039 TO 1
422813702 TI 6
422826032 TO 6
422826274 TI 1
455691074 TO 1
422844152 TI 6
422858032 TO 6
422858274 TI 1
455723074 TO 1
422876152 TI 6
422890032 TO 6
422890274 TI 1
455755074 TO 1
422908152 TI 6
422922032 TO 6
422922274 TI 1
455787074 TO 1
422940152 TI 6
422954032 TO 6
422954274 TI 1
455819074 TO 1
422972152 TI 6
422986032 TO 6
422986274 TI 1
455851074 TO 1
423004152 TI 6
423018032 TO 6
423018274 TI 1
455883074 TO 1
423036152 TI 6
423050032 TO 6
423050274 TI 1
455915088 TO 1
423068152 TI 6
423082032 TO 6
423082274 TI 1
455947344 TO 5
423100442 TI 3
424025399 TO 3
424025641 TI 2
455978032 TO 6
424694260 TI 3
425071412 TO 3
425072262 TI 5
456010032 TO 6
425090252 TI 1
425091048 TO 1
425091498 TI 6
456680039 TO 2
425109038 TI 1
425109836 TO 1
425110286 TI 6
458000047 TO 3
425130273 TI 1
425131072 TO 1
425131522 TI 6
458019699 TO 5
425162273 TI 1
425163072 TO 1
425163522 TI 6
458038486 TO 1
425194273 TI 1
425195072 TO 1
425195522 TI 6
458059074 TO 1
425226273 TI 1
425227072 TO 1
425227522 TI 6
458091074 TO 1
425258273 TI 1
425259072 TO 1
425259522 TI 6
458123074 TO 1
425290273 TI 1
425291072 TO 1
425291522 TI 6
458155074 TO 1
425322273 TI 1
425323072 TO 1
425323522 TI 6
458187074 TO 1
425354273 TI 1
425355086 TO 1
425355536 TI 6
458219074 TO 1
425386463 TI 5
425387342 TO 5
425387584 TI 1
458251074 TO 1
425405702 TI 6
425418032 TO 6
425418274 TI 1
425436152 TI 6
425450032 TO 6
425450274 TI 1
425467703 TO 1
458300162 TI 6
458314222 TO 6
458314464 TI 5
458315344 TO 5
458332210 TI 1
458333250 TO 1
458333700 TI 6
458346032 TO 6
458362900 TI 1
458363700 TO 1
458364150 TI 6
458378032 TO 6
458394900 TI 1
458395700 TO 1
458396150 TI 6
458410032 TO 6
458426900 TI 1
458427700 TO 1
458428150 TI 6
458442032 TO 6
458458900 TI 1
458459700 TO 1
458460150 TI 6
458474032 TO 6
458490900 TI 1
458491700 TO 1
458492150 TI 6
458506032 TO 6
458522900 TI 1
458523700 TO 1
458524150 TI 6
458538032 TO 6
458554900 TI 1
458555700 TO 1
458556150 TI 6
458570032 TO 6
458586900 TI 1
458587700 TO 1
458588150 TI 6
458602032 TO 6
458618900 TI 1
458619714 TO 1
458620164 TI 6
458634222 TO 6
458651090 TI 5
458651970 TO 5
458652212 TI 1
458653252 TO 1
458670328 TI 6
458670998 TO 6
458671240 TI 1
458672039 TO 1
458689115 TI 6
458698032 TO 6
458698274 TI 1
458699074 TO 1
458716150 TI 6
458730032 TO 6
458730274 TI 1
458731074 TO 1
458748150 TI 6
458762032 TO 6
458762274 TI 1
458763074 TO 1
458780150 TI 6
458794032 TO 6
458794274 TI 1
458795074 TO 1
458812150 TI 6
458826032 TO 6
458826274 TI 1
458827074 TO 1
458844150 TI 6
458858032 TO 6
458858274 TI 1
458859074 TO 1
458876150 TI 6
458890032 TO 6
458890274 TI 1
458891074 TO 1
458908150 TI 6
458922032 TO 6
458922274 TI 1
458923088 TO 1
458940164 TI 6
458954222 TO 6
458954464 TI 5
458955344 TO 5
458972212 TI 1
458973252 TO 1
458973702 TI 6
458986032 TO 6
459002900 TI 1
459003700 TO 1
459004150 TI 6
459018032 TO 6
459034900 TI 1
459035700 TO 1
459036150 TI 6
459050032 TO 6
459066900 TI 1
459067700 TO 1
459068150 TI 6
459082032 TO 6
459098900 TI 1
459099700 TO 1
459100150 TI 6
459114032 TO 6
459130900 TI 1
459131700 TO 1
459132150 TI 6
459146032 TO 6
459162900 TI 1
459163700 TO 1
459164150 TI 6
459178032 TO 6
459194900 TI 1
459195700 TO 1
459196150 TI 6
459210032 TO 6
459226900 TI 1
459228194 TO 1
459228436 TI 2
459881016 TO 2
459898286 TI 4
461491790 TO 4
461492032 TI 3
462425399 TO 3
462442267 TI 2
463093794 TO 2
463094244 TI 3
463462564 TO 3
463479640 TI 4
465135923 TO 4
465136573 TI 5
465137453 TO 5
465154321 TI 1
465155361 TO 1
465155811 TI 6
465162032 TO 6
465178900 TI 1
465179700 TO 1
465180150 TI 6
465194032 TO 6
465210900 TI 1
465211700 TO 1
465212150 TI 6
465226032 TO 6
465242900 TI 1
465243700 TO 1
465244150 TI 6
465258032 TO 6
465274900 TI 1
465275700 TO 1
465276150 TI 6
465290032 TO 6
465306900 TI 1
465307700 TO 1
465308150 TI 6
465322032 TO 6
465338900 TI 1
465339700 TO 1
465340150 TI 6
465354032 TO 6
465370900 TI 1
465371700 TO 1
465372150 TI 6
465386032 TO 6
465402900 TI 1
465403700 TO 1
465404150 TI 6
465418032 TO 6
465434900 TI 1
465435714 TO 1
465436164 TI 6
465450222 TO 6
465467090 TI 5
465467970 TO 5
465468212 TI 1
465469252 TO 1
465486328 TI 6
465486998 TO 6
465487240 TI 1
465488039 TO 1
465505115 TI 6
465514032 TO 6
465514274 TI 1
465515074 TO 1
465532150 TI 6
465546032 TO 6
465546274 TI 1
465547074 TO 1
465564150 TI 6
465578032 TO 6
465578274 TI 1
465579074 TO 1
465596150 TI 6
465610032 TO 6
465610274 TI 1
465611074 TO 1
465628150 TI 6
465629444 TO 6
465629686 TI 2
466281514 TO 2
466299184 TI 1
466300482 TO 1
466300724 TI 3
467601506 TO 3
467618976 TI 5
467620096 TO 5
467620344 TI 1
467621141 TO 1
467638217 TI 6
467638887 TO 6
467639129 TI 1
467639928 TO 1
467657004 TI 6
467658032 TO 6
467658274 TI 1
467659074 TO 1
467676150 TI 6
467690032 TO 6
467690274 TI 1
467691074 TO 1
467708150 TI 6
467722032 TO 6
467722274 TI 1
467723074 TO 1
467740150 TI 6
467754032 TO 6
467754274 TI 1
467755074 TO 1
467772150 TI 6
467786032 TO 6
467786274 TI 1
467787074 TO 1
467804150 TI 6
467818032 TO 6
467818274 TI 1
467819074 TO 1
467836150 TI 6
467850032 TO 6
467850274 TI 1
467851074 TO 1
467868150 TI 6
467882032 TO 6
467882274 TI 1
467883088 TO 1
467900164 TI 6
467914222 TO 6
467914464 TI 5
467915344 TO 5
467932212 TI 1
467933252 TO 1
467933702 TI 6
467946032 TO 6
467962900 TI 1
467963700 TO 1
467964150 TI 6
467978032 TO 6
467994900 TI 1
467995700 TO 1
467996150 TI 6
468010032 TO 6
468026900 TI 1
468027700 TO 1
468028150 TI 6
468042032 TO 6
468058900 TI 1
468059700 TO 1
468060150 TI 6
468074032 TO 6
468090900 TI 1
468091700 TO 1
468092150 TI 6
468106032 TO 6
468122900 TI 1
468123700 TO 1
468124150 TI 6
468138032 TO 6
468154900 TI 1
468155700 TO 1
468156150 TI 6
468170032 TO 6
468186900 TI 1
468187700 TO 1
468188150 TI 6
468202032 TO 6
468218900 TI 1
468219714 TO 1
468220164 TI 6
468234222 TO 6
468251090 TI 5
468251970 TO 5
468252212 TI 1
468253252 TO 1
468270328 TI 6
468270998 TO 6
468271240 TI 1
468272039 TO 1
468289115 TI 6
468298032 TO 6
468298274 TI 1
468299074 TO 1
468316150 TI 6
468330032 TO 6
468330274 TI 1
468331074 TO 1
468348150 TI 6
468362032 TO 6
468362274 TI 1
468363074 TO 1
468380150 TI 6
468394032 TO 6
468394274 TI 1
468395074 TO 1
468412150 TI 6
468426032 TO 6
468426274 TI 1
468427074 TO 1
468444150 TI 6
468458032 TO 6
468458274 TI 1
468459074 TO 1
468476150 TI 6
468490032 TO 6
468490274 TI 1
468491074 TO 1
468508150 TI 6
468522032 TO 6
468522274 TI 1
468523088 TO 1
468540164 TI 6
468554222 TO 6
468554464 TI 5
468555344 TO 5
468572212 TI 1
468573252 TO 1
468573702 TI 6
468586032 TO 6
468602900 TI 1
468603700 TO 1
468604150 TI 6
468618032 TO 6
468634900 TI 1
468635700 TO 1
468636150 TI 6
468650032 TO 6
468666900 TI 1
468667700 TO 1
468668150 TI 6
468682032 TO 6
468698900 TI 1
468699700 TO 1
468700150 TI 6
468714032 TO 6
468730900 TI 1
468731700 TO 1
468732150 TI 6
468746032 TO 6
468762900 TI 1
468763700 TO 1
468764150 TI 6
468778032 TO 6
468794900 TI 1
468795700 TO 1
468796150 TI 6
468810032 TO 6
468826900 TI 1
468828194 TO 1
468828436 TI 2
469480039 TO 2
469497715 TI 5
469498152 TO 5
469498394 TI 1
469499193 TO 1
469516067 TI 5
469516735 TO 5
469516983 TI 1
469518022 TO 1
469534890 TI 5
469536024 TO 5
469536474 TI 6
469546032 TO 6
469562900 TI 1
469563700 TO 1
469564150 TI 6
469578032 TO 6
469594900 TI 1
469595700 TO 1
469596150 TI 6
469610032 TO 6
469626900 TI 1
469627700 TO 1
469628150 TI 6
469642032 TO 6
469658900 TI 1
469659700 TO 1
469660150 TI 6
469674032 TO 6
469690900 TI 1
469691700 TO 1
469692150 TI 6
469706032 TO 6
469722900 TI 1
469723700 TO 1
469724150 TI 6
469738032 TO 6
469754900 TI 1
469755700 TO 1
469756150 TI 6
469770032 TO 6
469786900 TI 1
469787700 TO 1
469788150 TI 6
469802032 TO 6
469818900 TI 1
469819714 TO 1
469820164 TI 6
469834222 TO 6
469851090 TI 5
469851970 TO 5
469852212 TI 1
469853252 TO 1
469870328 TI 6
469870998 TO 6
469871240 TI 1
469872039 TO 1
469889115 TI 6
469898032 TO 6
469898274 TI 1
469899074 TO 1
469916150 TI 6
469930032 TO 6
469930274 TI 1
469931074 TO 1
469948150 TI 6
469962032 TO 6
469962274 TI 1
469963074 TO 1
469980150 TI 6
469994032 TO 6
469994274 TI 1
469995074 TO 1
470012150 TI 6
470026032 TO 6
470026274 TI 1
470027074 TO 1
470044150 TI 6
470058032 TO 6
470058274 TI 1
470059074 TO 1
470076150 TI 6
470090032 TO 6
470090274 TI 1
470091074 TO 1
470108150 TI 6
470122032 TO 6
470122274 TI 1
470123088 TO 1
470140164 TI 6
470154222 TO 6
470154464 TI 5
470155344 TO 5
470172212 TI 1
470173252 TO 1
470173702 TI 6
470186032 TO 6
470202900 TI 1
470203700 TO 1
470204150 TI 6
470218032 TO 6
470234900 TI 1
470235700 TO 1
470236150 TI 6
470250032 TO 6
470266900 TI 1
470267700 TO 1
470268150 TI 6
470282032 TO 6
470298900 TI 1
470299700 TO 1
470300150 TI 6
470314032 TO 6
470330900 TI 1
470331700 TO 1
470332150 TI 6
470346032 TO 6
470362900 TI 1
470363700 TO 1
470364150 TI 6
470378032 TO 6
470394900 TI 1
470395700 TO 1
470396150 TI 6
470410032 TO 6
470426900 TI 1
470427700 TO 1
470428150 TI 6
470442032 TO 6
470458900 TI 1
470459714 TO 1
470460164 TI 6
470474222 TO 6
470491090 TI 5
470491970 TO 5
470492212 TI 1
470493252 TO 1
470510328 TI 6
470510998 TO 6
470511240 TI 1
470512039 TO 1
470529115 TI 6
470538032 TO 6
470538274 TI 1
470539074 TO 1
470556150 TI 6
470570032 TO 6
470570274 TI 1
470571074 TO 1
470588150 TI 6
470602032 TO 6
470602274 TI 1
470603074 TO 1
470620150 TI 6
470634032 TO 6
470634274 TI 1
470635074 TO 1
470652150 TI 6
470666032 TO 6
470666274 TI 1
470667074 TO 1
470684150 TI 6
470698032 TO 6
470698274 TI 1
470699074 TO 1
470716150 TI 6
470730032 TO 6
470730274 TI 1
470731074 TO 1
470748150 TI 6
470762032 TO 6
470762274 TI 1
470763088 TO 1
470780164 TI 6
470794222 TO 6
470794464 TI 5
470795344 TO 5
470812212 TI 1
470813252 TO 1
470813702 TI 6
470824000 TO 6
470840868 TI 4
471091790 TO 4
471092032 TI 3
472025399 TO 3
472042267 TI 2
472693794 TO 2
472694244 TI 3
473062788 TO 3
473079864 TI 4
475225399 TO 4
475225641 TI 2
475877017 TO 2
475894293 TI 4
475895591 TO 4
475895833 TI 3
477196612 TO 3
477213688 TI 4
478068523 TO 4
478069167 TI 1
478069967 TO 1
478086835 TI 5
478087969 TO 5
478088419 TI 6
478090032 TO 6
478106900 TI 1
478107700 TO 1
478108150 TI 6
478122032 TO 6
478138900 TI 1
478139700 TO 1
478140150 TI 6
478154032 TO 6
478170900 TI 1
478171700 TO 1
478172150 TI 6
478186032 TO 6
478202900 TI 1
478203700 TO 1
478204150 TI 6
478218032 TO 6
478234900 TI 1
478235700 TO 1
478236150 TI 6
478250032 TO 6
478266900 TI 1
478267700 TO 1
478268150 TI 6
478282032 TO 6
478298900 TI 1
478299700 TO 1
478300150 TI 6
478314032 TO 6
478330900 TI 1
478331700 TO 1
478332150 TI 6
478346032 TO 6
478362900 TI 1
478363714 TO 1
478364164 TI 6
478378222 TO 6
478395090 TI 5
478395970 TO 5
478396212 TI 1
478397252 TO 1
478414328 TI 6
478414998 TO 6
478415240 TI 1
478416039 TO 1
478433115 TI 6
478434409 TO 6
478434651 TI 2
479086679 TO 2
479104349 TI 1
479105389 TO 1
479105631 TI 5
479106525 TO 5
479123601 TI 6
479124271 TO 6
479124513 TI 1
479125312 TO 1
479142388 TI 6
479146032 TO 6
479146274 TI 1
479147074 TO 1
479164150 TI 6
479178032 TO 6
479178274 TI 1
479179074 TO 1
479196150 TI 6
479210032 TO 6
479210274 TI 1
479211074 TO 1
479228150 TI 6
479242032 TO 6
479242274 TI 1
479243074 TO 1
479260150 TI 6
479274032 TO 6
479274274 TI 1
479275074 TO 1
479292150 TI 6
479306032 TO 6
479306274 TI 1
479307074 TO 1
479324150 TI 6
479338032 TO 6
479338274 TI 1
479339074 TO 1
479356150 TI 6
479370032 TO 6
479370274 TI 1
479371088 TO 1
479388164 TI 6
479402222 TO 6
479402464 TI 5
479403344 TO 5
479420212 TI 1
479421252 TO 1
479421702 TI 6
479434032 TO 6
479450900 TI 1
479451700 TO 1
479452150 TI 6
479466032 TO 6
479482900 TI 1
479483700 TO 1
479484150 TI 6
479498032 TO 6
479514900 TI 1
479515700 TO 1
479516150 TI 6
479530032 TO 6
479546900 TI 1
479547700 TO 1
479548150 TI 6
479562032 TO 6
479578900 TI 1
479579700 TO 1
479580150 TI 6
479594032 TO 6
479610900 TI 1
479611700 TO 1
479612150 TI 6
479626032 TO 6
479642900 TI 1
479643700 TO 1
479644150 TI 6
479658032 TO 6
479674900 TI 1
479675700 TO 1
479676150 TI 6
479690032 TO 6
479706900 TI 1
479707714 TO 1
479708164 TI 6
479722222 TO 6
479739090 TI 5
479739970 TO 5
479740212 TI 1
479741252 TO 1
479758328 TI 6
479758998 TO 6
479759240 TI 1
479760039 TO 1
479777115 TI 6
479786032 TO 6
479786274 TI 1
479787074 TO 1
479804150 TI 6
479818032 TO 6
479818274 TI 1
479819074 TO 1
479836150 TI 6
479850032 TO 6
479850274 TI 1
479851074 TO 1
479868150 TI 6
479882032 TO 6
479882274 TI 1
479883074 TO 1
479900150 TI 6
479914032 TO 6
479914274 TI 1
479915074 TO 1
479932150 TI 6
479946032 TO 6
479946274 TI 1
479947074 TO 1
479964150 TI 6
479978032 TO 6
479978274 TI 1
479979074 TO 1
479996150 TI 6
480010032 TO 6
480010274 TI 1
480011088 TO 1
480028164 TI 6
480042222 TO 6
480042464 TI 5
480043344 TO 5
480060212 TI 1
480061252 TO 1
480061702 TI 6
480074032 TO 6
480090900 TI 1
480091700 TO 1
480092150 TI 6
480106032 TO 6
480122900 TI 1
480123700 TO 1
480124150 TI 6
480138032 TO 6
480154900 TI 1
480155700 TO 1
480156150 TI 6
480170032 TO 6
480186900 TI 1
480187700 TO 1
480188150 TI 6
480202032 TO 6
480218900 TI 1
480219700 TO 1
480220150 TI 6
480234032 TO 6
480250900 TI 1
480251700 TO 1
480252150 TI 6
480266032 TO 6
480282900 TI 1
480283700 TO 1
480284150 TI 6
480298032 TO 6
480314900 TI 1
480315700 TO 1
480316150 TI 6
480330032 TO 6
480346900 TI 1
480347714 TO 1
480348164 TI 6
480362222 TO 6
480379090 TI 5
480379970 TO 5
480380212 TI 1
480381252 TO 1
480398328 TI 6
480398998 TO 6
480399240 TI 1
480400039 TO 1
480417115 TI 6
480426032 TO 6
480426274 TI 1
480427074 TO 1
480444150 TI 6
480458032 TO 6
480458274 TI 1
480459074 TO 1
480476150 TI 6
480490032 TO 6
480490274 TI 1
480491074 TO 1
480508150 TI 6
480522032 TO 6
480522274 TI 1
480523074 TO 1
480540150 TI 6
480554032 TO 6
480554274 TI 1
480555074 TO 1
480572150 TI 6
480586032 TO 6
480586274 TI 1
480587074 TO 1
480604150 TI 6
480618032 TO 6
480618274 TI 1
480619074 TO 1
480636150 TI 6
480650032 TO 6
480650274 TI 1
480651088 TO 1
480668164 TI 6
480682222 TO 6
480682464 TI 5
480683344 TO 5
480700212 TI 1
480701510 TO 1
480701752 TI 3
481625399 TO 3
481642267 TI 2
482294786 TO 2
482295236 TI 3
482673686 TO 3
482690756 TI 4
484825405 TO 4
484825647 TI 2
485477023 TO 2
485494299 TI 4
485495597 TO 4
485495839 TI 3
486796618 TO 3
486813694 TI 4
487928432 TO 4
487929082 TI 5
487929962 TO 5
487946830 TI 1
487948060 TO 1
487948510 TI 6
487978032 TO 6
487994900 TI 1
487995700 TO 1
487996150 TI 6
488010032 TO 6
488026900 TI 1
488028194 TO 1
488028436 TI 2
488680045 TO 2
488697721 TI 5
488698158 TO 5
488698400 TI 1
488699199 TO 1
488716073 TI 5
488716741 TO 5
488716989 TI 1
488718028 TO 1
488734896 TI 5
488736030 TO 5
488736480 TI 6
488746032 TO 6
488762900 TI 1
488763700 TO 1
488764150 TI 6
488778032 TO 6
488794900 TI 1
488795700 TO 1
488796150 TI 6
488810032 TO 6
488826900 TI 1
488827700 TO 1
488828150 TI 6
488842032 TO 6
488858900 TI 1
488859700 TO 1
488860150 TI 6
488874032 TO 6
488890900 TI 1
488891700 TO 1
488892150 TI 6
488906032 TO 6
488922900 TI 1
488923700 TO 1
488924150 TI 6
488938032 TO 6
488954900 TI 1
488955700 TO 1
488956150 TI 6
488970032 TO 6
488986900 TI 1
488987700 TO 1
488988150 TI 6
489002032 TO 6
489018900 TI 1
489019714 TO 1
489020164 TI 6
489034222 TO 6
489051090 TI 5
489051970 TO 5
489052212 TI 1
489053252 TO 1
489070328 TI 6
489070998 TO 6
489071240 TI 1
489072039 TO 1
489089115 TI 6
489098032 TO 6
489098274 TI 1
489099074 TO 1
489116150 TI 6
489130032 TO 6
489130274 TI 1
489131074 TO 1
489148150 TI 6
489162032 TO 6
489162274 TI 1
489163074 TO 1
489180150 TI 6
489194032 TO 6
489194274 TI 1
489195074 TO 1
489212150 TI 6
489226032 TO 6
489226274 TI 1
489227074 TO 1
489244150 TI 6
489258032 TO 6
489258274 TI 1
489259074 TO 1
489276150 TI 6
489290032 TO 6
489290274 TI 1
489291074 TO 1
489308150 TI 6
489322032 TO 6
489322274 TI 1
489323088 TO 1
489340164 TI 6
489354222 TO 6
489354464 TI 5
489355344 TO 5
489372212 TI 1
489373252 TO 1
489373702 TI 6
489386032 TO 6
489402900 TI 1
489403700 TO 1
489404150 TI 6
489418032 TO 6
489434900 TI 1
489435700 TO 1
489436150 TI 6
489450032 TO 6
489466900 TI 1
489467700 TO 1
489468150 TI 6
489482032 TO 6
489498900 TI 1
489499700 TO 1
489500150 TI 6
489514032 TO 6
489530900 TI 1
489531700 TO 1
489532150 TI 6
489546032 TO 6
489562900 TI 1
489563700 TO 1
489564150 TI 6
489578032 TO 6
489594900 TI 1
489595700 TO 1
489596150 TI 6
489610032 TO 6
489626900 TI 1
489627700 TO 1
489628150 TI 6
489642032 TO 6
489658900 TI 1
489659714 TO 1
489660164 TI 6
489674222 TO 6
489691090 TI 5
489705802 TO 5
489706044 TI 1
489706844 TO 1
489708058 TI 5
489710782 TO 5
489731103 TI 6
489738032 TO 6
489738273 TI 1
489755701 TO 1
489756151 TI 6
489770032 TO 6
489770273 TI 1
489787701 TO 1
489788151 TI 6
489802032 TO 6
489802273 TI 1
489819701 TO 1
489820151 TI 6
489834032 TO 6
489834273 TI 1
489866273 TI 1
458314222 TO 6
458314464 TI 5
458315344 TO 5
489898273 TI 1
458333250 TO 1
458333700 TI 6
458346032 TO 6
489930273 TI 1
458363700 TO 1
458364150 TI 6
458378032 TO 6
489962273 TI 1
458395700 TO 1
458396150 TI 6
458410032 TO 6
489994273 TI 1
458427700 TO 1
458428150 TI 6
458442032 TO 6
490026463 TI 5
458459700 TO 1
458460150 TI 6
458474032 TO 6
490045702 TI 6
458491700 TO 1
458492150 TI 6
458506032 TO 6
490064490 TI 6
458523700 TO 1
458524150 TI 6
458538032 TO 6
490091523 TI 6
458555700 TO 1
458556150 TI 6
458570032 TO 6
490123523 TI 6
458587700 TO 1
458588150 TI 6
458602032 TO 6
490155523 TI 6
458619714 TO 1
458620164 TI 6
458634222 TO 6
490187523 TI 6
458651970 TO 5
458652212 TI 1
458653252 TO 1
490219523 TI 6
458670998 TO 6
458671240 TI 1
458672039 TO 1
490251523 TI 6
458698032 TO 6
458698274 TI 1
458699074 TO 1
490283523 TI 6
458730032 TO 6
458730274 TI 1
458731074 TO 1
491225640 TI 2
458762032 TO 6
458762274 TI 1
458763074 TO 1
492273728 TI 1
458794032 TO 6
458794274 TI 1
458795074 TO 1
492292981 TI 6
458826032 TO 6
458826274 TI 1
458827074 TO 1
492311769 TI 6
458858032 TO 6
458858274 TI 1
458859074 TO 1
492331523 TI 6
458890032 TO 6
458890274 TI 1
458891074 TO 1
492363523 TI 6
458922032 TO 6
458922274 TI 1
458923088 TO 1
492395523 TI 6
458954222 TO 6
458954464 TI 5
458955344 TO 5
492427523 TI 6
458973252 TO 1
458973702 TI 6
458986032 TO 6
492459523 TI 6
459003700 TO 1
459004150 TI 6
459018032 TO 6
492491523 TI 6
459035700 TO 1
459036150 TI 6
459050032 TO 6
492523523 TI 6
459067700 TO 1
459068150 TI 6
459082032 TO 6
492555537 TI 6
459099700 TO 1
459100150 TI 6
459114032 TO 6
492587585 TI 1
459131700 TO 1
459132150 TI 6
459146032 TO 6
492618273 TI 1
459163700 TO 1
459164150 TI 6
459178032 TO 6
492650273 TI 1
459195700 TO 1
459196150 TI 6
459210032 TO 6
492682273 TI 1
459228194 TO 1
459228436 TI 2
459881016 TO 2
492714273 TI 1
461491790 TO 4
461492032 TI 3
462425399 TO 3
492746273 TI 1
463093794 TO 2
463094244 TI 3
463462564 TO 3
492778273 TI 1
465135923 TO 4
465136573 TI 5
465137453 TO 5
492810273 TI 1
465155361 TO 1
465155811 TI 6
465162032 TO 6
492842273 TI 1
465179700 TO 1
465180150 TI 6
465194032 TO 6
492874273 TI 1
465211700 TO 1
465212150 TI 6
465226032 TO 6
492906463 TI 5
465243700 TO 1
465244150 TI 6
465258032 TO 6
492925702 TI 6
465275700 TO 1
465276150 TI 6
465290032 TO 6
492944490 TI 6
465307700 TO 1
465308150 TI 6
465322032 TO 6
492971523 TI 6
465339700 TO 1
465340150 TI 6
465354032 TO 6
493003523 TI 6
465371700 TO 1
465372150 TI 6
465386032 TO 6
493035523 TI 6
465403700 TO 1
465404150 TI 6
465418032 TO 6
493067523 TI 6
465435714 TO 1
465436164 TI 6
465450222 TO 6
493099523 TI 6
465467970 TO 5
465468212 TI 1
465469252 TO 1
493131523 TI 6
465486998 TO 6
465487240 TI 1
465488039 TO 1
493163523 TI 6
465514032 TO 6
465514274 TI 1
465515074 TO 1
493195537 TI 6
465546032 TO 6
465546274 TI 1
465547074 TO 1
494425640 TI 2
465578032 TO 6
465578274 TI 1
465579074 TO 1
496396298 TI 4
465610032 TO 6
465610274 TI 1
465611074 TO 1
498277666 TI 4
465629444 TO 6
465629686 TI 2
466281514 TO 2
499133667 TI 1
466300482 TO 1
466300724 TI 3
467601506 TO 3
499178273 TI 1
467620096 TO 5
467620344 TI 1
467621141 TO 1
499210273 TI 1
467638887 TO 6
467639129 TI 1
467639928 TO 1
499242273 TI 1
467658032 TO 6
467658274 TI 1
467659074 TO 1
499274273 TI 1
467690032 TO 6
467690274 TI 1
467691074 TO 1
499306273 TI 1
467722032 TO 6
467722274 TI 1
467723074 TO 1
499338273 TI 1
467754032 TO 6
467754274 TI 1
467755074 TO 1
499370273 TI 1
467786032 TO 6
467786274 TI 1
467787074 TO 1
499402273 TI 1
467818032 TO 6
467818274 TI 1
467819074 TO 1
499434463 TI 5
467850032 TO 6
467850274 TI 1
467851074 TO 1
499453702 TI 6
467882032 TO 6
467882274 TI 1
467883088 TO 1
499472490 TI 6
467914222 TO 6
467914464 TI 5
467915344 TO 5
499499523 TI 6
467933252 TO 1
467933702 TI 6
467946032 TO 6
499531523 TI 6
467963700 TO 1
467964150 TI 6
467978032 TO 6
499563523 TI 6
467995700 TO 1
467996150 TI 6
468010032 TO 6
499595523 TI 6
468027700 TO 1
468028150 TI 6
468042032 TO 6
499627523 TI 6
468059700 TO 1
468060150 TI 6
468074032 TO 6
499659523 TI 6
468091700 TO 1
468092150 TI 6
468106032 TO 6
499691523 TI 6
468123700 TO 1
468124150 TI 6
468138032 TO 6
499723537 TI 6
468155700 TO 1
468156150 TI 6
468170032 TO 6
499755585 TI 1
468187700 TO 1
468188150 TI 6
468202032 TO 6
499786273 TI 1
468219714 TO 1
468220164 TI 6
468234222 TO 6
499818273 TI 1
468251970 TO 5
468252212 TI 1
468253252 TO 1
499850273 TI 1
468270998 TO 6
468271240 TI 1
468272039 TO 1
499882273 TI 1
468298032 TO 6
468298274 TI 1
468299074 TO 1
500825640 TI 2
468330032 TO 6
468330274 TI 1
468331074 TO 1
501872259 TI 5
468362032 TO 6
468362274 TI 1
468363074 TO 1
501891495 TI 6
468394032 TO 6
468394274 TI 1
468395074 TO 1
501910283 TI 6
468426032 TO 6
468426274 TI 1
468427074 TO 1
501931523 TI 6
468458032 TO 6
468458274 TI 1
468459074 TO 1
501963523 TI 6
468490032 TO 6
468490274 TI 1
468491074 TO 1
501995523 TI 6
468522032 TO 6
468522274 TI 1
468523088 TO 1
502027523 TI 6
468554222 TO 6
468554464 TI 5
468555344 TO 5
502059523 TI 6
468573252 TO 1
468573702 TI 6
468586032 TO 6
502091523 TI 6
468603700 TO 1
468604150 TI 6
468618032 TO 6
502123523 TI 6
468635700 TO 1
468636150 TI 6
468650032 TO 6
502155537 TI 6
468667700 TO 1
468668150 TI 6
468682032 TO 6
502187585 TI 1
468699700 TO 1
468700150 TI 6
468714032 TO 6
502218273 TI 1
468731700 TO 1
468732150 TI 6
468746032 TO 6
502250273 TI 1
468763700 TO 1
468764150 TI 6
468778032 TO 6
502282273 TI 1
468795700 TO 1
468796150 TI 6
468810032 TO 6
502314273 TI 1
468828194 TO 1
468828436 TI 2
469480039 TO 2
502346273 TI 1
469498152 TO 5
469498394 TI 1
469499193 TO 1
502378273 TI 1
469516735 TO 5
469516983 TI 1
469518022 TO 1
502410273 TI 1
469536024 TO 5
469536474 TI 6
469546032 TO 6
502442273 TI 1
469563700 TO 1
469564150 TI 6
469578032 TO 6
502474273 TI 1
469595700 TO 1
469596150 TI 6
469610032 TO 6
502506463 TI 5
469627700 TO 1
469628150 TI 6
469642032 TO 6
502525702 TI 6
469659700 TO 1
469660150 TI 6
469674032 TO 6
502544490 TI 6
469691700 TO 1
469692150 TI 6
469706032 TO 6
502571523 TI 6
469723700 TO 1
469724150 TI 6
469738032 TO 6
502603523 TI 6
469755700 TO 1
469756150 TI 6
469770032 TO 6
502635523 TI 6
469787700 TO 1
469788150 TI 6
469802032 TO 6
502667523 TI 6
469819714 TO 1
469820164 TI 6
469834222 TO 6
502699523 TI 6
469851970 TO 5
469852212 TI 1
469853252 TO 1
502731523 TI 6
469870998 TO 6
469871240 TI 1
469872039 TO 1
502763523 TI 6
469898032 TO 6
469898274 TI 1
469899074 TO 1
502795537 TI 6
469930032 TO 6
469930274 TI 1
469931074 TO 1
502827585 TI 1
469962032 TO 6
469962274 TI 1
469963074 TO 1
502858273 TI 1
469994032 TO 6
469994274 TI 1
469995074 TO 1
502890273 TI 1
470026032 TO 6
470026274 TI 1
470027074 TO 1
502922273 TI 1
470058032 TO 6
470058274 TI 1
470059074 TO 1
502954273 TI 1
470090032 TO 6
470090274 TI 1
470091074 TO 1
502986273 TI 1
470122032 TO 6
470122274 TI 1
470123088 TO 1
503018273 TI 1
470154222 TO 6
470154464 TI 5
470155344 TO 5
503050273 TI 1
470173252 TO 1
470173702 TI 6
470186032 TO 6
503082273 TI 1
470203700 TO 1
470204150 TI 6
470218032 TO 6
503114273 TI 1
470235700 TO 1
470236150 TI 6
470250032 TO 6
503146463 TI 5
470267700 TO 1
470268150 TI 6
470282032 TO 6
503165702 TI 6
470299700 TO 1
470300150 TI 6
470314032 TO 6
503184490 TI 6
470331700 TO 1
470332150 TI 6
470346032 TO 6
503211523 TI 6
470363700 TO 1
470364150 TI 6
470378032 TO 6
503243523 TI 6
470395700 TO 1
470396150 TI 6
470410032 TO 6
503275523 TI 6
470427700 TO 1
470428150 TI 6
470442032 TO 6
503307523 TI 6
470459714 TO 1
470460164 TI 6
470474222 TO 6
503339523 TI 6
470491970 TO 5
470492212 TI 1
470493252 TO 1
503371523 TI 6
470510998 TO 6
470511240 TI 1
470512039 TO 1
503403523 TI 6
470538032 TO 6
470538274 TI 1
470539074 TO 1
503435537 TI 6
470570032 TO 6
470570274 TI 1
470571074 TO 1
503467585 TI 1
470602032 TO 6
470602274 TI 1
470603074 TO 1
503498273 TI 1
470634032 TO 6
470634274 TI 1
470635074 TO 1
503530273 TI 1
470666032 TO 6
470666274 TI 1
470667074 TO 1
503562273 TI 1
470698032 TO 6
470698274 TI 1
470699074 TO 1
503594273 TI 1
470730032 TO 6
470730274 TI 1
470731074 TO 1
503626273 TI 1
470762032 TO 6
470762274 TI 1
470763088 TO 1
503658273 TI 1
470794222 TO 6
470794464 TI 5
470795344 TO 5
503690273 TI 1
470813252 TO 1
470813702 TI 6
470824000 TO 6
503722273 TI 1
471091790 TO 4
471092032 TI 3
472025399 TO 3
503754273 TI 1
472693794 TO 2
472694244 TI 3
473062788 TO 3
503786463 TI 5
475225399 TO 4
475225641 TI 2
475877017 TO 2
503805702 TI 6
475895591 TO 4
475895833 TI 3
477196612 TO 3
503824490 TI 6
478068523 TO 4
478069167 TI 1
478069967 TO 1
503851523 TI 6
478087969 TO 5
478088419 TI 6
478090032 TO 6
503883523 TI 6
478107700 TO 1
478108150 TI 6
478122032 TO 6
503915523 TI 6
478139700 TO 1
478140150 TI 6
478154032 TO 6
503947523 TI 6
478171700 TO 1
478172150 TI 6
478186032 TO 6
503979523 TI 6
478203700 TO 1
478204150 TI 6
478218032 TO 6
504011523 TI 6
478235700 TO 1
478236150 TI 6
478250032 TO 6
504683409 TI 4
478267700 TO 1
478268150 TI 6
478282032 TO 6
506002606 TI 4
478299700 TO 1
478300150 TI 6
478314032 TO 6
507877666 TI 4
478331700 TO 1
478332150 TI 6
478346032 TO 6
510425640 TI 2
478363714 TO 1
478364164 TI 6
478378222 TO 6
511463018 TI 4
478395970 TO 5
478396212 TI 1
478397252 TO 1
511928735 TI 5
478414998 TO 6
478415240 TI 1
478416039 TO 1
511947559 TI 5
478434409 TO 6
478434651 TI 2
479086679 TO 2
511978273 TI 1
479105389 TO 1
479105631 TI 5
479106525 TO 5
512010273 TI 1
479124271 TO 6
479124513 TI 1
479125312 TO 1
512042273 TI 1
479146032 TO 6
479146274 TI 1
479147074 TO 1
512074273 TI 1
479178032 TO 6
479178274 TI 1
479179074 TO 1
512106273 TI 1
479210032 TO 6
479210274 TI 1
479211074 TO 1
512138273 TI 1
479242032 TO 6
479242274 TI 1
479243074 TO 1
512170273 TI 1
479274032 TO 6
479274274 TI 1
479275074 TO 1
512202273 TI 1
479306032 TO 6
479306274 TI 1
479307074 TO 1
512234273 TI 1
479338032 TO 6
479338274 TI 1
479339074 TO 1
512266463 TI 5
479370032 TO 6
479370274 TI 1
479371088 TO 1
512285702 TI 6
479402222 TO 6
479402464 TI 5
479403344 TO 5
512304490 TI 6
479421252 TO 1
479421702 TI 6
479434032 TO 6
512331523 TI 6
479451700 TO 1
479452150 TI 6
479466032 TO 6
512363523 TI 6
479483700 TO 1
479484150 TI 6
479498032 TO 6
512395523 TI 6
479515700 TO 1
479516150 TI 6
479530032 TO 6
512427523 TI 6
479547700 TO 1
479548150 TI 6
479562032 TO 6
512459523 TI 6
479579700 TO 1
479580150 TI 6
479594032 TO 6
512491523 TI 6
479611700 TO 1
479612150 TI 6
479626032 TO 6
512523523 TI 6
479643700 TO 1
479644150 TI 6
479658032 TO 6
512555537 TI 6
479675700 TO 1
479676150 TI 6
479690032 TO 6
512587585 TI 1
479707714 TO 1
479708164 TI 6
479722222 TO 6
512618273 TI 1
479739970 TO 5
479740212 TI 1
479741252 TO 1
512650273 TI 1
479758998 TO 6
479759240 TI 1
479760039 TO 1
512682273 TI 1
479786032 TO 6
479786274 TI 1
479787074 TO 1
512714273 TI 1
479818032 TO 6
479818274 TI 1
479819074 TO 1
512746273 TI 1
479850032 TO 6
479850274 TI 1
479851074 TO 1
512778273 TI 1
479882032 TO 6
479882274 TI 1
479883074 TO 1
512810273 TI 1
479914032 TO 6
479914274 TI 1
479915074 TO 1
512842273 TI 1
479946032 TO 6
479946274 TI 1
479947074 TO 1
512874273 TI 1
479978032 TO 6
479978274 TI 1
479979074 TO 1
512906463 TI 5
480010032 TO 6
480010274 TI 1
480011088 TO 1
512925702 TI 6
480042222 TO 6
480042464 TI 5
480043344 TO 5
512944490 TI 6
480061252 TO 1
480061702 TI 6
480074032 TO 6
512971523 TI 6
480091700 TO 1
480092150 TI 6
480106032 TO 6
513003523 TI 6
480123700 TO 1
480124150 TI 6
480138032 TO 6
513035523 TI 6
480155700 TO 1
480156150 TI 6
480170032 TO 6
513067523 TI 6
480187700 TO 1
480188150 TI 6
480202032 TO 6
513099523 TI 6
480219700 TO 1
480220150 TI 6
480234032 TO 6
513131523 TI 6
480251700 TO 1
480252150 TI 6
480266032 TO 6
513163523 TI 6
480283700 TO 1
480284150 TI 6
480298032 TO 6
513195537 TI 6
480315700 TO 1
480316150 TI 6
480330032 TO 6
513227585 TI 1
480347714 TO 1
480348164 TI 6
480362222 TO 6
513258273 TI 1
480379970 TO 5
480380212 TI 1
480381252 TO 1
513290273 TI 1
480398998 TO 6
480399240 TI 1
480400039 TO 1
513322273 TI 1
480426032 TO 6
480426274 TI 1
480427074 TO 1
513354273 TI 1
480458032 TO 6
480458274 TI 1
480459074 TO 1
513386273 TI 1
480490032 TO 6
480490274 TI 1
480491074 TO 1
513418273 TI 1
480522032 TO 6
480522274 TI 1
480523074 TO 1
513450273 TI 1
480554032 TO 6
480554274 TI 1
480555074 TO 1
513482273 TI 1
480586032 TO 6
480586274 TI 1
480587074 TO 1
513514273 TI 1
480618032 TO 6
480618274 TI 1
480619074 TO 1
513546463 TI 5
480650032 TO 6
480650274 TI 1
480651088 TO 1
513565702 TI 6
480682222 TO 6
480682464 TI 5
480683344 TO 5
513584490 TI 6
480701510 TO 1
480701752 TI 3
481625399 TO 3
513611523 TI 6
482294786 TO 2
482295236 TI 3
482673686 TO 3
514282559 TI 1
484825405 TO 4
484825647 TI 2
485477023 TO 2
515602358 TI 5
485495597 TO 4
485495839 TI 3
486796618 TO 3
515621600 TI 6
487928432 TO 4
487929082 TI 5
487929962 TO 5
516825640 TI 2
487948060 TO 1
487948510 TI 6
487978032 TO 6
519092031 TI 3
487995700 TO 1
487996150 TI 6
488010032 TO 6
520677452 TI 3
488028194 TO 1
488028436 TI 2
488680045 TO 2
521548873 TI 1
488698158 TO 5
488698400 TI 1
488699199 TO 1
521568126 TI 6
488716741 TO 5
488716989 TI 1
488718028 TO 1
521586914 TI 6
488736030 TO 5
488736480 TI 6
488746032 TO 6
521611523 TI 6
488763700 TO 1
488764150 TI 6
488778032 TO 6
521643523 TI 6
488795700 TO 1
488796150 TI 6
488810032 TO 6
521675523 TI 6
488827700 TO 1
488828150 TI 6
488842032 TO 6
521707523 TI 6
488859700 TO 1
488860150 TI 6
488874032 TO 6
521739523 TI 6
488891700 TO 1
488892150 TI 6
488906032 TO 6
521771523 TI 6
488923700 TO 1
488924150 TI 6
488938032 TO 6
521803523 TI 6
488955700 TO 1
488956150 TI 6
488970032 TO 6
521835537 TI 6
488987700 TO 1
488988150 TI 6
489002032 TO 6
521867585 TI 1
489019714 TO 1
489020164 TI 6
489034222 TO 6
521898273 TI 1
489051970 TO 5
489052212 TI 1
489053252 TO 1
521930273 TI 1
489070998 TO 6
489071240 TI 1
489072039 TO 1
521962273 TI 1
489098032 TO 6
489098274 TI 1
489099074 TO 1
521994273 TI 1
489130032 TO 6
489130274 TI 1
489131074 TO 1
522026273 TI 1
489162032 TO 6
489162274 TI 1
489163074 TO 1
522058273 TI 1
489194032 TO 6
489194274 TI 1
489195074 TO 1
522090273 TI 1
489226032 TO 6
489226274 TI 1
489227074 TO 1
522122273 TI 1
489258032 TO 6
489258274 TI 1
489259074 TO 1
522154273 TI 1
489290032 TO 6
489290274 TI 1
489291074 TO 1
522186463 TI 5
489322032 TO 6
489322274 TI 1
489323088 TO 1
522205702 TI 6
489354222 TO 6
489354464 TI 5
489355344 TO 5
522224490 TI 6
489373252 TO 1
489373702 TI 6
489386032 TO 6
522251523 TI 6
489403700 TO 1
489404150 TI 6
489418032 TO 6
522283523 TI 6
489435700 TO 1
489436150 TI 6
489450032 TO 6
522315523 TI 6
489467700 TO 1
489468150 TI 6
489482032 TO 6
522347523 TI 6
489499700 TO 1
489500150 TI 6
489514032 TO 6
522379523 TI 6
489531700 TO 1
489532150 TI 6
489546032 TO 6
522411523 TI 6
489563700 TO 1
489564150 TI 6
489578032 TO 6
522443523 TI 6
489595700 TO 1
489596150 TI 6
489610032 TO 6
522475537 TI 6
489627700 TO 1
489628150 TI 6
489642032 TO 6
522507585 TI 1
489659714 TO 1
489660164 TI 6
489674222 TO 6
522538273 TI 1
489705802 TO 5
489706044 TI 1
489706844 TO 1
522570273 TI 1
489710782 TO 5
489731103 TI 6
489738032 TO 6
522602273 TI 1
489755701 TO 1
489756151 TI 6
489770032 TO 6
522634273 TI 1
489787701 TO 1
489788151 TI 6
489802032 TO 6
522666273 TI 1
489819701 TO 1
489820151 TI 6
489834032 TO 6
522698273 TI 1
489851701 TO 1
489852151 TI 6
489866032 TO 6
522730273 TI 1
489883699 TO 1
489884149 TI 6
489898032 TO 6
522762273 TI 1
489915701 TO 1
489916151 TI 6
489930032 TO 6
522794273 TI 1
489947701 TO 1
489948151 TI 6
489962032 TO 6
522826463 TI 5
489979701 TO 1
489980151 TI 6
489994032 TO 6
522845702 TI 6
490011715 TO 1
490012165 TI 6
490026222 TO 6
522864490 TI 6
490043971 TO 5
490044213 TI 1
490045253 TO 1
522891523 TI 6
490063000 TO 6
490063242 TI 1
490064041 TO 1
522923523 TI 6
490090032 TO 6
490090274 TI 1
490091074 TO 1
522955523 TI 6
490122032 TO 6
490122274 TI 1
490123074 TO 1
522987523 TI 6
490154032 TO 6
490154274 TI 1
490155074 TO 1
523019523 TI 6
490186032 TO 6
490186274 TI 1
490187074 TO 1
523051523 TI 6
490218032 TO 6
490218274 TI 1
490219074 TO 1
523083523 TI 6
490250032 TO 6
490250274 TI 1
490251074 TO 1
523115537 TI 6
490282032 TO 6
490282274 TI 1
490283074 TO 1
523147585 TI 1
490301449 TO 6
490301691 TI 3
491225399 TO 3
523178273 TI 1
491893808 TO 2
491894258 TI 3
492272885 TO 3
523210273 TI 1
492291396 TO 1
492291638 TI 5
492292532 TO 5
523881088 TI 5
492310279 TO 6
492310521 TI 1
492311320 TO 1
525200892 TI 1
492330032 TO 6
492330274 TI 1
492331074 TO 1
525220151 TI 6
492362032 TO 6
492362274 TI 1
492363074 TO 1
525238939 TI 6
492394032 TO 6
492394274 TI 1
492395074 TO 1
525259523 TI 6
492426032 TO 6
492426274 TI 1
492427074 TO 1
525291523 TI 6
492458032 TO 6
492458274 TI 1
492459074 TO 1
525323523 TI 6
492490032 TO 6
492490274 TI 1
492491074 TO 1
525355523 TI 6
492522032 TO 6
492522274 TI 1
492523074 TO 1
525387523 TI 6
492554032 TO 6
492554274 TI 1
492555088 TO 1
525419523 TI 6
492586222 TO 6
492586464 TI 5
492587344 TO 5
525451523 TI 6
492605253 TO 1
492605703 TI 6
492618032 TO 6
525483537 TI 6
492635701 TO 1
492636151 TI 6
492650032 TO 6
525515585 TI 1
492667701 TO 1
492668151 TI 6
492682032 TO 6
525546273 TI 1
492699701 TO 1
492700151 TI 6
492714032 TO 6
525578273 TI 1
492731701 TO 1
492732151 TI 6
492746032 TO 6
525610273 TI 1
492763701 TO 1
492764151 TI 6
492778032 TO 6
525642273 TI 1
492795701 TO 1
492796151 TI 6
492810032 TO 6
525674273 TI 1
492827701 TO 1
492828151 TI 6
492842032 TO 6
525706273 TI 1
492859701 TO 1
492860151 TI 6
492874032 TO 6
525738273 TI 1
492891715 TO 1
492892165 TI 6
492906222 TO 6
525770273 TI 1
492923971 TO 5
492924213 TI 1
492925253 TO 1
525802273 TI 1
492943000 TO 6
492943242 TI 1
492944041 TO 1
525834463 TI 5
492970032 TO 6
492970274 TI 1
492971074 TO 1
525853702 TI 6
493002032 TO 6
493002274 TI 1
493003074 TO 1
525872490 TI 6
493034032 TO 6
493034274 TI 1
493035074 TO 1
525899523 TI 6
493066032 TO 6
493066274 TI 1
493067074 TO 1
525931523 TI 6
493098032 TO 6
493098274 TI 1
493099074 TO 1
525963523 TI 6
493130032 TO 6
493130274 TI 1
493131074 TO 1
525995523 TI 6
493162032 TO 6
493162274 TI 1
493163074 TO 1
526027523 TI 6
493194032 TO 6
493194274 TI 1
493195088 TO 1
526059523 TI 6
493223973 TO 6
493224215 TI 4
494425399 TO 4
526091523 TI 6
495094813 TO 2
495095257 TI 3
496395849 TO 3
526123537 TI 6
497625399 TO 4
497625641 TI 2
498277017 TO 2
526155585 TI 1
499131662 TO 4
499132306 TI 5
499133426 TO 5
526186273 TI 1
499151285 TO 1
499151735 TI 6
499178032 TO 6
526218273 TI 1
499195701 TO 1
499196151 TI 6
499210032 TO 6
526250273 TI 1
499227701 TO 1
499228151 TI 6
499242032 TO 6
526282273 TI 1
499259701 TO 1
499260151 TI 6
499274032 TO 6
526314273 TI 1
499291701 TO 1
499292151 TI 6
499306032 TO 6
526346273 TI 1
499323701 TO 1
499324151 TI 6
499338032 TO 6
526378273 TI 1
499355701 TO 1
499356151 TI 6
499370032 TO 6
526410273 TI 1
499387701 TO 1
499388151 TI 6
499402032 TO 6
527081662 TI 4
499419715 TO 1
499420165 TI 6
499434222 TO 6
529625640 TI 2
499451971 TO 5
499452213 TI 1
499453253 TO 1
530663013 TI 4
499471000 TO 6
499471242 TI 1
499472041 TO 1
532337698 TI 1
499498032 TO 6
499498274 TI 1
499499074 TO 1
532362273 TI 1
499530032 TO 6
499530274 TI 1
499531074 TO 1
532394273 TI 1
499562032 TO 6
499562274 TI 1
499563074 TO 1
532426273 TI 1
499594032 TO 6
499594274 TI 1
499595074 TO 1
532458273 TI 1
499626032 TO 6
499626274 TI 1
499627074 TO 1
532490273 TI 1
499658032 TO 6
499658274 TI 1
499659074 TO 1
532522273 TI 1
499690032 TO 6
499690274 TI 1
499691074 TO 1
532554273 TI 1
499722032 TO 6
499722274 TI 1
499723088 TO 1
532586273 TI 1
499754222 TO 6
499754464 TI 5
499755344 TO 5
532618273 TI 1
499773253 TO 1
499773703 TI 6
499786032 TO 6
532650463 TI 5
499803701 TO 1
499804151 TI 6
499818032 TO 6
532669702 TI 6
499835701 TO 1
499836151 TI 6
499850032 TO 6
532688490 TI 6
499867701 TO 1
499868151 TI 6
499882032 TO 6
532715523 TI 6
499900199 TO 1
499900441 TI 3
500825399 TO 3
532747523 TI 6
501493808 TO 2
501494258 TI 3
501871410 TO 3
532779523 TI 6
501890007 TO 5
501890249 TI 1
501891046 TO 1
532811523 TI 6
501908793 TO 6
501909035 TI 1
501909834 TO 1
533482560 TI 1
501930032 TO 6
501930274 TI 1
501931074 TO 1
534802354 TI 5
501962032 TO 6
501962274 TI 1
501963074 TO 1
534821596 TI 6
501994032 TO 6
501994274 TI 1
501995074 TO 1
534840384 TI 6
502026032 TO 6
502026274 TI 1
502027074 TO 1
534859523 TI 6
502058032 TO 6
502058274 TI 1
502059074 TO 1
534891523 TI 6
502090032 TO 6
502090274 TI 1
502091074 TO 1
534923523 TI 6
502122032 TO 6
502122274 TI 1
502123074 TO 1
534955523 TI 6
502154032 TO 6
502154274 TI 1
502155088 TO 1
534987523 TI 6
502186222 TO 6
502186464 TI 5
502187344 TO 5
535019523 TI 6
502205253 TO 1
502205703 TI 6
502218032 TO 6
535051523 TI 6
502235701 TO 1
502236151 TI 6
502250032 TO 6
535083537 TI 6
502267701 TO 1
502268151 TI 6
502282032 TO 6
535115585 TI 1
502299701 TO 1
502300151 TI 6
502314032 TO 6
535146273 TI 1
502331701 TO 1
502332151 TI 6
502346032 TO 6
535178273 TI 1
502363701 TO 1
502364151 TI 6
502378032 TO 6
535210273 TI 1
502395701 TO 1
502396151 TI 6
502410032 TO 6
535242273 TI 1
502427701 TO 1
502428151 TI 6
502442032 TO 6
535274273 TI 1
502459701 TO 1
502460151 TI 6
502474032 TO 6
535306273 TI 1
502491715 TO 1
502492165 TI 6
502506222 TO 6
535338273 TI 1
502523971 TO 5
502524213 TI 1
502525253 TO 1
535370273 TI 1
502543000 TO 6
502543242 TI 1
502544041 TO 1
535402273 TI 1
502570032 TO 6
502570274 TI 1
502571074 TO 1
535434463 TI 5
502602032 TO 6
502602274 TI 1
502603074 TO 1
535453702 TI 6
502634032 TO 6
502634274 TI 1
502635074 TO 1
535472490 TI 6
502666032 TO 6
502666274 TI 1
502667074 TO 1
535499523 TI 6
502698032 TO 6
502698274 TI 1
502699074 TO 1
535531523 TI 6
502730032 TO 6
502730274 TI 1
502731074 TO 1
535563523 TI 6
502762032 TO 6
502762274 TI 1
502763074 TO 1
535595523 TI 6
502794032 TO 6
502794274 TI 1
502795088 TO 1
535627523 TI 6
502826222 TO 6
502826464 TI 5
502827344 TO 5
535659523 TI 6
502845253 TO 1
502845703 TI 6
502858032 TO 6
535691523 TI 6
502875701 TO 1
502876151 TI 6
502890032 TO 6
535723537 TI 6
502907701 TO 1
502908151 TI 6
502922032 TO 6
535755585 TI 1
502939701 TO 1
502940151 TI 6
502954032 TO 6
535786273 TI 1
502971701 TO 1
502972151 TI 6
502986032 TO 6
535818273 TI 1
503003701 TO 1
503004151 TI 6
503018032 TO 6
535850273 TI 1
503035701 TO 1
503036151 TI 6
503050032 TO 6
535882273 TI 1
503067701 TO 1
503068151 TI 6
503082032 TO 6
535914273 TI 1
503099701 TO 1
503100151 TI 6
503114032 TO 6
535946273 TI 1
503131715 TO 1
503132165 TI 6
503146222 TO 6
535978273 TI 1
503163971 TO 5
503164213 TI 1
503165253 TO 1
536010273 TI 1
503183000 TO 6
503183242 TI 1
503184041 TO 1
536681096 TI 5
503210032 TO 6
503210274 TI 1
503211074 TO 1
536699451 TI 5
503242032 TO 6
503242274 TI 1
503243074 TO 1
536718275 TI 5
503274032 TO 6
503274274 TI 1
503275074 TO 1
536746273 TI 1
503306032 TO 6
503306274 TI 1
503307074 TO 1
536778273 TI 1
503338032 TO 6
503338274 TI 1
503339074 TO 1
536810273 TI 1
503370032 TO 6
503370274 TI 1
503371074 TO 1
536842273 TI 1
503402032 TO 6
503402274 TI 1
503403074 TO 1
536874273 TI 1
503434032 TO 6
503434274 TI 1
503435088 TO 1
536906273 TI 1
503466222 TO 6
503466464 TI 5
503467344 TO 5
536938273 TI 1
503485253 TO 1
503485703 TI 6
503498032 TO 6
536970273 TI 1
503515701 TO 1
503516151 TI 6
503530032 TO 6
537002273 TI 1
503547701 TO 1
503548151 TI 6
503562032 TO 6
537034463 TI 5
503579701 TO 1
503580151 TI 6
503594032 TO 6
537053702 TI 6
503611701 TO 1
503612151 TI 6
503626032 TO 6
537072490 TI 6
503643701 TO 1
503644151 TI 6
503658032 TO 6
537099523 TI 6
503675701 TO 1
503676151 TI 6
503690032 TO 6
537131523 TI 6
503707701 TO 1
503708151 TI 6
503722032 TO 6
537163523 TI 6
503739701 TO 1
503740151 TI 6
503754032 TO 6
537195523 TI 6
503771715 TO 1
503772165 TI 6
503786222 TO 6
537227523 TI 6
503803971 TO 5
503804213 TI 1
503805253 TO 1
537259523 TI 6
503823000 TO 6
503823242 TI 1
503824041 TO 1
537291523 TI 6
503850032 TO 6
503850274 TI 1
503851074 TO 1
537323537 TI 6
503882032 TO 6
503882274 TI 1
503883074 TO 1
537355585 TI 1
503914032 TO 6
503914274 TI 1
503915074 TO 1
537386273 TI 1
503946032 TO 6
503946274 TI 1
503947074 TO 1
537418273 TI 1
503978032 TO 6
503978274 TI 1
503979074 TO 1
537450273 TI 1
504010032 TO 6
504010274 TI 1
504011074 TO 1
537482273 TI 1
504029445 TO 6
504029687 TI 2
504682766 TO 2
537514273 TI 1
504701335 TO 4
504701577 TI 3
506002157 TO 3
537546273 TI 1
507225399 TO 4
507225641 TI 2
507877017 TO 2
537578273 TI 1
509491796 TO 4
509492038 TI 3
510425399 TO 3
537610273 TI 1
511093794 TO 2
511094244 TI 3
511462569 TO 3
537642273 TI 1
511927050 TO 4
511927694 TI 1
511928494 TO 1
537674463 TI 5
511946031 TO 5
511946279 TI 1
511947318 TO 1
537693702 TI 6
511965321 TO 5
511965771 TI 6
511978032 TO 6
537712490 TI 6
511995701 TO 1
511996151 TI 6
512010032 TO 6
537739523 TI 6
512027701 TO 1
512028151 TI 6
512042032 TO 6
537771523 TI 6
512059701 TO 1
512060151 TI 6
512074032 TO 6
537803523 TI 6
512091701 TO 1
512092151 TI 6
512106032 TO 6
537835523 TI 6
512123701 TO 1
512124151 TI 6
512138032 TO 6
537867523 TI 6
512155701 TO 1
512156151 TI 6
512170032 TO 6
537899523 TI 6
512187701 TO 1
512188151 TI 6
512202032 TO 6
537931523 TI 6
512219701 TO 1
512220151 TI 6
512234032 TO 6
537963537 TI 6
512251715 TO 1
512252165 TI 6
512266222 TO 6
537995585 TI 1
512283971 TO 5
512284213 TI 1
512285253 TO 1
538024241 TI 4
512303000 TO 6
512303242 TI 1
512304041 TO 1
539225640 TI 2
512330032 TO 6
512330274 TI 1
512331074 TO 1
540263244 TI 4
512362032 TO 6
512362274 TI 1
512363074 TO 1
543077666 TI 4
512394032 TO 6
512394274 TI 1
512395074 TO 1
544397061 TI 4
512426032 TO 6
512426274 TI 1
512427074 TO 1
545270214 TI 5
512458032 TO 6
512458274 TI 1
512459074 TO 1
545290273 TI 1
512490032 TO 6
512490274 TI 1
512491074 TO 1
545322273 TI 1
512522032 TO 6
512522274 TI 1
512523074 TO 1
545354273 TI 1
512554032 TO 6
512554274 TI 1
512555088 TO 1
545386273 TI 1
512586222 TO 6
512586464 TI 5
512587344 TO 5
545418273 TI 1
512605253 TO 1
512605703 TI 6
512618032 TO 6
545450273 TI 1
512635701 TO 1
512636151 TI 6
512650032 TO 6
545482273 TI 1
512667701 TO 1
512668151 TI 6
512682032 TO 6
545514273 TI 1
512699701 TO 1
512700151 TI 6
512714032 TO 6
545546273 TI 1
512731701 TO 1
512732151 TI 6
512746032 TO 6
545578463 TI 5
512763701 TO 1
512764151 TI 6
512778032 TO 6
545597702 TI 6
512795701 TO 1
512796151 TI 6
512810032 TO 6
545616490 TI 6
512827701 TO 1
512828151 TI 6
512842032 TO 6
546287725 TI 1
512859701 TO 1
512860151 TI 6
512874032 TO 6
546306978 TI 6
512891715 TO 1
512892165 TI 6
512906222 TO 6
546325766 TI 6
512923971 TO 5
512924213 TI 1
512925253 TO 1
546347523 TI 6
512943000 TO 6
512943242 TI 1
512944041 TO 1
546379523 TI 6
512970032 TO 6
512970274 TI 1
512971074 TO 1
546411523 TI 6
513002032 TO 6
513002274 TI 1
513003074 TO 1
546443523 TI 6
513034032 TO 6
513034274 TI 1
513035074 TO 1
546475523 TI 6
513066032 TO 6
513066274 TI 1
513067074 TO 1
546507523 TI 6
513098032 TO 6
513098274 TI 1
513099074 TO 1
546539523 TI 6
513130032 TO 6
513130274 TI 1
513131074 TO 1
546571537 TI 6
513162032 TO 6
513162274 TI 1
513163074 TO 1
546603585 TI 1
513194032 TO 6
513194274 TI 1
513195088 TO 1
546634273 TI 1
513226222 TO 6
513226464 TI 5
513227344 TO 5
546666273 TI 1
513245253 TO 1
513245703 TI 6
513258032 TO 6
546698273 TI 1
513275701 TO 1
513276151 TI 6
513290032 TO 6
546730273 TI 1
513307701 TO 1
513308151 TI 6
513322032 TO 6
546762273 TI 1
513339701 TO 1
513340151 TI 6
513354032 TO 6
546794273 TI 1
513371701 TO 1
513372151 TI 6
513386032 TO 6
546826273 TI 1
513403701 TO 1
513404151 TI 6
513418032 TO 6
546858273 TI 1
513435701 TO 1
513436151 TI 6
513450032 TO 6
546890273 TI 1
513467701 TO 1
513468151 TI 6
513482032 TO 6
546922463 TI 5
513499701 TO 1
513500151 TI 6
513514032 TO 6
546941702 TI 6
513531715 TO 1
513532165 TI 6
513546222 TO 6
546960490 TI 6
513563971 TO 5
513564213 TI 1
513565253 TO 1
546987523 TI 6
513583000 TO 6
513583242 TI 1
513584041 TO 1
547019523 TI 6
513610032 TO 6
513610274 TI 1
513611074 TO 1
547051523 TI 6
513629445 TO 6
513629687 TI 2
514281516 TO 2
547083523 TI 6
514300485 TO 1
514300727 TI 3
515601515 TO 3
547115523 TI 6
515620106 TO 5
515620354 TI 1
515621151 TO 1
547147523 TI 6
515639524 TO 6
515639766 TI 4
516825399 TO 4
547179523 TI 6
517493808 TO 2
517494458 TI 4
519091790 TO 4
547211537 TI 6
520025399 TO 3
520025641 TI 2
520677003 TO 2
547243585 TI 1
521079404 TO 3
521079854 TI 4
521548230 TO 4
547274273 TI 1
521566541 TO 1
521566783 TI 5
521567677 TO 5
547306273 TI 1
521585424 TO 6
521585666 TI 1
521586465 TO 1
547338273 TI 1
521610032 TO 6
521610274 TI 1
521611074 TO 1
547370273 TI 1
521642032 TO 6
521642274 TI 1
521643074 TO 1
547402273 TI 1
521674032 TO 6
521674274 TI 1
521675074 TO 1
547434273 TI 1
521706032 TO 6
521706274 TI 1
521707074 TO 1
547466273 TI 1
521738032 TO 6
521738274 TI 1
521739074 TO 1
547498273 TI 1
521770032 TO 6
521770274 TI 1
521771074 TO 1
547530273 TI 1
521802032 TO 6
521802274 TI 1
521803074 TO 1
547562463 TI 5
521834032 TO 6
521834274 TI 1
521835088 TO 1
547581702 TI 6
521866222 TO 6
521866464 TI 5
521867344 TO 5
547600490 TI 6
521885253 TO 1
521885703 TI 6
521898032 TO 6
547627523 TI 6
521915701 TO 1
521916151 TI 6
521930032 TO 6
547659523 TI 6
521947701 TO 1
521948151 TI 6
521962032 TO 6
547691523 TI 6
521979701 TO 1
521980151 TI 6
521994032 TO 6
547723523 TI 6
522011701 TO 1
522012151 TI 6
522026032 TO 6
547755523 TI 6
522043701 TO 1
522044151 TI 6
522058032 TO 6
547787523 TI 6
522075701 TO 1
522076151 TI 6
522090032 TO 6
547819523 TI 6
522107701 TO 1
522108151 TI 6
522122032 TO 6
547851537 TI 6
522139701 TO 1
522140151 TI 6
522154032 TO 6
547892035 TI 3
548825399 TO 3
548826714 TI 2
549480128 TO 2
549481647 TI 3
549851930 TO 3
549853444 TI 4
552025399 TO 4
552026710 TI 2
552679144 TO 2
552680864 TI 4
552691794 TO 4
552693105 TI 3
553994814 TO 3
553996334 TI 4
555067063 TO 4
555068776 TI 1
555070877 TO 1
555072195 TI 5
555081205 TO 5
555101525 TI 6
555122055 TO 6
555142168 TI 1
555163259 TO 1
522315523 TI 6
555184249 TO 6
522346274 TI 1
522347074 TO 1
522347523 TI 6
555210032 TO 6
522378274 TI 1
522379074 TO 1
522379523 TI 6
555880039 TO 2
522410274 TI 1
522411074 TO 1
522411523 TI 6
555899193 TO 1
522442274 TI 1
522443074 TO 1
522443523 TI 6
555918022 TO 1
522474274 TI 1
522475088 TO 1
522475537 TI 6
555946032 TO 6
522506464 TI 5
522507344 TO 5
522507585 TI 1
555978032 TO 6
522525703 TI 6
522538032 TO 6
522538273 TI 1
556010032 TO 6
522556151 TI 6
522570032 TO 6
522570273 TI 1
556042032 TO 6
522588151 TI 6
522602032 TO 6
522602273 TI 1
556074032 TO 6
522620151 TI 6
522634032 TO 6
522634273 TI 1
556106032 TO 6
522652151 TI 6
522666032 TO 6
522666273 TI 1
556138032 TO 6
522684151 TI 6
522698032 TO 6
522698273 TI 1
556170032 TO 6
522716151 TI 6
522730032 TO 6
522730273 TI 1
556202032 TO 6
522748151 TI 6
522762032 TO 6
522762273 TI 1
556234222 TO 6
522780151 TI 6
522794032 TO 6
522794273 TI 1
556253252 TO 1
522812165 TI 6
522826222 TO 6
522826463 TI 5
556272039 TO 1
522844213 TI 1
522845253 TO 1
522845702 TI 6
556299072 TO 1
522863242 TI 1
522864041 TO 1
522864490 TI 6
556331072 TO 1
522890274 TI 1
522891074 TO 1
522891523 TI 6
556363072 TO 1
522922274 TI 1
522923074 TO 1
522923523 TI 6
556395072 TO 1
522954274 TI 1
522955074 TO 1
522955523 TI 6
556427072 TO 1
522986274 TI 1
522987074 TO 1
522987523 TI 6
556459072 TO 1
523018274 TI 1
523019074 TO 1
523019523 TI 6
556491072 TO 1
523050274 TI 1
523051074 TO 1
523051523 TI 6
556523086 TO 1
523082274 TI 1
523083074 TO 1
523083523 TI 6
556555342 TO 5
523114274 TI 1
523115088 TO 1
523115537 TI 6
556586032 TO 6
523146464 TI 5
523147344 TO 5
523147585 TI 1
556618032 TO 6
523165703 TI 6
523178032 TO 6
523178273 TI 1
556650032 TO 6
523196151 TI 6
523210032 TO 6
523210273 TI 1
556682032 TO 6
523228437 TI 2
523880039 TO 2
523881088 TI 5
556714032 TO 6
523899256 TI 3
525200049 TO 3
525200892 TI 1
556746032 TO 6
525218808 TI 5
525219702 TO 5
525220151 TI 6
556778032 TO 6
525237691 TI 1
525238490 TO 1
525238939 TI 6
556810032 TO 6
525258274 TI 1
525259074 TO 1
525259523 TI 6
556842032 TO 6
525290274 TI 1
525291074 TO 1
525291523 TI 6
556874222 TO 6
525322274 TI 1
525323074 TO 1
525323523 TI 6
556893252 TO 1
525354274 TI 1
525355074 TO 1
525355523 TI 6
556912039 TO 1
525386274 TI 1
525387074 TO 1
525387523 TI 6
556939072 TO 1
525418274 TI 1
525419074 TO 1
525419523 TI 6
556971072 TO 1
525450274 TI 1
525451074 TO 1
525451523 TI 6
557003072 TO 1
525482274 TI 1
525483088 TO 1
525483537 TI 6
557035072 TO 1
525514464 TI 5
525515344 TO 5
525515585 TI 1
557067072 TO 1
525533703 TI 6
525546032 TO 6
525546273 TI 1
557099072 TO 1
525564151 TI 6
525578032 TO 6
525578273 TI 1
557131072 TO 1
525596151 TI 6
525610032 TO 6
525610273 TI 1
557163086 TO 1
525628151 TI 6
525642032 TO 6
525642273 TI 1
557195342 TO 5
525660151 TI 6
525674032 TO 6
525674273 TI 1
557226032 TO 6
525692151 TI 6
525706032 TO 6
525706273 TI 1
557258032 TO 6
525724151 TI 6
525738032 TO 6
525738273 TI 1
557290032 TO 6
525756151 TI 6
525770032 TO 6
525770273 TI 1
557322032 TO 6
525788151 TI 6
525802032 TO 6
525802273 TI 1
557354032 TO 6
525820165 TI 6
525834222 TO 6
525834463 TI 5
557386032 TO 6
525852213 TI 1
525853253 TO 1
525853702 TI 6
557418032 TO 6
525871242 TI 1
525872041 TO 1
525872490 TI 6
557450032 TO 6
525898274 TI 1
525899074 TO 1
525899523 TI 6
557482032 TO 6
525930274 TI 1
525931074 TO 1
525931523 TI 6
558425399 TO 3
525962274 TI 1
525963074 TO 1
525963523 TI 6
559471409 TO 3
525994274 TI 1
525995074 TO 1
525995523 TI 6
559491044 TO 1
526026274 TI 1
526027074 TO 1
526027523 TI 6
559509831 TO 1
526058274 TI 1
526059074 TO 1
526059523 TI 6
559531072 TO 1
526090274 TI 1
526091074 TO 1
526091523 TI 6
559563072 TO 1
526122274 TI 1
526123088 TO 1
526123537 TI 6
559595072 TO 1
526154464 TI 5
526155344 TO 5
526155585 TI 1
559627072 TO 1
526173703 TI 6
526186032 TO 6
526186273 TI 1
559659072 TO 1
526204151 TI 6
526218032 TO 6
526218273 TI 1
559691072 TO 1
526236151 TI 6
526250032 TO 6
526250273 TI 1
559723072 TO 1
526268151 TI 6
526282032 TO 6
526282273 TI 1
559755086 TO 1
526300151 TI 6
526314032 TO 6
526314273 TI 1
559787342 TO 5
526332151 TI 6
526346032 TO 6
526346273 TI 1
559818032 TO 6
526364151 TI 6
526378032 TO 6
526378273 TI 1
559850032 TO 6
526396151 TI 6
526410032 TO 6
526410273 TI 1
559882032 TO 6
526428437 TI 2
527081019 TO 2
527081662 TI 4
559914032 TO 6
528692032 TI 3
529625399 TO 3
529625640 TI 2
559946032 TO 6
530294244 TI 3
530662564 TO 3
530663013 TI 4
559978032 TO 6
532336577 TI 5
532337457 TO 5
532337698 TI 1
560010032 TO 6
532355816 TI 6
532362032 TO 6
532362273 TI 1
560042032 TO 6
532380151 TI 6
532394032 TO 6
532394273 TI 1
560074032 TO 6
532412151 TI 6
532426032 TO 6
532426273 TI 1
560106222 TO 6
532444151 TI 6
532458032 TO 6
532458273 TI 1
560125252 TO 1
532476151 TI 6
532490032 TO 6
532490273 TI 1
560144039 TO 1
532508151 TI 6
532522032 TO 6
532522273 TI 1
560171072 TO 1
532540151 TI 6
532554032 TO 6
532554273 TI 1
560203072 TO 1
532572151 TI 6
532586032 TO 6
532586273 TI 1
560235072 TO 1
532604151 TI 6
532618032 TO 6
532618273 TI 1
560267072 TO 1
532636165 TI 6
532650222 TO 6
532650463 TI 5
560299072 TO 1
532668213 TI 1
532669253 TO 1
532669702 TI 6
560331072 TO 1
532687242 TI 1
532688041 TO 1
532688490 TI 6
560363072 TO 1
532714274 TI 1
532715074 TO 1
532715523 TI 6
560395086 TO 1
532746274 TI 1
532747074 TO 1
532747523 TI 6
561625399 TO 4
532778274 TI 1
532779074 TO 1
532779523 TI 6
563595846 TO 3
532810274 TI 1
532811074 TO 1
532811523 TI 6
565477016 TO 2
532829687 TI 2
533481517 TO 2
533482560 TI 1
566333427 TO 5
533500728 TI 3
534801511 TO 3
534802354 TI 5
566378032 TO 6
534820350 TI 1
534821147 TO 1
534821596 TI 6
566410032 TO 6
534839136 TI 1
534839935 TO 1
534840384 TI 6
566442032 TO 6
534858274 TI 1
534859074 TO 1
534859523 TI 6
566474032 TO 6
534890274 TI 1
534891074 TO 1
534891523 TI 6
566506032 TO 6
534922274 TI 1
534923074 TO 1
534923523 TI 6
566538032 TO 6
534954274 TI 1
534955074 TO 1
534955523 TI 6
566570032 TO 6
534986274 TI 1
534987074 TO 1
534987523 TI 6
566602032 TO 6
535018274 TI 1
535019074 TO 1
535019523 TI 6
566634222 TO 6
535050274 TI 1
535051074 TO 1
535051523 TI 6
566653252 TO 1
535082274 TI 1
535083088 TO 1
535083537 TI 6
566672039 TO 1
535114464 TI 5
535115344 TO 5
535115585 TI 1
566699072 TO 1
535133703 TI 6
535146032 TO 6
535146273 TI 1
566731072 TO 1
535164151 TI 6
535178032 TO 6
535178273 TI 1
566763072 TO 1
535196151 TI 6
535210032 TO 6
535210273 TI 1
566795072 TO 1
535228151 TI 6
535242032 TO 6
535242273 TI 1
566827072 TO 1
535260151 TI 6
535274032 TO 6
535274273 TI 1
566859072 TO 1
535292151 TI 6
535306032 TO 6
535306273 TI 1
566891072 TO 1
535324151 TI 6
535338032 TO 6
535338273 TI 1
566923086 TO 1
535356151 TI 6
535370032 TO 6
535370273 TI 1
566955342 TO 5
535388151 TI 6
535402032 TO 6
535402273 TI 1
566986032 TO 6
535420165 TI 6
535434222 TO 6
535434463 TI 5
567018032 TO 6
535452213 TI 1
535453253 TO 1
535453702 TI 6
567050032 TO 6
535471242 TI 1
535472041 TO 1
535472490 TI 6
567082032 TO 6
535498274 TI 1
535499074 TO 1
535499523 TI 6
568025399 TO 3
535530274 TI 1
535531074 TO 1
535531523 TI 6
569071409 TO 3
535562274 TI 1
535563074 TO 1
535563523 TI 6
569091044 TO 1
535594274 TI 1
535595074 TO 1
535595523 TI 6
569109831 TO 1
535626274 TI 1
535627074 TO 1
535627523 TI 6
569131072 TO 1
535658274 TI 1
535659074 TO 1
535659523 TI 6
569163072 TO 1
535690274 TI 1
535691074 TO 1
535691523 TI 6
569195072 TO 1
535722274 TI 1
535723088 TO 1
535723537 TI 6
569227072 TO 1
535754464 TI 5
535755344 TO 5
535755585 TI 1
569259072 TO 1
535773703 TI 6
535786032 TO 6
535786273 TI 1
569291072 TO 1
535804151 TI 6
535818032 TO 6
535818273 TI 1
569323072 TO 1
535836151 TI 6
535850032 TO 6
535850273 TI 1
569355086 TO 1
535868151 TI 6
535882032 TO 6
535882273 TI 1
569387342 TO 5
535900151 TI 6
535914032 TO 6
535914273 TI 1
569418032 TO 6
535932151 TI 6
535946032 TO 6
535946273 TI 1
569450032 TO 6
535964151 TI 6
535978032 TO 6
535978273 TI 1
569482032 TO 6
535996151 TI 6
536010032 TO 6
536010273 TI 1
569514032 TO 6
536028443 TI 2
536680047 TO 2
536681096 TI 5
569546032 TO 6
536698405 TI 1
536699204 TO 1
536699451 TI 5
569578032 TO 6
536716995 TI 1
536718034 TO 1
536718275 TI 5
569610032 TO 6
536736487 TI 6
536746032 TO 6
536746273 TI 1
569642032 TO 6
536764151 TI 6
536778032 TO 6
536778273 TI 1
569674032 TO 6
536796151 TI 6
536810032 TO 6
536810273 TI 1
569706222 TO 6
536828151 TI 6
536842032 TO 6
536842273 TI 1
569725252 TO 1
536860151 TI 6
536874032 TO 6
536874273 TI 1
569744039 TO 1
536892151 TI 6
536906032 TO 6
536906273 TI 1
569771072 TO 1
536924151 TI 6
536938032 TO 6
536938273 TI 1
569803072 TO 1
536956151 TI 6
536970032 TO 6
536970273 TI 1
569835072 TO 1
536988151 TI 6
537002032 TO 6
537002273 TI 1
569867072 TO 1
537020165 TI 6
537034222 TO 6
537034463 TI 5
569899072 TO 1
537052213 TI 1
537053253 TO 1
537053702 TI 6
569931072 TO 1
537071242 TI 1
537072041 TO 1
537072490 TI 6
569963072 TO 1
537098274 TI 1
537099074 TO 1
537099523 TI 6
569995086 TO 1
537130274 TI 1
537131074 TO 1
537131523 TI 6
570027342 TO 5
537162274 TI 1
537163074 TO 1
537163523 TI 6
570058032 TO 6
537194274 TI 1
537195074 TO 1
537195523 TI 6
570090032 TO 6
537226274 TI 1
537227074 TO 1
537227523 TI 6
570122032 TO 6
537258274 TI 1
537259074 TO 1
537259523 TI 6
570154032 TO 6
537290274 TI 1
537291074 TO 1
537291523 TI 6
570186032 TO 6
537322274 TI 1
537323088 TO 1
537323537 TI 6
570218032 TO 6
537354464 TI 5
537355344 TO 5
537355585 TI 1
570250032 TO 6
537373703 TI 6
537386032 TO 6
537386273 TI 1
570282032 TO 6
537404151 TI 6
537418032 TO 6
537418273 TI 1
570314032 TO 6
537436151 TI 6
537450032 TO 6
537450273 TI 1
570346222 TO 6
537468151 TI 6
537482032 TO 6
537482273 TI 1
570365252 TO 1
537500151 TI 6
537514032 TO 6
537514273 TI 1
570384039 TO 1
537532151 TI 6
537546032 TO 6
537546273 TI 1
570411072 TO 1
537564151 TI 6
537578032 TO 6
537578273 TI 1
570443072 TO 1
537596151 TI 6
537610032 TO 6
537610273 TI 1
570475072 TO 1
537628151 TI 6
537642032 TO 6
537642273 TI 1
570507072 TO 1
537660165 TI 6
537674222 TO 6
537674463 TI 5
570539072 TO 1
537692213 TI 1
537693253 TO 1
537693702 TI 6
570571072 TO 1
537711242 TI 1
537712041 TO 1
537712490 TI 6
570603072 TO 1
537738274 TI 1
537739074 TO 1
537739523 TI 6
570635086 TO 1
537770274 TI 1
537771074 TO 1
537771523 TI 6
570667342 TO 5
537802274 TI 1
537803074 TO 1
537803523 TI 6
570698032 TO 6
537834274 TI 1
537835074 TO 1
537835523 TI 6
570730032 TO 6
537866274 TI 1
537867074 TO 1
537867523 TI 6
570762032 TO 6
537898274 TI 1
537899074 TO 1
537899523 TI 6
570794032 TO 6
537930274 TI 1
537931074 TO 1
537931523 TI 6
570826032 TO 6
537962274 TI 1
537963088 TO 1
537963537 TI 6
570858032 TO 6
537994464 TI 5
537995344 TO 5
537995585 TI 1
570890032 TO 6
538013703 TI 6
538024000 TO 6
538024241 TI 4
570922032 TO 6
538292032 TI 3
539225399 TO 3
539225640 TI 2
570954032 TO 6
539894250 TI 3
540262795 TO 3
540263244 TI 4
570986222 TO 6
542425641 TI 2
543077017 TO 2
543077666 TI 4
571005252 TO 1
543095834 TI 3
544396612 TO 3
544397061 TI 4
571024039 TO 1
545269173 TI 1
545269973 TO 1
545270214 TI 5
571051072 TO 1
545288426 TI 6
545290032 TO 6
545290273 TI 1
571083072 TO 1
545308151 TI 6
545322032 TO 6
545322273 TI 1
571115072 TO 1
545340151 TI 6
545354032 TO 6
545354273 TI 1
571147072 TO 1
545372151 TI 6
545386032 TO 6
545386273 TI 1
571179072 TO 1
545404151 TI 6
545418032 TO 6
545418273 TI 1
571211072 TO 1
545436151 TI 6
545450032 TO 6
545450273 TI 1
571882756 TO 2
545468151 TI 6
545482032 TO 6
545482273 TI 1
573202145 TO 3
545500151 TI 6
545514032 TO 6
545514273 TI 1
575077016 TO 2
545532151 TI 6
545546032 TO 6
545546273 TI 1
577625399 TO 3
545564165 TI 6
545578222 TO 6
545578463 TI 5
578662559 TO 3
545596213 TI 1
545597253 TO 1
545597702 TI 6
579128475 TO 1
545615242 TI 1
545616041 TO 1
545616490 TI 6
579147302 TO 1
545634654 TI 2
546286682 TO 2
546287725 TI 1
579178032 TO 6
546305635 TI 5
546306529 TO 5
546306978 TI 6
579210032 TO 6
546324518 TI 1
546325317 TO 1
546325766 TI 6
579242032 TO 6
546346274 TI 1
546347074 TO 1
546347523 TI 6
579274032 TO 6
546378274 TI 1
546379074 TO 1
546379523 TI 6
579306032 TO 6
546410274 TI 1
546411074 TO 1
546411523 TI 6
579338032 TO 6
546442274 TI 1
546443074 TO 1
546443523 TI 6
579370032 TO 6
546474274 TI 1
546475074 TO 1
546475523 TI 6
579402032 TO 6
546506274 TI 1
546507074 TO 1
546507523 TI 6
579434032 TO 6
546538274 TI 1
546539074 TO 1
546539523 TI 6
579466222 TO 6
546570274 TI 1
546571088 TO 1
546571537 TI 6
579485252 TO 1
546602464 TI 5
546603344 TO 5
546603585 TI 1
579504039 TO 1
546621703 TI 6
546634032 TO 6
546634273 TI 1
579531072 TO 1
546652151 TI 6
546666032 TO 6
546666273 TI 1
579563072 TO 1
546684151 TI 6
546698032 TO 6
546698273 TI 1
579595072 TO 1
546716151 TI 6
546730032 TO 6
546730273 TI 1
579627072 TO 1
546748151 TI 6
546762032 TO 6
546762273 TI 1
579659072 TO 1
546780151 TI 6
546794032 TO 6
546794273 TI 1
579691072 TO 1
546812151 TI 6
546826032 TO 6
546826273 TI 1
579723072 TO 1
546844151 TI 6
546858032 TO 6
546858273 TI 1
579755086 TO 1
546876151 TI 6
546890032 TO 6
546890273 TI 1
579787342 TO 5
546908165 TI 6
546922222 TO 6
546922463 TI 5
579818032 TO 6
546940213 TI 1
546941253 TO 1
546941702 TI 6
579850032 TO 6
546959242 TI 1
546960041 TO 1
546960490 TI 6
579882032 TO 6
546986274 TI 1
546987074 TO 1
546987523 TI 6
579914032 TO 6
547018274 TI 1
547019074 TO 1
547019523 TI 6
579946032 TO 6
547050274 TI 1
547051074 TO 1
547051523 TI 6
579978032 TO 6
547082274 TI 1
547083074 TO 1
547083523 TI 6
580010032 TO 6
547114274 TI 1
547115074 TO 1
547115523 TI 6
580042032 TO 6
547146274 TI 1
547147074 TO 1
547147523 TI 6
580074032 TO 6
547178274 TI 1
547179074 TO 1
547179523 TI 6
580106222 TO 6
547210274 TI 1
547211088 TO 1
547211537 TI 6
580125252 TO 1
547242464 TI 5
547243344 TO 5
547243585 TI 1
580144039 TO 1
547261703 TI 6
547274032 TO 6
547274273 TI 1
580171072 TO 1
547292151 TI 6
547306032 TO 6
547306273 TI 1
580203072 TO 1
547324151 TI 6
547338032 TO 6
547338273 TI 1
580235072 TO 1
547356151 TI 6
547370032 TO 6
547370273 TI 1
580267072 TO 1
547388151 TI 6
547402032 TO 6
547402273 TI 1
580299072 TO 1
547420151 TI 6
547434032 TO 6
547434273 TI 1
580331072 TO 1
547452151 TI 6
547466032 TO 6
547466273 TI 1
580363072 TO 1
547484151 TI 6
547498032 TO 6
547498273 TI 1
580395086 TO 1
547516151 TI 6
547530032 TO 6
547530273 TI 1
580427342 TO 5
547548165 TI 6
547562222 TO 6
547562463 TI 5
580458032 TO 6
547580213 TI 1
547581253 TO 1
547581702 TI 6
580490032 TO 6
547599242 TI 1
547600041 TO 1
547600490 TI 6
580522032 TO 6
547626274 TI 1
547627074 TO 1
547627523 TI 6
580554032 TO 6
547658274 TI 1
547659074 TO 1
547659523 TI 6
580586032 TO 6
547690274 TI 1
547691074 TO 1
547691523 TI 6
580618032 TO 6
547722274 TI 1
547723074 TO 1
547723523 TI 6
580650032 TO 6
547754274 TI 1
547755074 TO 1
547755523 TI 6
580682032 TO 6
547786274 TI 1
547787074 TO 1
547787523 TI 6
580714032 TO 6
547818274 TI 1
547819074 TO 1
547819523 TI 6
580746222 TO 6
547850274 TI 1
547851088 TO 1
547851537 TI 6
580765252 TO 1
547882464 TI 5
547891794 TO 5
547892035 TI 3
580784039 TO 1
548826714 TI 2
549480128 TO 2
549481647 TI 3
580811072 TO 1
549853444 TI 4
552025399 TO 4
552026710 TI 2
581481514 TO 2
552680864 TI 4
552691794 TO 4
552693105 TI 3
582801506 TO 3
553996334 TI 4
555067063 TO 4
555068776 TI 1
582821141 TO 1
555072195 TI 5
555081205 TO 5
555101525 TI 6
584025399 TO 4
555142168 TI 1
555163259 TO 1
555183579 TI 6
586291796 TO 4
555201118 TI 1
555202159 TO 1
555202608 TI 6
587877008 TO 2
555226901 TI 1
555228196 TO 1
555228437 TI 2
588748224 TO 4
555897716 TI 5
555898154 TO 5
555898395 TI 1
588767670 TO 5
555916068 TI 5
555916737 TO 5
555916984 TI 1
588786457 TO 1
555934891 TI 5
555936026 TO 5
555936475 TI 6
588811072 TO 1
555962901 TI 1
555963702 TO 1
555964151 TI 6
588843072 TO 1
555994901 TI 1
555995702 TO 1
555996151 TI 6
588875072 TO 1
556026901 TI 1
556027702 TO 1
556028151 TI 6
588907072 TO 1
556058901 TI 1
556059702 TO 1
556060151 TI 6
588939072 TO 1
556090901 TI 1
556091702 TO 1
556092151 TI 6
588971072 TO 1
556122901 TI 1
556123702 TO 1
556124151 TI 6
589003072 TO 1
556154901 TI 1
556155702 TO 1
556156151 TI 6
589035086 TO 1
556186901 TI 1
556187702 TO 1
556188151 TI 6
589067342 TO 5
556218901 TI 1
556219716 TO 1
556220165 TI 6
589098032 TO 6
556251091 TI 5
556251972 TO 5
556252213 TI 1
589130032 TO 6
556270329 TI 6
556271000 TO 6
556271241 TI 1
589162032 TO 6
556289116 TI 6
556298032 TO 6
556298273 TI 1
589194032 TO 6
556316149 TI 6
556330032 TO 6
556330273 TI 1
589226032 TO 6
556348149 TI 6
556362032 TO 6
556362273 TI 1
589258032 TO 6
556380149 TI 6
556394032 TO 6
556394273 TI 1
589290032 TO 6
556412149 TI 6
556426032 TO 6
556426273 TI 1
589322032 TO 6
556444149 TI 6
556458032 TO 6
556458273 TI 1
589354032 TO 6
556476149 TI 6
556490032 TO 6
556490273 TI 1
589386222 TO 6
556508149 TI 6
556522032 TO 6
556522273 TI 1
589405252 TO 1
556540163 TI 6
556554222 TO 6
556554463 TI 5
589424039 TO 1
556572211 TI 1
556573252 TO 1
556573701 TI 6
589451072 TO 1
556602901 TI 1
556603702 TO 1
556604151 TI 6
589483072 TO 1
556634901 TI 1
556635702 TO 1
556636151 TI 6
589515072 TO 1
556666901 TI 1
556667702 TO 1
556668151 TI 6
589547072 TO 1
556698901 TI 1
556699702 TO 1
556700151 TI 6
589579072 TO 1
556730901 TI 1
556731702 TO 1
556732151 TI 6
589611072 TO 1
556762901 TI 1
556763702 TO 1
556764151 TI 6
589643072 TO 1
556794901 TI 1
556795702 TO 1
556796151 TI 6
589675086 TO 1
556826901 TI 1
556827702 TO 1
556828151 TI 6
589707342 TO 5
556858901 TI 1
556859716 TO 1
556860165 TI 6
589738032 TO 6
556891091 TI 5
556891972 TO 5
556892213 TI 1
589770032 TO 6
556910329 TI 6
556911000 TO 6
556911241 TI 1
589802032 TO 6
556929116 TI 6
556938032 TO 6
556938273 TI 1
589834032 TO 6
556956149 TI 6
556970032 TO 6
556970273 TI 1
589866032 TO 6
556988149 TI 6
557002032 TO 6
557002273 TI 1
589898032 TO 6
557020149 TI 6
557034032 TO 6
557034273 TI 1
589930032 TO 6
557052149 TI 6
557066032 TO 6
557066273 TI 1
589962032 TO 6
557084149 TI 6
557098032 TO 6
557098273 TI 1
589994032 TO 6
557116149 TI 6
557130032 TO 6
557130273 TI 1
590026222 TO 6
557148149 TI 6
557162032 TO 6
557162273 TI 1
590045252 TO 1
557180163 TI 6
557194222 TO 6
557194463 TI 5
590064039 TO 1
557212211 TI 1
557213252 TO 1
557213701 TI 6
590091072 TO 1
557242901 TI 1
557243702 TO 1
557244151 TI 6
590123072 TO 1
557274901 TI 1
557275702 TO 1
557276151 TI 6
590155072 TO 1
557306901 TI 1
557307702 TO 1
557308151 TI 6
590187072 TO 1
557338901 TI 1
557339702 TO 1
557340151 TI 6
590219072 TO 1
557370901 TI 1
557371702 TO 1
557372151 TI 6
590251072 TO 1
557402901 TI 1
557403702 TO 1
557404151 TI 6
590283072 TO 1
557434901 TI 1
557435702 TO 1
557436151 TI 6
590315086 TO 1
557466901 TI 1
557467702 TO 1
557468151 TI 6
590347342 TO 5
557498901 TI 1
557500200 TO 1
557500441 TI 3
590378032 TO 6
558442268 TI 2
559093809 TO 2
559094258 TI 3
590410032 TO 6
559488886 TI 5
559490007 TO 5
559490248 TI 1
591080044 TO 2
559508121 TI 6
559508792 TO 6
559509033 TI 1
592400058 TO 3
559526908 TI 6
559530032 TO 6
559530273 TI 1
592419710 TO 5
559548149 TI 6
559562032 TO 6
559562273 TI 1
592438497 TO 1
559580149 TI 6
559594032 TO 6
559594273 TI 1
592459072 TO 1
559612149 TI 6
559626032 TO 6
559626273 TI 1
592491072 TO 1
559644149 TI 6
559658032 TO 6
559658273 TI 1
592523072 TO 1
559676149 TI 6
559690032 TO 6
559690273 TI 1
592555072 TO 1
559708149 TI 6
559722032 TO 6
559722273 TI 1
592587072 TO 1
559740149 TI 6
559754032 TO 6
559754273 TI 1
592619072 TO 1
559772163 TI 6
559786222 TO 6
559786463 TI 5
592651072 TO 1
559804211 TI 1
559805252 TO 1
559805701 TI 6
592683086 TO 1
559834901 TI 1
559835702 TO 1
559836151 TI 6
592715342 TO 5
559866901 TI 1
559867702 TO 1
559868151 TI 6
592746032 TO 6
559898901 TI 1
559899702 TO 1
559900151 TI 6
592778032 TO 6
559930901 TI 1
559931702 TO 1
559932151 TI 6
592810032 TO 6
559962901 TI 1
559963702 TO 1
559964151 TI 6
592842032 TO 6
559994901 TI 1
559995702 TO 1
559996151 TI 6
592874032 TO 6
560026901 TI 1
560027702 TO 1
560028151 TI 6
592906032 TO 6
560058901 TI 1
560059702 TO 1
560060151 TI 6
592938032 TO 6
560090901 TI 1
560091716 TO 1
560092165 TI 6
592970032 TO 6
560123091 TI 5
560123972 TO 5
560124213 TI 1
593002032 TO 6
560142329 TI 6
560143000 TO 6
560143241 TI 1
593034222 TO 6
560161116 TI 6
560170032 TO 6
560170273 TI 1
593053252 TO 1
560188149 TI 6
560202032 TO 6
560202273 TI 1
593072039 TO 1
560220149 TI 6
560234032 TO 6
560234273 TI 1
593099072 TO 1
560252149 TI 6
560266032 TO 6
560266273 TI 1
593131072 TO 1
560284149 TI 6
560298032 TO 6
560298273 TI 1
593163072 TO 1
560316149 TI 6
560330032 TO 6
560330273 TI 1
593195072 TO 1
560348149 TI 6
560362032 TO 6
560362273 TI 1
593227072 TO 1
560380149 TI 6
560394032 TO 6
560394273 TI 1
593259072 TO 1
560412163 TI 6
560423973 TO 6
560424214 TI 4
593291072 TO 1
561642268 TI 2
562294812 TO 2
562295255 TI 3
593323086 TO 1
563612923 TI 4
564825399 TO 4
564825640 TI 2
593355342 TO 5
565494293 TI 4
566331665 TO 4
566332308 TI 5
593386032 TO 6
566350296 TI 1
566351287 TO 1
566351736 TI 6
593418032 TO 6
566394901 TI 1
566395702 TO 1
566396151 TI 6
593450032 TO 6
566426901 TI 1
566427702 TO 1
566428151 TI 6
593482032 TO 6
566458901 TI 1
566459702 TO 1
566460151 TI 6
593514032 TO 6
566490901 TI 1
566491702 TO 1
566492151 TI 6
593546032 TO 6
566522901 TI 1
566523702 TO 1
566524151 TI 6
593578032 TO 6
566554901 TI 1
566555702 TO 1
566556151 TI 6
593610032 TO 6
566586901 TI 1
566587702 TO 1
566588151 TI 6
594281016 TO 2
566618901 TI 1
566619716 TO 1
566620165 TI 6
596825399 TO 3
566651091 TI 5
566651972 TO 5
566652213 TI 1
597862559 TO 3
566670329 TI 6
566671000 TO 6
566671241 TI 1
599537449 TO 5
566689116 TI 6
566698032 TO 6
566698273 TI 1
599562032 TO 6
566716149 TI 6
566730032 TO 6
566730273 TI 1
599594032 TO 6
566748149 TI 6
566762032 TO 6
566762273 TI 1
599626032 TO 6
566780149 TI 6
566794032 TO 6
566794273 TI 1
599658032 TO 6
566812149 TI 6
566826032 TO 6
566826273 TI 1
599690032 TO 6
566844149 TI 6
566858032 TO 6
566858273 TI 1
599722032 TO 6
566876149 TI 6
566890032 TO 6
566890273 TI 1
599754032 TO 6
566908149 TI 6
566922032 TO 6
566922273 TI 1
599786032 TO 6
566940163 TI 6
566954222 TO 6
566954463 TI 5
599818032 TO 6
566972211 TI 1
566973252 TO 1
566973701 TI 6
599850222 TO 6
567002901 TI 1
567003702 TO 1
567004151 TI 6
599869252 TO 1
567034901 TI 1
567035702 TO 1
567036151 TI 6
599888039 TO 1
567066901 TI 1
567067702 TO 1
567068151 TI 6
599915072 TO 1
567098901 TI 1
567100200 TO 1
567100441 TI 3
599947072 TO 1
568042268 TI 2
568693809 TO 2
568694258 TI 3
599979072 TO 1
569088886 TI 5
569090007 TO 5
569090248 TI 1
600011072 TO 1
569108121 TI 6
569108792 TO 6
569109033 TI 1
600681514 TO 2
569126908 TI 6
569130032 TO 6
569130273 TI 1
602001506 TO 3
569148149 TI 6
569162032 TO 6
569162273 TI 1
602021141 TO 1
569180149 TI 6
569194032 TO 6
569194273 TI 1
602039928 TO 1
569212149 TI 6
569226032 TO 6
569226273 TI 1
602059072 TO 1
569244149 TI 6
569258032 TO 6
569258273 TI 1
602091072 TO 1
569276149 TI 6
569290032 TO 6
569290273 TI 1
602123072 TO 1
569308149 TI 6
569322032 TO 6
569322273 TI 1
602155072 TO 1
569340149 TI 6
569354032 TO 6
569354273 TI 1
602187072 TO 1
569372163 TI 6
569386222 TO 6
569386463 TI 5
602219072 TO 1
569404211 TI 1
569405252 TO 1
569405701 TI 6
602251072 TO 1
569434901 TI 1
569435702 TO 1
569436151 TI 6
602283086 TO 1
569466901 TI 1
569467702 TO 1
569468151 TI 6
602315342 TO 5
569498901 TI 1
569499702 TO 1
569500151 TI 6
602346032 TO 6
569530901 TI 1
569531702 TO 1
569532151 TI 6
602378032 TO 6
569562901 TI 1
569563702 TO 1
569564151 TI 6
602410032 TO 6
569594901 TI 1
569595702 TO 1
569596151 TI 6
602442032 TO 6
569626901 TI 1
569627702 TO 1
569628151 TI 6
602474032 TO 6
569658901 TI 1
569659702 TO 1
569660151 TI 6
602506032 TO 6
569690901 TI 1
569691716 TO 1
569692165 TI 6
602538032 TO 6
569723091 TI 5
569723972 TO 5
569724213 TI 1
602570032 TO 6
569742329 TI 6
569743000 TO 6
569743241 TI 1
602602032 TO 6
569761116 TI 6
569770032 TO 6
569770273 TI 1
602634222 TO 6
569788149 TI 6
569802032 TO 6
569802273 TI 1
602653252 TO 1
569820149 TI 6
569834032 TO 6
569834273 TI 1
602672039 TO 1
569852149 TI 6
569866032 TO 6
569866273 TI 1
602699072 TO 1
569884149 TI 6
569898032 TO 6
569898273 TI 1
602731072 TO 1
569916149 TI 6
569930032 TO 6
569930273 TI 1
602763072 TO 1
569948149 TI 6
569962032 TO 6
569962273 TI 1
602795072 TO 1
569980149 TI 6
569994032 TO 6
569994273 TI 1
602827072 TO 1
570012163 TI 6
570026222 TO 6
570026463 TI 5
602859072 TO 1
570044211 TI 1
570045252 TO 1
570045701 TI 6
602891072 TO 1
570074901 TI 1
570075702 TO 1
570076151 TI 6
602923086 TO 1
570106901 TI 1
570107702 TO 1
570108151 TI 6
602955342 TO 5
570138901 TI 1
570139702 TO 1
570140151 TI 6
602986032 TO 6
570170901 TI 1
570171702 TO 1
570172151 TI 6
603018032 TO 6
570202901 TI 1
570203702 TO 1
570204151 TI 6
603050032 TO 6
570234901 TI 1
570235702 TO 1
570236151 TI 6
603082032 TO 6
570266901 TI 1
570267702 TO 1
570268151 TI 6
603114032 TO 6
570298901 TI 1
570299702 TO 1
570300151 TI 6
603146032 TO 6
570330901 TI 1
570331716 TO 1
570332165 TI 6
603178032 TO 6
570363091 TI 5
570363972 TO 5
570364213 TI 1
603210032 TO 6
570382329 TI 6
570383000 TO 6
570383241 TI 1
603880039 TO 2
570401116 TI 6
570410032 TO 6
570410273 TI 1
603899193 TO 1
570428149 TI 6
570442032 TO 6
570442273 TI 1
603918022 TO 1
570460149 TI 6
570474032 TO 6
570474273 TI 1
603946032 TO 6
570492149 TI 6
570506032 TO 6
570506273 TI 1
603978032 TO 6
570524149 TI 6
570538032 TO 6
570538273 TI 1
604010032 TO 6
570556149 TI 6
570570032 TO 6
570570273 TI 1
604042032 TO 6
570588149 TI 6
570602032 TO 6
570602273 TI 1
604074032 TO 6
570620149 TI 6
570634032 TO 6
570634273 TI 1
604106032 TO 6
570652163 TI 6
570666222 TO 6
570666463 TI 5
604138032 TO 6
570684211 TI 1
570685252 TO 1
570685701 TI 6
604170032 TO 6
570714901 TI 1
570715702 TO 1
570716151 TI 6
604202032 TO 6
570746901 TI 1
570747702 TO 1
570748151 TI 6
604234222 TO 6
570778901 TI 1
570779702 TO 1
570780151 TI 6
604253252 TO 1
570810901 TI 1
570811702 TO 1
570812151 TI 6
604272039 TO 1
570842901 TI 1
570843702 TO 1
570844151 TI 6
604299072 TO 1
570874901 TI 1
570875702 TO 1
570876151 TI 6
604331072 TO 1
570906901 TI 1
570907702 TO 1
570908151 TI 6
604363072 TO 1
570938901 TI 1
570939702 TO 1
570940151 TI 6
604395072 TO 1
570970901 TI 1
570971716 TO 1
570972165 TI 6
604427072 TO 1
571003091 TI 5
571003972 TO 5
571004213 TI 1
604459072 TO 1
571022329 TI 6
571023000 TO 6
571023241 TI 1
604491072 TO 1
571041116 TI 6
571050032 TO 6
571050273 TI 1
604523086 TO 1
571068149 TI 6
571082032 TO 6
571082273 TI 1
604555342 TO 5
571100149 TI 6
571114032 TO 6
571114273 TI 1
604586032 TO 6
571132149 TI 6
571146032 TO 6
571146273 TI 1
604618032 TO 6
571164149 TI 6
571178032 TO 6
571178273 TI 1
604650032 TO 6
571196149 TI 6
571210032 TO 6
571210273 TI 1
604682032 TO 6
571228149 TI 6
571229444 TO 6
571229685 TI 2
604714032 TO 6
571900027 TI 4
571901326 TO 4
571901567 TI 3
604746032 TO 6
573219222 TI 4
574425399 TO 4
574425640 TI 2
604778032 TO 6
575094293 TI 4
576691790 TO 4
576692031 TI 3
604810032 TO 6
577642268 TI 2
578293795 TO 2
578294244 TI 3
604842032 TO 6
578679636 TI 4
579127033 TO 4
579127676 TI 1
604874222 TO 6
579145344 TI 5
579146256 TO 5
579146503 TI 1
604893252 TO 1
579164171 TI 5
579165306 TO 5
579165755 TI 6
604912039 TO 1
579194901 TI 1
579195702 TO 1
579196151 TI 6
604939072 TO 1
579226901 TI 1
579227702 TO 1
579228151 TI 6
604971072 TO 1
579258901 TI 1
579259702 TO 1
579260151 TI 6
605003072 TO 1
579290901 TI 1
579291702 TO 1
579292151 TI 6
605035072 TO 1
579322901 TI 1
579323702 TO 1
579324151 TI 6
605067072 TO 1
579354901 TI 1
579355702 TO 1
579356151 TI 6
605099072 TO 1
579386901 TI 1
579387702 TO 1
579388151 TI 6
605131072 TO 1
579418901 TI 1
579419702 TO 1
579420151 TI 6
605163086 TO 1
579450901 TI 1
579451716 TO 1
579452165 TI 6
605195342 TO 5
579483091 TI 5
579483972 TO 5
579484213 TI 1
605224000 TO 6
579502329 TI 6
579503000 TO 6
579503241 TI 1
606425399 TO 3
579521116 TI 6
579530032 TO 6
579530273 TI 1
607462786 TO 3
579548149 TI 6
579562032 TO 6
579562273 TI 1
610277016 TO 2
579580149 TI 6
579594032 TO 6
579594273 TI 1
611596611 TO 3
579612149 TI 6
579626032 TO 6
579626273 TI 1
612469968 TO 1
579644149 TI 6
579658032 TO 6
579658273 TI 1
612490032 TO 6
579676149 TI 6
579690032 TO 6
579690273 TI 1
612522032 TO 6
579708149 TI 6
579722032 TO 6
579722273 TI 1
612554032 TO 6
579740149 TI 6
579754032 TO 6
579754273 TI 1
612586032 TO 6
579772163 TI 6
579786222 TO 6
579786463 TI 5
612618032 TO 6
579804211 TI 1
579805252 TO 1
579805701 TI 6
612650032 TO 6
579834901 TI 1
579835702 TO 1
579836151 TI 6
612682032 TO 6
579866901 TI 1
579867702 TO 1
579868151 TI 6
612714032 TO 6
579898901 TI 1
579899702 TO 1
579900151 TI 6
612746032 TO 6
579930901 TI 1
579931702 TO 1
579932151 TI 6
612778222 TO 6
579962901 TI 1
579963702 TO 1
579964151 TI 6
612797252 TO 1
579994901 TI 1
579995702 TO 1
579996151 TI 6
612816039 TO 1
580026901 TI 1
580027702 TO 1
580028151 TI 6
613486679 TO 2
580058901 TI 1
580059702 TO 1
580060151 TI 6
613506525 TO 5
580090901 TI 1
580091716 TO 1
580092165 TI 6
613525312 TO 1
580123091 TI 5
580123972 TO 5
580124213 TI 1
613547072 TO 1
580142329 TI 6
580143000 TO 6
580143241 TI 1
613579072 TO 1
580161116 TI 6
580170032 TO 6
580170273 TI 1
613611072 TO 1
580188149 TI 6
580202032 TO 6
580202273 TI 1
613643072 TO 1
580220149 TI 6
580234032 TO 6
580234273 TI 1
613675072 TO 1
580252149 TI 6
580266032 TO 6
580266273 TI 1
613707072 TO 1
580284149 TI 6
580298032 TO 6
580298273 TI 1
613739072 TO 1
580316149 TI 6
580330032 TO 6
580330273 TI 1
613771086 TO 1
580348149 TI 6
580362032 TO 6
580362273 TI 1
613818798 TO 5
580380149 TI 6
580394032 TO 6
580394273 TI 1
613866032 TO 6
580412163 TI 6
580426222 TO 6
580426463 TI 5
613898032 TO 6
580444211 TI 1
580445252 TO 1
580445701 TI 6
613930032 TO 6
580474901 TI 1
580475702 TO 1
580476151 TI 6
613962032 TO 6
580506901 TI 1
580507702 TO 1
580508151 TI 6
613994032 TO 6
580538901 TI 1
580539702 TO 1
580540151 TI 6
614026032 TO 6
580570901 TI 1
580571702 TO 1
580572151 TI 6
614058032 TO 6
580602901 TI 1
580603702 TO 1
580604151 TI 6
614090032 TO 6
580634901 TI 1
580635702 TO 1
580636151 TI 6
614122222 TO 6
580666901 TI 1
580667702 TO 1
580668151 TI 6
614141252 TO 1
580698901 TI 1
580699702 TO 1
580700151 TI 6
614160039 TO 1
580730901 TI 1
580731716 TO 1
580732165 TI 6
614187072 TO 1
580763091 TI 5
580763972 TO 5
580764213 TI 1
614219072 TO 1
580782329 TI 6
580783000 TO 6
580783241 TI 1
614251072 TO 1
580801116 TI 6
580810032 TO 6
580810273 TI 1
614283072 TO 1
580828149 TI 6
580829444 TO 6
580829685 TI 2
614315072 TO 1
581499185 TI 1
581500484 TO 1
581500725 TI 3
614347072 TO 1
582818977 TI 5
582820098 TO 5
582820345 TI 1
614379072 TO 1
582838218 TI 6
582839515 TO 6
582839756 TI 4
614411086 TO 1
584042268 TI 2
584693809 TO 2
584694458 TI 4
614443342 TO 5
586308665 TI 3
587225405 TO 3
587225646 TI 2
614474032 TO 6
587894085 TI 3
588279417 TO 3
588279866 TI 4
614506032 TO 6
588765495 TI 1
588766536 TO 1
588766777 TI 5
614538032 TO 6
588784747 TI 6
588785418 TO 6
588785659 TI 1
614570032 TO 6
588803534 TI 6
588810032 TO 6
588810273 TI 1
614602032 TO 6
588828149 TI 6
588842032 TO 6
588842273 TI 1
614634032 TO 6
588860149 TI 6
588874032 TO 6
588874273 TI 1
614666032 TO 6
588892149 TI 6
588906032 TO 6
588906273 TI 1
614698032 TO 6
588924149 TI 6
588938032 TO 6
588938273 TI 1
614730032 TO 6
588956149 TI 6
588970032 TO 6
588970273 TI 1
614762222 TO 6
588988149 TI 6
589002032 TO 6
589002273 TI 1
614781252 TO 1
589020149 TI 6
589034032 TO 6
589034273 TI 1
614800039 TO 1
589052163 TI 6
589066222 TO 6
589066463 TI 5
614827072 TO 1
589084211 TI 1
589085252 TO 1
589085701 TI 6
614859072 TO 1
589114901 TI 1
589115702 TO 1
589116151 TI 6
614891072 TO 1
589146901 TI 1
589147702 TO 1
589148151 TI 6
614923072 TO 1
589178901 TI 1
589179702 TO 1
589180151 TI 6
614955072 TO 1
589210901 TI 1
589211702 TO 1
589212151 TI 6
614987072 TO 1
589242901 TI 1
589243702 TO 1
589244151 TI 6
615019072 TO 1
589274901 TI 1
589275702 TO 1
589276151 TI 6
615051086 TO 1
589306901 TI 1
589307702 TO 1
589308151 TI 6
615083342 TO 5
589338901 TI 1
589339702 TO 1
589340151 TI 6
616025399 TO 3
589370901 TI 1
589371716 TO 1
589372165 TI 6
617073683 TO 3
589403091 TI 5
589403972 TO 5
589404213 TI 1
619877016 TO 2
589422329 TI 6
589423000 TO 6
589423241 TI 1
621196611 TO 3
589441116 TI 6
589450032 TO 6
589450273 TI 1
622329955 TO 5
589468149 TI 6
589482032 TO 6
589482273 TI 1
622378032 TO 6
589500149 TI 6
589514032 TO 6
589514273 TI 1
622410032 TO 6
589532149 TI 6
589546032 TO 6
589546273 TI 1
623080039 TO 2
589564149 TI 6
589578032 TO 6
589578273 TI 1
623099193 TO 1
589596149 TI 6
589610032 TO 6
589610273 TI 1
623118022 TO 1
589628149 TI 6
589642032 TO 6
589642273 TI 1
623146032 TO 6
589660149 TI 6
589674032 TO 6
589674273 TI 1
623178032 TO 6
589692163 TI 6
589706222 TO 6
589706463 TI 5
623210032 TO 6
589724211 TI 1
589725252 TO 1
589725701 TI 6
623242032 TO 6
589754901 TI 1
589755702 TO 1
589756151 TI 6
623274032 TO 6
589786901 TI 1
589787702 TO 1
589788151 TI 6
623306032 TO 6
589818901 TI 1
589819702 TO 1
589820151 TI 6
623338032 TO 6
589850901 TI 1
589851702 TO 1
589852151 TI 6
623370032 TO 6
589882901 TI 1
589883702 TO 1
589884151 TI 6
623402032 TO 6
589914901 TI 1
589915702 TO 1
589916151 TI 6
623434222 TO 6
589946901 TI 1
589947702 TO 1
589948151 TI 6
623453252 TO 1
589978901 TI 1
589979702 TO 1
589980151 TI 6
623472039 TO 1
590010901 TI 1
590011716 TO 1
590012165 TI 6
623499072 TO 1
590043091 TI 5
590043972 TO 5
590044213 TI 1
623531072 TO 1
590062329 TI 6
590063000 TO 6
590063241 TI 1
623563072 TO 1
590081116 TI 6
590090032 TO 6
590090273 TI 1
623595072 TO 1
590108149 TI 6
590122032 TO 6
590122273 TI 1
623627072 TO 1
590140149 TI 6
590154032 TO 6
590154273 TI 1
623659072 TO 1
590172149 TI 6
590186032 TO 6
590186273 TI 1
623691072 TO 1
590204149 TI 6
590218032 TO 6
590218273 TI 1
623723086 TO 1
590236149 TI 6
590250032 TO 6
590250273 TI 1
623755342 TO 5
590268149 TI 6
590282032 TO 6
590282273 TI 1
623786032 TO 6
590300149 TI 6
590314032 TO 6
590314273 TI 1
623818032 TO 6
590332163 TI 6
590346222 TO 6
590346463 TI 5
623850032 TO 6
590364211 TI 1
590365252 TO 1
590365701 TI 6
623882032 TO 6
590394901 TI 1
590395702 TO 1
590396151 TI 6
623914032 TO 6
590426901 TI 1
590428196 TO 1
590428437 TI 2
623946032 TO 6
591097721 TI 5
591099020 TO 5
591099261 TI 3
623978032 TO 6
592417529 TI 1
592418570 TO 1
592418817 TI 5
624010032 TO 6
592436787 TI 6
592437458 TO 6
592437699 TI 1
624042032 TO 6
592455574 TI 6
592458032 TO 6
592458273 TI 1
624074222 TO 6
592476149 TI 6
592490032 TO 6
592490273 TI 1
624093252 TO 1
592508149 TI 6
592522032 TO 6
592522273 TI 1
624112039 TO 1
592540149 TI 6
592554032 TO 6
592554273 TI 1
624139072 TO 1
592572149 TI 6
592586032 TO 6
592586273 TI 1
624171072 TO 1
592604149 TI 6
592618032 TO 6
592618273 TI 1
624203072 TO 1
592636149 TI 6
592650032 TO 6
592650273 TI 1
624235072 TO 1
592668149 TI 6
592682032 TO 6
592682273 TI 1
624267072 TO 1
592700163 TI 6
592714222 TO 6
592714463 TI 5
624299072 TO 1
592732211 TI 1
592733252 TO 1
592733701 TI 6
624331072 TO 1
592762901 TI 1
592763702 TO 1
592764151 TI 6
624363086 TO 1
592794901 TI 1
592795702 TO 1
592796151 TI 6
624395342 TO 5
592826901 TI 1
592827702 TO 1
592828151 TI 6
624426032 TO 6
592858901 TI 1
592859702 TO 1
592860151 TI 6
624458032 TO 6
592890901 TI 1
592891702 TO 1
592892151 TI 6
624490032 TO 6
592922901 TI 1
592923702 TO 1
592924151 TI 6
624522032 TO 6
592954901 TI 1
592955702 TO 1
592956151 TI 6
624554032 TO 6
592986901 TI 1
592987702 TO 1
592988151 TI 6
624586032 TO 6
593018901 TI 1
593019716 TO 1
593020165 TI 6
624618032 TO 6
593051091 TI 5
593051972 TO 5
593052213 TI 1
624650032 TO 6
593070329 TI 6
593071000 TO 6
593071241 TI 1
624682032 TO 6
593089116 TI 6
593098032 TO 6
593098273 TI 1
625625399 TO 3
593116149 TI 6
593130032 TO 6
593130273 TI 1
626671409 TO 3
593148149 TI 6
593162032 TO 6
593162273 TI 1
626691044 TO 1
593180149 TI 6
593194032 TO 6
593194273 TI 1
626709831 TO 1
593212149 TI 6
593226032 TO 6
593226273 TI 1
626731072 TO 1
593244149 TI 6
593258032 TO 6
593258273 TI 1
626763072 TO 1
593276149 TI 6
593290032 TO 6
593290273 TI 1
626795072 TO 1
593308149 TI 6
593322032 TO 6
593322273 TI 1
626827072 TO 1
593340163 TI 6
593354222 TO 6
593354463 TI 5
626859072 TO 1
593372211 TI 1
593373252 TO 1
593373701 TI 6
626891072 TO 1
593402901 TI 1
593403702 TO 1
593404151 TI 6
626923072 TO 1
593434901 TI 1
593435702 TO 1
593436151 TI 6
626955086 TO 1
593466901 TI 1
593467702 TO 1
593468151 TI 6
626987342 TO 5
593498901 TI 1
593499702 TO 1
593500151 TI 6
627018032 TO 6
593530901 TI 1
593531702 TO 1
593532151 TI 6
627050032 TO 6
593562901 TI 1
593563702 TO 1
593564151 TI 6
627082032 TO 6
593594901 TI 1
593595702 TO 1
593596151 TI 6
627114032 TO 6
593626901 TI 1
593628196 TO 1
593628437 TI 2
627146032 TO 6
594298287 TI 4
595891790 TO 4
595892031 TI 3
627178032 TO 6
596842268 TI 2
597493795 TO 2
597494244 TI 3
627210032 TO 6
597879636 TI 4
599535921 TO 4
599536570 TI 5
627242032 TO 6
599554318 TI 1
599555359 TO 1
599555808 TI 6
627274032 TO 6
599578901 TI 1
599579702 TO 1
599580151 TI 6
627306222 TO 6
599610901 TI 1
599611702 TO 1
599612151 TI 6
627325252 TO 1
599642901 TI 1
599643702 TO 1
599644151 TI 6
627344039 TO 1
599674901 TI 1
599675702 TO 1
599676151 TI 6
627371072 TO 1
599706901 TI 1
599707702 TO 1
599708151 TI 6
627403072 TO 1
599738901 TI 1
599739702 TO 1
599740151 TI 6
627435072 TO 1
599770901 TI 1
599771702 TO 1
599772151 TI 6
627467072 TO 1
599802901 TI 1
599803702 TO 1
599804151 TI 6
627499072 TO 1
599834901 TI 1
599835716 TO 1
599836165 TI 6
627531072 TO 1
599867091 TI 5
599867972 TO 5
599868213 TI 1
627563072 TO 1
599886329 TI 6
599887000 TO 6
599887241 TI 1
627595086 TO 1
599905116 TI 6
599914032 TO 6
599914273 TI 1
628825399 TO 4
599932149 TI 6
599946032 TO 6
599946273 TI 1
630795846 TO 3
599964149 TI 6
599978032 TO 6
599978273 TI 1
632677016 TO 2
599996149 TI 6
600010032 TO 6
600010273 TI 1
633533427 TO 5
600028149 TI 6
600029444 TO 6
600029685 TI 2
633578032 TO 6
600699185 TI 1
600700484 TO 1
600700725 TI 3
633610032 TO 6
602018977 TI 5
602020098 TO 5
602020345 TI 1
633642032 TO 6
602038218 TI 6
602038889 TO 6
602039130 TI 1
633674032 TO 6
602057005 TI 6
602058032 TO 6
602058273 TI 1
633706032 TO 6
602076149 TI 6
602090032 TO 6
602090273 TI 1
633738032 TO 6
602108149 TI 6
602122032 TO 6
602122273 TI 1
633770032 TO 6
602140149 TI 6
602154032 TO 6
602154273 TI 1
633802032 TO 6
602172149 TI 6
602186032 TO 6
602186273 TI 1
633834222 TO 6
602204149 TI 6
602218032 TO 6
602218273 TI 1
633853252 TO 1
602236149 TI 6
602250032 TO 6
602250273 TI 1
633872039 TO 1
602268149 TI 6
602282032 TO 6
602282273 TI 1
633899072 TO 1
602300163 TI 6
602314222 TO 6
602314463 TI 5
633931072 TO 1
602332211 TI 1
602333252 TO 1
602333701 TI 6
633963072 TO 1
602362901 TI 1
602363702 TO 1
602364151 TI 6
633995072 TO 1
602394901 TI 1
602395702 TO 1
602396151 TI 6
634027072 TO 1
602426901 TI 1
602427702 TO 1
602428151 TI 6
634059072 TO 1
602458901 TI 1
602459702 TO 1
602460151 TI 6
634091072 TO 1
602490901 TI 1
602491702 TO 1
602492151 TI 6
634123086 TO 1
602522901 TI 1
602523702 TO 1
602524151 TI 6
634155342 TO 5
602554901 TI 1
602555702 TO 1
602556151 TI 6
634186032 TO 6
602586901 TI 1
602587702 TO 1
602588151 TI 6
634218032 TO 6
602618901 TI 1
602619716 TO 1
602620165 TI 6
634250032 TO 6
602651091 TI 5
602651972 TO 5
602652213 TI 1
634282032 TO 6
602670329 TI 6
602671000 TO 6
602671241 TI 1
635225399 TO 3
602689116 TI 6
602698032 TO 6
602698273 TI 1
636271409 TO 3
602716149 TI 6
602730032 TO 6
602730273 TI 1
636291044 TO 1
602748149 TI 6
602762032 TO 6
602762273 TI 1
636309831 TO 1
602780149 TI 6
602794032 TO 6
602794273 TI 1
636331072 TO 1
602812149 TI 6
602826032 TO 6
602826273 TI 1
636363072 TO 1
602844149 TI 6
602858032 TO 6
602858273 TI 1
636395072 TO 1
602876149 TI 6
602890032 TO 6
602890273 TI 1
636427072 TO 1
602908149 TI 6
602922032 TO 6
602922273 TI 1
636459072 TO 1
602940163 TI 6
602954222 TO 6
602954463 TI 5
636491072 TO 1
602972211 TI 1
602973252 TO 1
602973701 TI 6
636523072 TO 1
603002901 TI 1
603003702 TO 1
603004151 TI 6
636555086 TO 1
603034901 TI 1
603035702 TO 1
603036151 TI 6
636587342 TO 5
603066901 TI 1
603067702 TO 1
603068151 TI 6
636618032 TO 6
603098901 TI 1
603099702 TO 1
603100151 TI 6
636650032 TO 6
603130901 TI 1
603131702 TO 1
603132151 TI 6
636682032 TO 6
603162901 TI 1
603163702 TO 1
603164151 TI 6
636714032 TO 6
603194901 TI 1
603195702 TO 1
603196151 TI 6
636746032 TO 6
603226901 TI 1
603228196 TO 1
603228437 TI 2
636778032 TO 6
603897716 TI 5
603898154 TO 5
603898395 TI 1
636810032 TO 6
603916068 TI 5
603916737 TO 5
603916984 TI 1
636842032 TO 6
603934891 TI 5
603936026 TO 5
603936475 TI 6
636874032 TO 6
603962901 TI 1
603963702 TO 1
603964151 TI 6
636906222 TO 6
603994901 TI 1
603995702 TO 1
603996151 TI 6
636925252 TO 1
604026901 TI 1
604027702 TO 1
604028151 TI 6
636944039 TO 1
604058901 TI 1
604059702 TO 1
604060151 TI 6
636971072 TO 1
604090901 TI 1
604091702 TO 1
604092151 TI 6
637003072 TO 1
604122901 TI 1
604123702 TO 1
604124151 TI 6
637035072 TO 1
604154901 TI 1
604155702 TO 1
604156151 TI 6
637067072 TO 1
604186901 TI 1
604187702 TO 1
604188151 TI 6
637099072 TO 1
604218901 TI 1
604219716 TO 1
604220165 TI 6
637131072 TO 1
604251091 TI 5
604251972 TO 5
604252213 TI 1
637163072 TO 1
604270329 TI 6
604271000 TO 6
604271241 TI 1
637195086 TO 1
604289116 TI 6
604298032 TO 6
604298273 TI 1
637227342 TO 5
604316149 TI 6
604330032 TO 6
604330273 TI 1
637258032 TO 6
604348149 TI 6
604362032 TO 6
604362273 TI 1
637290032 TO 6
604380149 TI 6
604394032 TO 6
604394273 TI 1
637322032 TO 6
604412149 TI 6
604426032 TO 6
604426273 TI 1
637354032 TO 6
604444149 TI 6
604458032 TO 6
604458273 TI 1
637386032 TO 6
604476149 TI 6
604490032 TO 6
604490273 TI 1
637418032 TO 6
604508149 TI 6
604522032 TO 6
604522273 TI 1
637450032 TO 6
604540163 TI 6
604554222 TO 6
604554463 TI 5
637482032 TO 6
604572211 TI 1
604573252 TO 1
604573701 TI 6
637514032 TO 6
604602901 TI 1
604603702 TO 1
604604151 TI 6
637546222 TO 6
604634901 TI 1
604635702 TO 1
604636151 TI 6
637565252 TO 1
604666901 TI 1
604667702 TO 1
604668151 TI 6
637584039 TO 1
604698901 TI 1
604699702 TO 1
604700151 TI 6
637611072 TO 1
604730901 TI 1
604731702 TO 1
604732151 TI 6
637643072 TO 1
604762901 TI 1
604763702 TO 1
604764151 TI 6
637675072 TO 1
604794901 TI 1
604795702 TO 1
604796151 TI 6
637707072 TO 1
604826901 TI 1
604827702 TO 1
604828151 TI 6
637739072 TO 1
604858901 TI 1
604859716 TO 1
604860165 TI 6
637771072 TO 1
604891091 TI 5
604891972 TO 5
604892213 TI 1
637803072 TO 1
604910329 TI 6
604911000 TO 6
604911241 TI 1
637835086 TO 1
604929116 TI 6
604938032 TO 6
604938273 TI 1
637867342 TO 5
604956149 TI 6
604970032 TO 6
604970273 TI 1
637898032 TO 6
604988149 TI 6
605002032 TO 6
605002273 TI 1
637930032 TO 6
605020149 TI 6
605034032 TO 6
605034273 TI 1
637962032 TO 6
605052149 TI 6
605066032 TO 6
605066273 TI 1
637994032 TO 6
605084149 TI 6
605098032 TO 6
605098273 TI 1
638026032 TO 6
605116149 TI 6
605130032 TO 6
605130273 TI 1
638058032 TO 6
605148149 TI 6
605162032 TO 6
605162273 TI 1
638090032 TO 6
605180163 TI 6
605194222 TO 6
605194463 TI 5
638122032 TO 6
605212211 TI 1
605213252 TO 1
605213701 TI 6
638154032 TO 6
605240869 TI 4
605491790 TO 4
605492031 TI 3
638186222 TO 6
606442268 TI 2
607093795 TO 2
607094244 TI 3
638205252 TO 1
607479863 TI 4
609625399 TO 4
609625640 TI 2
638224039 TO 1
610294293 TI 4
610295592 TO 4
610295833 TI 3
638251072 TO 1
611613688 TI 4
612468526 TO 4
612469169 TI 1
638283072 TO 1
612486837 TI 5
612487972 TO 5
612488421 TI 6
638315072 TO 1
612506901 TI 1
612507702 TO 1
612508151 TI 6
638347072 TO 1
612538901 TI 1
612539702 TO 1
612540151 TI 6
638379072 TO 1
612570901 TI 1
612571702 TO 1
612572151 TI 6
638411072 TO 1
612602901 TI 1
612603702 TO 1
612604151 TI 6
639082763 TO 2
612634901 TI 1
612635702 TO 1
612636151 TI 6
640402153 TO 3
612666901 TI 1
612667702 TO 1
612668151 TI 6
642277020 TO 2
612698901 TI 1
612699702 TO 1
612700151 TI 6
644825399 TO 3
612730901 TI 1
612731702 TO 1
612732151 TI 6
645862559 TO 3
612762901 TI 1
612763716 TO 1
612764165 TI 6
646328486 TO 1
612795091 TI 5
612795972 TO 5
612796213 TI 1
646347309 TO 1
612814329 TI 6
612815000 TO 6
612815241 TI 1
646378032 TO 6
612833116 TI 6
612834411 TO 6
612834652 TI 2
646410032 TO 6
613504350 TI 1
613505391 TO 1
613505632 TI 5
646442032 TO 6
613523602 TI 6
613524273 TO 6
613524514 TI 1
646474032 TO 6
613542389 TI 6
613546032 TO 6
613546273 TI 1
646506032 TO 6
613564149 TI 6
613578032 TO 6
613578273 TI 1
646538032 TO 6
613596149 TI 6
613610032 TO 6
613610273 TI 1
646570032 TO 6
613628149 TI 6
613642032 TO 6
613642273 TI 1
646602032 TO 6
613660149 TI 6
613674032 TO 6
613674273 TI 1
646634032 TO 6
613692149 TI 6
613706032 TO 6
613706273 TI 1
646666222 TO 6
613724149 TI 6
613738032 TO 6
613738273 TI 1
646685252 TO 1
613756149 TI 6
613770032 TO 6
613770273 TI 1
646704039 TO 1
613788163 TI 6
613802222 TO 6
613802463 TI 5
646731072 TO 1
613835667 TI 1
613836898 TO 1
613837347 TI 6
646763072 TO 1
613882901 TI 1
613883702 TO 1
613884151 TI 6
646795072 TO 1
613914901 TI 1
613915702 TO 1
613916151 TI 6
646827072 TO 1
613946901 TI 1
613947702 TO 1
613948151 TI 6
646859072 TO 1
613978901 TI 1
613979702 TO 1
613980151 TI 6
646891072 TO 1
614010901 TI 1
614011702 TO 1
614012151 TI 6
646923072 TO 1
614042901 TI 1
614043702 TO 1
614044151 TI 6
646955086 TO 1
614074901 TI 1
614075702 TO 1
614076151 TI 6
646987342 TO 5
614106901 TI 1
614107716 TO 1
614108165 TI 6
647018032 TO 6
614139091 TI 5
614139972 TO 5
614140213 TI 1
647050032 TO 6
614158329 TI 6
614159000 TO 6
614159241 TI 1
647082032 TO 6
614177116 TI 6
614186032 TO 6
614186273 TI 1
647114032 TO 6
614204149 TI 6
614218032 TO 6
614218273 TI 1
647146032 TO 6
614236149 TI 6
614250032 TO 6
614250273 TI 1
647178032 TO 6
614268149 TI 6
614282032 TO 6
614282273 TI 1
647210032 TO 6
614300149 TI 6
614314032 TO 6
614314273 TI 1
647242032 TO 6
614332149 TI 6
614346032 TO 6
614346273 TI 1
647274032 TO 6
614364149 TI 6
614378032 TO 6
614378273 TI 1
647306222 TO 6
614396149 TI 6
614410032 TO 6
614410273 TI 1
647325252 TO 1
614428163 TI 6
614442222 TO 6
614442463 TI 5
647344039 TO 1
614460211 TI 1
614461252 TO 1
614461701 TI 6
647371072 TO 1
614490901 TI 1
614491702 TO 1
614492151 TI 6
647403072 TO 1
614522901 TI 1
614523702 TO 1
614524151 TI 6
647435072 TO 1
614554901 TI 1
614555702 TO 1
614556151 TI 6
647467072 TO 1
614586901 TI 1
614587702 TO 1
614588151 TI 6
647499072 TO 1
614618901 TI 1
614619702 TO 1
614620151 TI 6
647531072 TO 1
614650901 TI 1
614651702 TO 1
614652151 TI 6
647563072 TO 1
614682901 TI 1
614683702 TO 1
614684151 TI 6
647595086 TO 1
614714901 TI 1
614715702 TO 1
614716151 TI 6
647627342 TO 5
614746901 TI 1
614747716 TO 1
614748165 TI 6
647658032 TO 6
614779091 TI 5
614779972 TO 5
614780213 TI 1
647690032 TO 6
614798329 TI 6
614799000 TO 6
614799241 TI 1
647722032 TO 6
614817116 TI 6
614826032 TO 6
614826273 TI 1
647754032 TO 6
614844149 TI 6
614858032 TO 6
614858273 TI 1
647786032 TO 6
614876149 TI 6
614890032 TO 6
614890273 TI 1
647818032 TO 6
614908149 TI 6
614922032 TO 6
614922273 TI 1
647850032 TO 6
614940149 TI 6
614954032 TO 6
614954273 TI 1
647882032 TO 6
614972149 TI 6
614986032 TO 6
614986273 TI 1
647914032 TO 6
615004149 TI 6
615018032 TO 6
615018273 TI 1
647946222 TO 6
615036149 TI 6
615050032 TO 6
615050273 TI 1
647965252 TO 1
615068163 TI 6
615082222 TO 6
615082463 TI 5
647984039 TO 1
615100211 TI 1
615101510 TO 1
615101751 TI 3
648011072 TO 1
616042268 TI 2
616694786 TO 2
616695235 TI 3
648681514 TO 2
617090754 TI 4
619225399 TO 4
619225640 TI 2
650001506 TO 3
619894293 TI 4
619895592 TO 4
619895833 TI 3
650021141 TO 1
621213688 TI 4
622328427 TO 4
622329076 TI 5
651225399 TO 4
622346824 TI 1
622348055 TO 1
622348504 TI 6
653491790 TO 4
622394901 TI 1
622395702 TO 1
622396151 TI 6
655077002 TO 2
622426901 TI 1
622428196 TO 1
622428437 TI 2
655948211 TO 4
623097716 TI 5
623098154 TO 5
623098395 TI 1
655967657 TO 5
623116068 TI 5
623116737 TO 5
623116984 TI 1
655986444 TO 1
623134891 TI 5
623136026 TO 5
623136475 TI 6
656011072 TO 1
623162901 TI 1
623163702 TO 1
623164151 TI 6
656043072 TO 1
623194901 TI 1
623195702 TO 1
623196151 TI 6
656075072 TO 1
623226901 TI 1
623227702 TO 1
623228151 TI 6
656107072 TO 1
623258901 TI 1
623259702 TO 1
623260151 TI 6
656139072 TO 1
623290901 TI 1
623291702 TO 1
623292151 TI 6
656171072 TO 1
623322901 TI 1
623323702 TO 1
623324151 TI 6
656203072 TO 1
623354901 TI 1
623355702 TO 1
623356151 TI 6
656235086 TO 1
623386901 TI 1
623387702 TO 1
623388151 TI 6
656267342 TO 5
623418901 TI 1
623419716 TO 1
623420165 TI 6
656298032 TO 6
623451091 TI 5
623451972 TO 5
623452213 TI 1
656330032 TO 6
623470329 TI 6
623471000 TO 6
623471241 TI 1
656362032 TO 6
623489116 TI 6
623498032 TO 6
623498273 TI 1
656394032 TO 6
623516149 TI 6
623530032 TO 6
623530273 TI 1
656426032 TO 6
623548149 TI 6
623562032 TO 6
623562273 TI 1
656458032 TO 6
623580149 TI 6
623594032 TO 6
623594273 TI 1
656490032 TO 6
623612149 TI 6
623626032 TO 6
623626273 TI 1
656522032 TO 6
623644149 TI 6
623658032 TO 6
623658273 TI 1
656554032 TO 6
623676149 TI 6
623690032 TO 6
623690273 TI 1
656586222 TO 6
623708149 TI 6
623722032 TO 6
623722273 TI 1
656605252 TO 1
623740163 TI 6
623754222 TO 6
623754463 TI 5
656624039 TO 1
623772211 TI 1
623773252 TO 1
623773701 TI 6
656651072 TO 1
623802901 TI 1
623803702 TO 1
623804151 TI 6
656683072 TO 1
623834901 TI 1
623835702 TO 1
623836151 TI 6
656715072 TO 1
623866901 TI 1
623867702 TO 1
623868151 TI 6
656747072 TO 1
623898901 TI 1
623899702 TO 1
623900151 TI 6
656779072 TO 1
623930901 TI 1
623931702 TO 1
623932151 TI 6
656811072 TO 1
623962901 TI 1
623963702 TO 1
623964151 TI 6
656843072 TO 1
623994901 TI 1
623995702 TO 1
623996151 TI 6
656875086 TO 1
624026901 TI 1
624027702 TO 1
624028151 TI 6
656907342 TO 5
624058901 TI 1
624059716 TO 1
624060165 TI 6
656938032 TO 6
624091091 TI 5
624091972 TO 5
624092213 TI 1
656970032 TO 6
624110329 TI 6
624111000 TO 6
624111241 TI 1
657002032 TO 6
624129116 TI 6
624138032 TO 6
624138273 TI 1
657034032 TO 6
624156149 TI 6
624170032 TO 6
624170273 TI 1
657066032 TO 6
624188149 TI 6
624202032 TO 6
624202273 TI 1
657098032 TO 6
624220149 TI 6
624234032 TO 6
624234273 TI 1
657130032 TO 6
624252149 TI 6
624266032 TO 6
624266273 TI 1
657162032 TO 6
624284149 TI 6
624298032 TO 6
624298273 TI 1
657194032 TO 6
624316149 TI 6
624330032 TO 6
624330273 TI 1
657226222 TO 6
624348149 TI 6
624362032 TO 6
624362273 TI 1
657245252 TO 1
624380163 TI 6
624394222 TO 6
624394463 TI 5
657264039 TO 1
624412211 TI 1
624413252 TO 1
624413701 TI 6
657291072 TO 1
624442901 TI 1
624443702 TO 1
624444151 TI 6
657323072 TO 1
624474901 TI 1
624475702 TO 1
624476151 TI 6
657355072 TO 1
624506901 TI 1
624507702 TO 1
624508151 TI 6
657387072 TO 1
624538901 TI 1
624539702 TO 1
624540151 TI 6
657419072 TO 1
624570901 TI 1
624571702 TO 1
624572151 TI 6
657451072 TO 1
624602901 TI 1
624603702 TO 1
624604151 TI 6
657483072 TO 1
624634901 TI 1
624635702 TO 1
624636151 TI 6
657515086 TO 1
624666901 TI 1
624667702 TO 1
624668151 TI 6
657547342 TO 5
624698901 TI 1
624700200 TO 1
624700441 TI 3
657578032 TO 6
625642268 TI 2
626293809 TO 2
626294258 TI 3
657610032 TO 6
626688886 TI 5
626690007 TO 5
626690248 TI 1
658280039 TO 2
626708121 TI 6
626708792 TO 6
626709033 TI 1
659600047 TO 3
626726908 TI 6
626730032 TO 6
626730273 TI 1
659619699 TO 5
626748149 TI 6
626762032 TO 6
626762273 TI 1
659638486 TO 1
626780149 TI 6
626794032 TO 6
626794273 TI 1
659659072 TO 1
626812149 TI 6
626826032 TO 6
626826273 TI 1
659691072 TO 1
626844149 TI 6
626858032 TO 6
626858273 TI 1
659723072 TO 1
626876149 TI 6
626890032 TO 6
626890273 TI 1
659755072 TO 1
626908149 TI 6
626922032 TO 6
626922273 TI 1
659787072 TO 1
626940149 TI 6
626954032 TO 6
626954273 TI 1
659819072 TO 1
626972163 TI 6
626986222 TO 6
626986463 TI 5
659851072 TO 1
627004211 TI 1
627005252 TO 1
627005701 TI 6
659883086 TO 1
627034901 TI 1
627035702 TO 1
627036151 TI 6
659915342 TO 5
627066901 TI 1
627067702 TO 1
627068151 TI 6
659946032 TO 6
627098901 TI 1
627099702 TO 1
627100151 TI 6
659978032 TO 6
627130901 TI 1
627131702 TO 1
627132151 TI 6
660010032 TO 6
627162901 TI 1
627163702 TO 1
627164151 TI 6
660042032 TO 6
627194901 TI 1
627195702 TO 1
627196151 TI 6
660074032 TO 6
627226901 TI 1
627227702 TO 1
627228151 TI 6
660106032 TO 6
627258901 TI 1
627259702 TO 1
627260151 TI 6
660138032 TO 6
627290901 TI 1
627291716 TO 1
627292165 TI 6
660170032 TO 6
627323091 TI 5
627323972 TO 5
627324213 TI 1
660202032 TO 6
627342329 TI 6
627343000 TO 6
627343241 TI 1
660234222 TO 6
627361116 TI 6
627370032 TO 6
627370273 TI 1
660253252 TO 1
627388149 TI 6
627402032 TO 6
627402273 TI 1
660272039 TO 1
627420149 TI 6
627434032 TO 6
627434273 TI 1
660299072 TO 1
627452149 TI 6
627466032 TO 6
627466273 TI 1
660331072 TO 1
627484149 TI 6
627498032 TO 6
627498273 TI 1
660363072 TO 1
627516149 TI 6
627530032 TO 6
627530273 TI 1
660395072 TO 1
627548149 TI 6
627562032 TO 6
627562273 TI 1
660427072 TO 1
627580149 TI 6
627594032 TO 6
627594273 TI 1
660459072 TO 1
627612163 TI 6
627623973 TO 6
627624214 TI 4
660491072 TO 1
628842268 TI 2
629494812 TO 2
629495255 TI 3
660523086 TO 1
630812923 TI 4
632025399 TO 4
632025640 TI 2
660555342 TO 5
632694293 TI 4
633531665 TO 4
633532308 TI 5
660586032 TO 6
633550296 TI 1
633551287 TO 1
633551736 TI 6
660618032 TO 6
633594901 TI 1
633595702 TO 1
633596151 TI 6
660650032 TO 6
633626901 TI 1
633627702 TO 1
633628151 TI 6
660682032 TO 6
633658901 TI 1
633659702 TO 1
633660151 TI 6
660714032 TO 6
633690901 TI 1
633691702 TO 1
633692151 TI 6
660746032 TO 6
633722901 TI 1
633723702 TO 1
633724151 TI 6
660778032 TO 6
633754901 TI 1
633755702 TO 1
633756151 TI 6
660810032 TO 6
633786901 TI 1
633787702 TO 1
633788151 TI 6
661481016 TO 2
633818901 TI 1
633819716 TO 1
633820165 TI 6
664025399 TO 3
633851091 TI 5
633851972 TO 5
633852213 TI 1
665062567 TO 3
633870329 TI 6
633871000 TO 6
633871241 TI 1
666737458 TO 5
633889116 TI 6
633898032 TO 6
633898273 TI 1
666762032 TO 6
633916149 TI 6
633930032 TO 6
633930273 TI 1
666794032 TO 6
633948149 TI 6
633962032 TO 6
633962273 TI 1
666826032 TO 6
633980149 TI 6
633994032 TO 6
633994273 TI 1
666858032 TO 6
634012149 TI 6
634026032 TO 6
634026273 TI 1
666890032 TO 6
634044149 TI 6
634058032 TO 6
634058273 TI 1
666922032 TO 6
634076149 TI 6
634090032 TO 6
634090273 TI 1
666954032 TO 6
634108149 TI 6
634122032 TO 6
634122273 TI 1
666986032 TO 6
634140163 TI 6
634154222 TO 6
634154463 TI 5
667018032 TO 6
634172211 TI 1
634173252 TO 1
634173701 TI 6
667050222 TO 6
634202901 TI 1
634203702 TO 1
634204151 TI 6
667069252 TO 1
634234901 TI 1
634235702 TO 1
634236151 TI 6
667088039 TO 1
634266901 TI 1
634267702 TO 1
634268151 TI 6
667115072 TO 1
634298901 TI 1
634300200 TO 1
634300441 TI 3
667147072 TO 1
635242268 TI 2
635893809 TO 2
635894258 TI 3
667179072 TO 1
636288886 TI 5
636290007 TO 5
636290248 TI 1
667211072 TO 1
636308121 TI 6
636308792 TO 6
636309033 TI 1
667881514 TO 2
636326908 TI 6
636330032 TO 6
636330273 TI 1
669201512 TO 3
636348149 TI 6
636362032 TO 6
636362273 TI 1
669221147 TO 1
636380149 TI 6
636394032 TO 6
636394273 TI 1
669239934 TO 1
636412149 TI 6
636426032 TO 6
636426273 TI 1
669259072 TO 1
636444149 TI 6
636458032 TO 6
636458273 TI 1
669291072 TO 1
636476149 TI 6
636490032 TO 6
636490273 TI 1
669323072 TO 1
636508149 TI 6
636522032 TO 6
636522273 TI 1
669355072 TO 1
636540149 TI 6
636554032 TO 6
636554273 TI 1
669387072 TO 1
636572163 TI 6
636586222 TO 6
636586463 TI 5
669419072 TO 1
636604211 TI 1
636605252 TO 1
636605701 TI 6
669451072 TO 1
636634901 TI 1
636635702 TO 1
636636151 TI 6
669483086 TO 1
636666901 TI 1
636667702 TO 1
636668151 TI 6
669515342 TO 5
636698901 TI 1
636699702 TO 1
636700151 TI 6
669546032 TO 6
636730901 TI 1
636731702 TO 1
636732151 TI 6
669578032 TO 6
636762901 TI 1
636763702 TO 1
636764151 TI 6
669610032 TO 6
636794901 TI 1
636795702 TO 1
636796151 TI 6
669642032 TO 6
636826901 TI 1
636827702 TO 1
636828151 TI 6
669674032 TO 6
636858901 TI 1
636859702 TO 1
636860151 TI 6
669706032 TO 6
636890901 TI 1
636891716 TO 1
636892165 TI 6
669738032 TO 6
636923091 TI 5
636923972 TO 5
636924213 TI 1
669770032 TO 6
636942329 TI 6
636943000 TO 6
636943241 TI 1
669802032 TO 6
636961116 TI 6
636970032 TO 6
636970273 TI 1
669834222 TO 6
636988149 TI 6
637002032 TO 6
637002273 TI 1
669853252 TO 1
637020149 TI 6
637034032 TO 6
637034273 TI 1
669872039 TO 1
637052149 TI 6
637066032 TO 6
637066273 TI 1
669899072 TO 1
637084149 TI 6
637098032 TO 6
637098273 TI 1
669931072 TO 1
637116149 TI 6
637130032 TO 6
637130273 TI 1
669963072 TO 1
637148149 TI 6
637162032 TO 6
637162273 TI 1
669995072 TO 1
637180149 TI 6
637194032 TO 6
637194273 TI 1
670027072 TO 1
637212163 TI 6
637226222 TO 6
637226463 TI 5
670059072 TO 1
637244211 TI 1
637245252 TO 1
637245701 TI 6
670091072 TO 1
637274901 TI 1
637275702 TO 1
637276151 TI 6
670123086 TO 1
637306901 TI 1
637307702 TO 1
637308151 TI 6
670155342 TO 5
637338901 TI 1
637339702 TO 1
637340151 TI 6
670186032 TO 6
637370901 TI 1
637371702 TO 1
637372151 TI 6
670218032 TO 6
637402901 TI 1
637403702 TO 1
637404151 TI 6
670250032 TO 6
637434901 TI 1
637435702 TO 1
637436151 TI 6
670282032 TO 6
637466901 TI 1
637467702 TO 1
637468151 TI 6
670314032 TO 6
637498901 TI 1
637499702 TO 1
637500151 TI 6
670346032 TO 6
637530901 TI 1
637531716 TO 1
637532165 TI 6
670378032 TO 6
637563091 TI 5
637563972 TO 5
637564213 TI 1
670410032 TO 6
637582329 TI 6
637583000 TO 6
637583241 TI 1
671080039 TO 2
637601116 TI 6
637610032 TO 6
637610273 TI 1
671099193 TO 1
637628149 TI 6
637642032 TO 6
637642273 TI 1
671118022 TO 1
637660149 TI 6
637674032 TO 6
637674273 TI 1
671146032 TO 6
637692149 TI 6
637706032 TO 6
637706273 TI 1
671178032 TO 6
637724149 TI 6
637738032 TO 6
637738273 TI 1
671210032 TO 6
637756149 TI 6
637770032 TO 6
637770273 TI 1
671242032 TO 6
637788149 TI 6
637802032 TO 6
637802273 TI 1
671274032 TO 6
637820149 TI 6
637834032 TO 6
637834273 TI 1
671306032 TO 6
637852163 TI 6
637866222 TO 6
637866463 TI 5
671338032 TO 6
637884211 TI 1
637885252 TO 1
637885701 TI 6
671370032 TO 6
637914901 TI 1
637915702 TO 1
637916151 TI 6
671402032 TO 6
637946901 TI 1
637947702 TO 1
637948151 TI 6
671434222 TO 6
637978901 TI 1
637979702 TO 1
637980151 TI 6
671453252 TO 1
638010901 TI 1
638011702 TO 1
638012151 TI 6
671472039 TO 1
638042901 TI 1
638043702 TO 1
638044151 TI 6
671499072 TO 1
638074901 TI 1
638075702 TO 1
638076151 TI 6
671531072 TO 1
638106901 TI 1
638107702 TO 1
638108151 TI 6
671563072 TO 1
638138901 TI 1
638139702 TO 1
638140151 TI 6
671595072 TO 1
638170901 TI 1
638171716 TO 1
638172165 TI 6
671627072 TO 1
638203091 TI 5
638203972 TO 5
638204213 TI 1
671659072 TO 1
638222329 TI 6
638223000 TO 6
638223241 TI 1
671691072 TO 1
638241116 TI 6
638250032 TO 6
638250273 TI 1
671723086 TO 1
638268149 TI 6
638282032 TO 6
638282273 TI 1
671755342 TO 5
638300149 TI 6
638314032 TO 6
638314273 TI 1
671786032 TO 6
638332149 TI 6
638346032 TO 6
638346273 TI 1
671818032 TO 6
638364149 TI 6
638378032 TO 6
638378273 TI 1
671850032 TO 6
638396149 TI 6
638410032 TO 6
638410273 TI 1
671882032 TO 6
638428149 TI 6
638429450 TO 6
638429691 TI 2
671914032 TO 6
639100034 TI 4
639101333 TO 4
639101574 TI 3
671946032 TO 6
640419230 TI 4
641625399 TO 4
641625640 TI 2
671978032 TO 6
642294297 TI 4
643891790 TO 4
643892031 TI 3
672010032 TO 6
644842268 TI 2
645493795 TO 2
645494244 TI 3
672042032 TO 6
645879636 TI 4
646327044 TO 4
646327687 TI 1
672074222 TO 6
646345355 TI 5
646346024 TO 5
646346271 TI 1
672106842 TO 1
672108057 TI 5
672110785 TO 5
646365762 TI 6
646378032 TO 6
672138274 TI 1
646395702 TO 1
646396151 TI 6
646410032 TO 6
672170274 TI 1
646427702 TO 1
646428151 TI 6
646442032 TO 6
672202274 TI 1
646459702 TO 1
646460151 TI 6
646474032 TO 6
672234274 TI 1
646491702 TO 1
646492151 TI 6
646506032 TO 6
672266274 TI 1
646523702 TO 1
646524151 TI 6
646538032 TO 6
672298274 TI 1
646555702 TO 1
646556151 TI 6
646570032 TO 6
672330274 TI 1
646587702 TO 1
646588151 TI 6
646602032 TO 6
672362274 TI 1
646619702 TO 1
646620151 TI 6
646634032 TO 6
672394274 TI 1
646651716 TO 1
646652165 TI 6
646666222 TO 6
672424215 TI 4
646683972 TO 5
646684213 TI 1
646685252 TO 1
673625641 TI 2
646703000 TO 6
646703241 TI 1
646704039 TO 1
674663011 TI 4
646730032 TO 6
646730273 TI 1
646731072 TO 1
677477666 TI 4
646762032 TO 6
646762273 TI 1
646763072 TO 1
678797062 TI 4
646794032 TO 6
646794273 TI 1
646795072 TO 1
679670223 TI 1
646826032 TO 6
646826273 TI 1
646827072 TO 1
679690274 TI 1
646858032 TO 6
646858273 TI 1
646859072 TO 1
679722274 TI 1
646890032 TO 6
646890273 TI 1
646891072 TO 1
679754274 TI 1
646922032 TO 6
646922273 TI 1
646923072 TO 1
679786274 TI 1
646954032 TO 6
646954273 TI 1
646955086 TO 1
679818274 TI 1
646986222 TO 6
646986463 TI 5
646987342 TO 5
679850274 TI 1
647005252 TO 1
647005701 TI 6
647018032 TO 6
679882274 TI 1
647035702 TO 1
647036151 TI 6
647050032 TO 6
679914274 TI 1
647067702 TO 1
647068151 TI 6
647082032 TO 6
679946274 TI 1
647099702 TO 1
647100151 TI 6
647114032 TO 6
679978464 TI 5
647131702 TO 1
647132151 TI 6
647146032 TO 6
679997703 TI 6
647163702 TO 1
647164151 TI 6
647178032 TO 6
680016491 TI 6
647195702 TO 1
647196151 TI 6
647210032 TO 6
680687726 TI 1
647227702 TO 1
647228151 TI 6
647242032 TO 6
680706979 TI 6
647259702 TO 1
647260151 TI 6
647274032 TO 6
680725767 TI 6
647291716 TO 1
647292165 TI 6
647306222 TO 6
680747522 TI 6
647323972 TO 5
647324213 TI 1
647325252 TO 1
680779522 TI 6
647343000 TO 6
647343241 TI 1
647344039 TO 1
680811522 TI 6
647370032 TO 6
647370273 TI 1
647371072 TO 1
680843522 TI 6
647402032 TO 6
647402273 TI 1
647403072 TO 1
680875522 TI 6
647434032 TO 6
647434273 TI 1
647435072 TO 1
680907522 TI 6
647466032 TO 6
647466273 TI 1
647467072 TO 1
680939522 TI 6
647498032 TO 6
647498273 TI 1
647499072 TO 1
680971536 TI 6
647530032 TO 6
647530273 TI 1
647531072 TO 1
681003584 TI 1
647562032 TO 6
647562273 TI 1
647563072 TO 1
681034274 TI 1
647594032 TO 6
647594273 TI 1
647595086 TO 1
681066274 TI 1
647626222 TO 6
647626463 TI 5
647627342 TO 5
681098274 TI 1
647645252 TO 1
647645701 TI 6
647658032 TO 6
681130274 TI 1
647675702 TO 1
647676151 TI 6
647690032 TO 6
681162274 TI 1
647707702 TO 1
647708151 TI 6
647722032 TO 6
681194274 TI 1
647739702 TO 1
647740151 TI 6
647754032 TO 6
681226274 TI 1
647771702 TO 1
647772151 TI 6
647786032 TO 6
681258274 TI 1
647803702 TO 1
647804151 TI 6
647818032 TO 6
681290274 TI 1
647835702 TO 1
647836151 TI 6
647850032 TO 6
681322464 TI 5
647867702 TO 1
647868151 TI 6
647882032 TO 6
681341703 TI 6
647899702 TO 1
647900151 TI 6
647914032 TO 6
681360491 TI 6
647931716 TO 1
647932165 TI 6
647946222 TO 6
681387522 TI 6
647963972 TO 5
647964213 TI 1
647965252 TO 1
681419522 TI 6
647983000 TO 6
647983241 TI 1
647984039 TO 1
681451522 TI 6
648010032 TO 6
648010273 TI 1
648011072 TO 1
681483522 TI 6
648029444 TO 6
648029685 TI 2
648681514 TO 2
681515522 TI 6
648700484 TO 1
648700725 TI 3
650001506 TO 3
681547522 TI 6
650020098 TO 5
650020345 TI 1
650021141 TO 1
681579522 TI 6
650039515 TO 6
650039756 TI 4
651225399 TO 4
681611536 TI 6
651893809 TO 2
651894458 TI 4
653491790 TO 4
681643584 TI 1
654425399 TO 3
654425640 TI 2
655077002 TO 2
681674274 TI 1
655479404 TO 3
655479853 TI 4
655948211 TO 4
681706274 TI 1
655966523 TO 1
655966764 TI 5
655967657 TO 5
681738274 TI 1
655985405 TO 6
655985646 TI 1
655986444 TO 1
681770274 TI 1
656010032 TO 6
656010273 TI 1
656011072 TO 1
681802274 TI 1
656042032 TO 6
656042273 TI 1
656043072 TO 1
681834274 TI 1
656074032 TO 6
656074273 TI 1
656075072 TO 1
681866274 TI 1
656106032 TO 6
656106273 TI 1
656107072 TO 1
681898274 TI 1
656138032 TO 6
656138273 TI 1
656139072 TO 1
681930274 TI 1
656170032 TO 6
656170273 TI 1
656171072 TO 1
681962464 TI 5
656202032 TO 6
656202273 TI 1
656203072 TO 1
681981703 TI 6
656234032 TO 6
656234273 TI 1
656235086 TO 1
682000491 TI 6
656266222 TO 6
656266463 TI 5
656267342 TO 5
682027522 TI 6
656285252 TO 1
656285701 TI 6
656298032 TO 6
682059522 TI 6
656315702 TO 1
656316151 TI 6
656330032 TO 6
682091522 TI 6
656347702 TO 1
656348151 TI 6
656362032 TO 6
682123522 TI 6
656379702 TO 1
656380151 TI 6
656394032 TO 6
682155522 TI 6
656411702 TO 1
656412151 TI 6
656426032 TO 6
682187522 TI 6
656443702 TO 1
656444151 TI 6
656458032 TO 6
682219522 TI 6
656475702 TO 1
656476151 TI 6
656490032 TO 6
682251536 TI 6
656507702 TO 1
656508151 TI 6
656522032 TO 6
682283584 TI 1
656539702 TO 1
656540151 TI 6
656554032 TO 6
683225641 TI 2
656571716 TO 1
656572165 TI 6
656586222 TO 6
684274135 TI 4
656603972 TO 5
656604213 TI 1
656605252 TO 1
687077666 TI 4
656623000 TO 6
656623241 TI 1
656624039 TO 1
688397062 TI 4
656650032 TO 6
656650273 TI 1
656651072 TO 1
689530200 TI 1
656682032 TO 6
656682273 TI 1
656683072 TO 1
689578274 TI 1
656714032 TO 6
656714273 TI 1
656715072 TO 1
689610274 TI 1
656746032 TO 6
656746273 TI 1
656747072 TO 1
690281097 TI 5
656778032 TO 6
656778273 TI 1
656779072 TO 1
690299452 TI 5
656810032 TO 6
656810273 TI 1
656811072 TO 1
690318276 TI 5
656842032 TO 6
656842273 TI 1
656843072 TO 1
690346274 TI 1
656874032 TO 6
656874273 TI 1
656875086 TO 1
690378274 TI 1
656906222 TO 6
656906463 TI 5
656907342 TO 5
690410274 TI 1
656925252 TO 1
656925701 TI 6
656938032 TO 6
690442274 TI 1
656955702 TO 1
656956151 TI 6
656970032 TO 6
690474274 TI 1
656987702 TO 1
656988151 TI 6
657002032 TO 6
690506274 TI 1
657019702 TO 1
657020151 TI 6
657034032 TO 6
690538274 TI 1
657051702 TO 1
657052151 TI 6
657066032 TO 6
690570274 TI 1
657083702 TO 1
657084151 TI 6
657098032 TO 6
690602274 TI 1
657115702 TO 1
657116151 TI 6
657130032 TO 6
690634464 TI 5
657147702 TO 1
657148151 TI 6
657162032 TO 6
690653703 TI 6
657179702 TO 1
657180151 TI 6
657194032 TO 6
690672491 TI 6
657211716 TO 1
657212165 TI 6
657226222 TO 6
690699522 TI 6
657243972 TO 5
657244213 TI 1
657245252 TO 1
690731522 TI 6
657263000 TO 6
657263241 TI 1
657264039 TO 1
690763522 TI 6
657290032 TO 6
657290273 TI 1
657291072 TO 1
690795522 TI 6
657322032 TO 6
657322273 TI 1
657323072 TO 1
690827522 TI 6
657354032 TO 6
657354273 TI 1
657355072 TO 1
690859522 TI 6
657386032 TO 6
657386273 TI 1
657387072 TO 1
690891522 TI 6
657418032 TO 6
657418273 TI 1
657419072 TO 1
690923536 TI 6
657450032 TO 6
657450273 TI 1
657451072 TO 1
690955584 TI 1
657482032 TO 6
657482273 TI 1
657483072 TO 1
690986274 TI 1
657514032 TO 6
657514273 TI 1
657515086 TO 1
691018274 TI 1
657546222 TO 6
657546463 TI 5
657547342 TO 5
691050274 TI 1
657565252 TO 1
657565701 TI 6
657578032 TO 6
691082274 TI 1
657595702 TO 1
657596151 TI 6
657610032 TO 6
691114274 TI 1
657628196 TO 1
657628437 TI 2
658280039 TO 2
691146274 TI 1
658299015 TO 5
658299256 TI 3
659600047 TO 3
691178274 TI 1
659618559 TO 1
659618806 TI 5
659619699 TO 5
691210274 TI 1
659637447 TO 6
659637688 TI 1
659638486 TO 1
691242274 TI 1
659658032 TO 6
659658273 TI 1
659659072 TO 1
691274464 TI 5
659690032 TO 6
659690273 TI 1
659691072 TO 1
691293703 TI 6
659722032 TO 6
659722273 TI 1
659723072 TO 1
691312491 TI 6
659754032 TO 6
659754273 TI 1
659755072 TO 1
691339522 TI 6
659786032 TO 6
659786273 TI 1
659787072 TO 1
691371522 TI 6
659818032 TO 6
659818273 TI 1
659819072 TO 1
691403522 TI 6
659850032 TO 6
659850273 TI 1
659851072 TO 1
691435522 TI 6
659882032 TO 6
659882273 TI 1
659883086 TO 1
691467522 TI 6
659914222 TO 6
659914463 TI 5
659915342 TO 5
691499522 TI 6
659933252 TO 1
659933701 TI 6
659946032 TO 6
691531522 TI 6
659963702 TO 1
659964151 TI 6
659978032 TO 6
691563536 TI 6
659995702 TO 1
659996151 TI 6
660010032 TO 6
691595584 TI 1
660027702 TO 1
660028151 TI 6
660042032 TO 6
691626274 TI 1
660059702 TO 1
660060151 TI 6
660074032 TO 6
691658274 TI 1
660091702 TO 1
660092151 TI 6
660106032 TO 6
691690274 TI 1
660123702 TO 1
660124151 TI 6
660138032 TO 6
691722274 TI 1
660155702 TO 1
660156151 TI 6
660170032 TO 6
691754274 TI 1
660187702 TO 1
660188151 TI 6
660202032 TO 6
691786274 TI 1
660219716 TO 1
660220165 TI 6
660234222 TO 6
691818274 TI 1
660251972 TO 5
660252213 TI 1
660253252 TO 1
691850274 TI 1
660271000 TO 6
660271241 TI 1
660272039 TO 1
691882274 TI 1
660298032 TO 6
660298273 TI 1
660299072 TO 1
692825641 TI 2
660330032 TO 6
660330273 TI 1
660331072 TO 1
693872265 TI 5
660362032 TO 6
660362273 TI 1
660363072 TO 1
693891501 TI 6
660394032 TO 6
660394273 TI 1
660395072 TO 1
693910289 TI 6
660426032 TO 6
660426273 TI 1
660427072 TO 1
693931522 TI 6
660458032 TO 6
660458273 TI 1
660459072 TO 1
693963522 TI 6
660490032 TO 6
660490273 TI 1
660491072 TO 1
693995522 TI 6
660522032 TO 6
660522273 TI 1
660523086 TO 1
694027522 TI 6
660554222 TO 6
660554463 TI 5
660555342 TO 5
694059522 TI 6
660573252 TO 1
660573701 TI 6
660586032 TO 6
694091522 TI 6
660603702 TO 1
660604151 TI 6
660618032 TO 6
